"grav";"catv";"sexe";"an_nais";"trajet";"voiture";"PL";"moto";"jour";"mois";"lum";"dep";"com";"agg";"casque";"gilet"
4;1;1;1958;5;0;0;0;25;3;1;"75";"75119";2;0;0
4;80;2;1998;2;0;0;0;25;3;1;"75";"75119";2;0;0
4;80;2;1988;1;0;0;0;25;3;1;"75";"75119";2;1;0
4;1;2;1982;1;1;0;0;25;3;1;"75";"75115";2;0;0
4;1;1;2006;5;0;0;0;19;9;1;"44";"44109";2;0;0
4;80;1;1984;0;1;0;0;18;9;1;"37";"37261";2;1;0
4;1;1;1950;5;1;0;0;25;3;1;"67";"67281";2;1;0
4;1;2;2008;5;0;0;0;1;5;2;"974";"97416";2;0;0
4;1;1;1937;0;1;0;0;1;5;1;"69";"69382";2;0;0
4;1;1;1980;0;1;0;0;26;3;1;"60";"60138";2;1;0
4;1;1;1992;1;1;0;0;25;3;2;"93";"93070";2;0;0
4;1;1;1987;0;1;0;0;24;3;3;"69";"69387";2;1;0
4;1;1;1984;5;0;0;1;23;3;1;"33";"33063";2;0;0
4;1;1;1993;5;1;0;0;24;3;1;"75";"75106";2;0;0
4;1;2;2007;2;1;0;0;24;3;1;"75";"75114";2;0;0
4;1;1;2003;5;1;0;0;24;3;1;"75";"75110";2;0;0
4;1;1;1943;5;1;0;0;14;8;1;"17";"17219";1;1;0
3;1;1;1973;5;1;0;0;23;3;1;"12";"12052";1;1;0
3;1;1;1961;3;1;0;0;6;8;1;"971";"97107";2;0;0
3;1;2;1964;5;0;0;0;21;3;1;"34";"34142";2;1;0
2;1;2;1948;5;0;0;0;24;3;1;"29";"29220";2;0;0
4;1;2;1981;0;1;0;0;15;3;1;"44";"44109";2;0;0
4;1;2;1999;0;1;0;0;14;3;3;"44";"44143";2;0;0
4;1;1;1991;0;1;0;0;12;3;3;"44";"44109";2;0;0
4;1;2;1975;0;1;0;0;22;3;2;"74";"74012";2;1;0
3;1;2;1964;1;1;0;0;19;9;1;"01";"01053";2;0;0
4;80;1;1980;1;0;0;0;19;9;2;"75";"75105";2;1;0
4;1;2;2006;2;0;0;1;19;9;1;"75";"75120";2;0;0
4;80;1;1997;5;1;0;0;19;9;1;"75";"75119";2;0;0
4;1;1;1970;5;1;0;0;19;9;1;"75";"75116";2;1;0
4;1;2;1993;1;0;0;0;19;9;1;"75";"75110";2;0;0
3;1;2;1996;5;1;0;0;19;9;1;"75";"75107";2;0;0
4;80;1;1955;5;1;0;0;19;9;2;"75";"75103";2;1;0
4;1;2;1977;0;0;0;0;12;2;1;"69";"69388";2;1;0
3;1;1;2001;5;1;0;0;20;9;2;"01";"01179";2;0;0
3;1;1;1977;5;1;0;0;18;7;1;"14";"14734";1;1;0
4;1;1;1963;5;1;0;0;1;5;1;"971";"97113";1;1;0
4;1;1;1940;0;1;0;0;25;6;1;"38";"38421";2;0;0
3;1;1;1942;5;1;0;0;30;5;1;"13";"13056";2;0;0
3;1;1;2009;2;0;1;0;18;9;1;"974";"97411";2;0;0
3;1;1;1989;5;0;0;0;1;5;1;"76";"76131";2;1;0
3;80;2;1992;0;1;0;0;1;5;1;"49";"49007";2;0;0
4;1;1;1985;0;1;0;0;17;9;1;"72";"72181";2;1;0
4;1;1;1995;0;1;0;0;18;9;1;"67";"67482";2;0;0
3;1;2;1984;0;1;0;0;1;5;1;"35";"35238";2;0;0
2;1;2;1954;0;0;1;0;18;9;1;"59";"59183";2;0;0
4;1;1;1971;0;1;0;0;1;5;1;"25";"25056";2;0;0
4;1;2;1958;0;1;0;0;12;9;1;"54";"54265";2;0;0
4;1;2;1987;9;1;0;0;18;9;1;"33";"33063";2;0;0
4;1;1;1974;1;1;0;0;17;9;1;"29";"29019";2;1;1
3;1;1;1954;0;0;0;1;18;9;1;"13";"13001";2;0;0
4;1;2;1948;5;1;0;0;18;9;1;"75";"75116";2;0;0
2;1;2;1945;5;1;0;0;7;8;1;"86";"86194";2;0;0
4;80;2;1968;0;1;0;0;18;9;1;"75";"75116";2;0;0
3;1;1;1964;5;1;0;0;25;10;1;"12";"12044";1;1;0
4;1;2;1988;9;0;0;0;18;9;1;"75";"75115";2;1;0
2;80;1;1963;5;0;0;0;24;10;2;"46";"46234";1;0;0
4;1;1;1962;0;1;0;0;13;8;2;"84";"84007";1;0;0
4;1;1;1974;9;1;0;0;13;8;1;"82";"82033";2;0;0
3;1;1;1973;5;1;0;0;1;5;1;"987";"98715";2;1;0
3;1;1;1970;1;1;0;0;20;3;1;"89";"89257";2;1;0
3;1;1;1992;5;1;0;0;29;4;1;"01";"01397";2;1;0
3;1;1;1992;5;1;0;0;1;5;1;"69";"69191";2;1;0
4;1;2;1998;1;0;0;0;13;2;3;"74";"74010";2;0;0
4;1;1;1998;0;1;0;0;13;8;1;"35";"35051";2;0;0
4;1;1;1997;1;0;0;1;13;8;1;"35";"35238";2;0;0
4;1;1;1941;0;1;0;0;30;4;1;"85";"85191";2;0;0
4;1;1;1998;1;0;0;0;30;4;1;"67";"67482";2;0;0
4;1;2;2001;5;0;1;0;30;4;1;"67";"67482";2;1;0
4;1;1;1967;1;1;0;0;13;8;1;"75";"75117";2;1;0
4;1;1;2004;0;1;0;0;29;4;1;"67";"67447";2;0;0
4;1;1;1988;1;0;0;0;30;4;1;"59";"59350";2;1;0
4;1;1;2005;3;0;0;0;30;4;3;"56";"56260";2;0;0
4;1;1;1998;3;1;0;0;12;8;1;"92";"92025";2;0;0
3;1;1;1969;5;1;0;0;14;8;1;"34";"34276";1;1;0
3;1;1;1999;5;0;0;0;12;8;1;"62";"62405";2;1;0
3;80;2;1976;5;0;0;0;13;8;1;"19";"19269";2;0;0
3;1;2;1974;1;1;0;0;12;8;1;"47";"47106";2;1;0
3;1;1;1966;5;1;0;0;14;8;1;"38";"38444";2;1;0
4;1;2;1969;0;0;0;0;19;4;1;"10";"10333";2;0;0
4;1;1;2011;5;1;0;0;27;4;1;"02";"02722";2;0;0
4;1;1;1974;9;0;0;0;30;4;3;"75";"75105";2;0;0
4;1;1;2004;9;0;0;0;30;4;3;"75";"75105";2;0;0
4;1;1;2006;0;1;0;0;30;4;1;"75";"75120";2;0;0
3;1;2;2001;9;1;0;0;30;4;1;"75";"75120";2;0;0
4;1;2;1985;5;0;1;0;29;4;1;"75";"75114";2;0;0
4;1;1;1994;0;1;0;0;29;4;1;"75";"75112";2;0;0
4;1;1;1978;5;0;0;1;12;8;1;"69";"69028";2;0;0
4;1;1;1972;1;1;0;0;22;7;1;"49";"49298";2;0;1
3;1;1;2001;1;0;1;0;14;8;1;"14";"14488";2;0;0
4;1;1;1953;0;1;0;0;12;8;1;"973";"97302";2;0;0
4;1;1;1976;5;1;0;0;11;8;1;"972";"97209";2;1;0
4;1;1;1956;0;1;0;0;7;8;1;"84";"84007";2;0;0
4;1;1;1970;0;1;0;0;12;8;1;"69";"69290";2;1;0
4;1;2;1970;0;1;0;0;12;8;1;"59";"59599";2;0;0
4;1;2;1975;5;1;0;0;11;8;1;"56";"56162";2;1;0
4;1;1;1990;0;1;0;0;11;8;1;"51";"51454";2;0;0
4;1;1;1980;0;1;0;0;11;8;3;"29";"29039";2;0;0
4;1;1;1958;0;1;0;0;10;7;1;"93";"93066";2;0;0
4;1;1;2002;0;1;0;0;10;7;1;"92";"92012";2;0;0
4;1;1;1996;1;1;0;0;12;2;3;"49";"49007";2;0;0
4;1;1;1981;5;0;0;0;12;2;3;"75";"75115";2;1;1
4;1;2;2004;2;0;0;0;12;2;1;"75";"75104";2;0;0
4;1;1;2000;5;1;0;0;12;2;1;"92";"92040";2;1;0
4;1;1;1952;0;1;0;0;6;6;1;"971";"97101";1;0;0
3;80;1;1967;5;0;0;0;12;2;1;"11";"11190";2;1;0
4;1;2;1958;5;1;0;0;12;2;1;"68";"68154";2;0;0
3;1;1;1978;1;1;0;0;1;2;3;"59";"59611";1;0;1
4;80;1;1997;9;1;0;0;7;6;3;"67";"67482";2;0;0
3;1;2;1994;0;1;0;0;11;2;3;"69";"69386";2;0;0
2;1;1;1993;0;1;0;0;10;2;3;"59";"59350";2;0;0
4;1;1;2004;5;1;0;0;6;6;2;"51";"51474";2;0;0
4;1;1;1970;5;1;0;0;6;6;1;"50";"50532";2;1;0
4;1;1;1976;1;1;0;0;6;6;1;"50";"50129";2;0;0
4;1;2;1971;1;1;0;0;7;6;1;"45";"45286";2;1;0
4;80;1;2002;0;1;0;0;7;6;1;"38";"38179";2;0;0
4;80;1;2000;2;1;0;0;7;6;1;"35";"35238";2;1;0
4;80;1;2004;5;0;0;0;11;2;3;"75";"75110";2;0;0
3;80;2;1988;9;0;0;0;6;6;3;"33";"33063";2;0;0
4;80;1;2003;5;1;0;0;11;2;3;"75";"75108";2;0;0
3;1;2;1970;1;1;0;0;23;10;1;"53";"53097";2;0;0
4;1;2;1988;1;0;0;0;7;6;1;"75";"75110";2;0;0
4;1;2;1978;3;1;0;0;24;10;1;"89";"89257";2;0;0
3;1;1;1991;1;0;0;0;7;6;1;"75";"75107";2;1;0
4;80;1;1999;9;0;0;0;7;6;3;"75";"75107";2;0;0
4;80;1;1996;9;1;0;0;7;6;1;"94";"94002";2;0;0
3;1;1;2005;5;0;0;0;7;6;2;"93";"93055";2;0;0
4;1;1;1985;3;1;0;0;10;2;2;"59";"59125";2;1;0
4;1;1;1964;0;1;0;0;7;6;1;"92";"92051";2;1;0
3;1;1;2014;5;1;0;0;8;6;1;"47";"47145";2;0;0
3;1;1;1943;5;1;0;0;6;6;1;"33";"33335";1;1;0
4;1;2;1969;0;0;0;0;16;10;1;"69";"69387";2;0;0
4;1;1;1977;1;0;0;0;22;10;3;"87";"87085";2;1;0
3;1;1;1975;0;1;0;0;12;10;2;"83";"83129";2;0;0
4;1;1;2005;0;1;0;0;23;10;3;"76";"76351";2;1;0
4;80;1;1982;9;0;0;0;8;6;3;"65";"65370";1;1;0
3;1;1;1961;5;1;0;0;30;11;1;"2B";"2B242";1;0;0
3;1;1;2007;0;1;0;0;22;10;1;"38";"38185";2;1;0
4;1;2;2000;9;0;0;0;23;10;1;"75";"75112";2;1;0
4;1;2;1968;9;0;0;0;23;10;1;"75";"75112";2;0;0
4;1;1;2004;1;0;0;0;23;10;1;"75";"75103";2;0;0
4;80;2;1976;0;0;0;0;23;10;1;"92";"92040";2;1;0
4;1;1;2020;5;1;0;0;23;10;1;"92";"92002";2;0;0
4;1;1;2008;5;1;0;0;21;10;2;"33";"33015";1;0;0
4;1;1;1935;5;0;0;1;22;3;1;"34";"34003";2;0;0
4;1;1;1991;9;1;0;0;23;3;3;"75";"75115";2;0;0
4;1;1;2004;1;1;0;0;22;3;1;"75";"75114";2;0;0
4;1;2;1996;9;1;0;0;23;3;2;"75";"75107";2;0;0
3;1;1;1943;5;0;0;0;10;7;1;"65";"65126";2;0;0
4;1;1;1999;0;1;0;0;23;3;1;"93";"93063";2;0;0
4;1;1;2011;5;1;0;0;11;7;1;"68";"68338";1;1;0
3;1;1;1982;0;0;0;1;22;3;2;"34";"34270";2;0;0
4;1;1;1971;5;1;0;0;24;3;1;"60";"60253";1;1;1
4;1;1;1964;5;1;0;0;24;3;1;"60";"60253";1;1;1
4;1;1;1992;5;1;0;0;11;7;1;"13";"13059";1;1;0
3;1;1;1967;5;0;0;0;23;3;1;"22";"22282";1;1;0
4;1;2;1994;1;1;0;0;22;3;1;"69";"69387";2;0;0
4;1;1;1983;1;1;0;0;22;3;1;"69";"69149";2;0;0
3;1;1;2003;1;0;0;0;9;7;1;"62";"62128";2;0;0
4;1;1;2001;4;0;0;0;22;3;3;"971";"97107";2;1;0
4;1;2;1985;0;1;0;0;1;7;2;"44";"44109";2;0;0
4;1;1;1975;0;1;0;0;22;3;1;"74";"74010";1;0;0
4;1;1;1984;0;1;0;0;22;3;1;"72";"72181";2;1;0
4;80;1;2007;5;1;0;0;21;3;1;"50";"50129";2;0;0
4;1;1;1974;1;1;0;0;22;3;1;"45";"45284";2;1;0
4;1;1;2011;2;1;0;0;22;3;1;"41";"41295";2;0;0
3;1;1;1975;5;1;0;0;22;3;3;"35";"35238";2;1;1
4;1;2;2000;1;1;0;0;9;7;1;"59";"59350";2;0;0
4;1;1;1948;3;1;0;0;9;7;1;"56";"56260";2;0;0
4;1;1;1995;9;1;0;0;22;3;1;"25";"25056";2;1;0
4;1;1;2015;0;1;0;0;9;7;1;"51";"51454";2;0;0
2;1;1;1947;0;0;1;0;22;3;1;"21";"21231";2;0;0
4;1;2;1966;5;1;0;0;21;3;1;"18";"18279";2;0;0
4;1;2;2005;5;0;0;0;22;3;3;"75";"75117";2;0;0
4;1;1;1985;1;1;0;0;22;3;1;"75";"75116";2;0;0
4;1;1;1987;1;0;0;0;21;3;1;"75";"75114";2;1;0
4;1;2;1995;2;0;0;0;21;3;1;"75";"75114";2;0;0
3;1;1;1949;0;1;0;0;9;7;1;"07";"07102";2;0;0
4;1;1;1959;0;1;0;0;9;7;1;"06";"06069";2;0;0
4;1;1;1999;9;1;0;0;18;9;1;"75";"75111";2;0;0
4;1;1;2001;1;1;0;0;28;10;3;"88";"88487";2;0;1
4;80;1;1955;9;1;0;0;9;7;1;"75";"75117";2;0;0
4;1;1;1972;9;1;0;0;9;7;1;"75";"75116";2;0;0
4;1;2;1978;0;1;0;0;26;11;1;"44";"44109";2;0;0
4;1;1;1966;5;0;0;0;18;9;3;"93";"93048";2;0;0
4;1;2;1993;1;1;0;0;9;7;1;"75";"75113";2;0;0
4;1;2;1998;1;1;0;0;19;12;1;"69";"69270";1;0;1
4;1;2;1967;5;0;0;0;18;9;1;"92";"92012";2;1;0
4;1;2;1964;9;1;0;0;9;7;3;"75";"75110";2;0;0
4;1;2;1957;1;0;0;0;9;7;1;"75";"75101";2;1;0
4;1;1;2005;5;1;0;0;9;7;1;"93";"93055";2;0;0
4;1;1;1955;9;1;0;0;9;7;1;"93";"93007";2;0;0
3;1;1;2000;1;0;1;0;19;9;1;"85";"85089";1;1;0
2;1;1;1961;5;0;0;0;7;7;1;"2B";"2B251";2;1;0
4;1;1;1990;5;0;0;1;19;9;1;"14";"14231";1;1;0
3;1;1;1956;5;1;0;0;18;9;1;"30";"30240";1;0;0
3;1;1;1975;5;0;0;0;18;9;1;"95";"95625";2;1;1
4;1;1;1953;5;1;0;0;29;11;1;"29";"29195";1;1;0
4;1;1;1979;1;0;0;0;28;11;1;"04";"04049";2;1;0
2;1;1;1962;5;0;1;0;3;7;1;"13";"13209";2;0;0
4;80;1;1964;9;1;0;0;17;9;1;"974";"97407";2;1;0
4;1;1;2017;5;1;0;0;16;9;1;"87";"87085";2;1;0
4;1;2;1990;5;0;0;0;30;4;1;"92";"92024";2;0;0
4;1;1;2004;0;1;0;0;28;11;1;"78";"78133";2;1;0
3;1;1;1998;3;1;0;0;17;9;1;"70";"70550";2;1;1
2;1;1;1963;5;0;0;0;30;4;1;"19";"19117";1;1;0
3;80;1;1969;5;0;0;0;30;4;1;"65";"65247";2;1;0
4;1;1;1985;0;1;0;0;29;11;3;"67";"67482";2;0;0
4;1;1;1971;0;1;0;0;17;9;1;"59";"59350";2;1;0
4;1;2;1978;0;0;0;0;17;9;1;"59";"59378";2;0;0
4;1;1;2005;0;0;1;0;16;9;1;"54";"54395";2;1;0
4;80;2;1967;0;1;0;0;29;11;1;"64";"64335";1;1;0
4;80;1;1986;5;1;0;0;30;4;1;"14";"14480";1;0;0
4;1;1;1973;5;1;0;0;13;9;1;"50";"50129";2;1;0
3;1;2;1961;5;1;0;0;28;11;1;"60";"60159";2;0;0
4;1;1;1970;0;1;0;0;29;11;2;"59";"59008";1;1;0
3;1;1;1981;5;1;0;0;17;9;1;"35";"35115";2;1;0
4;1;1;2011;5;0;0;0;17;9;1;"29";"29232";2;0;0
4;1;1;1989;1;0;0;0;29;11;2;"35";"35238";2;1;0
4;1;1;1952;5;1;0;0;17;9;1;"19";"19031";2;1;0
4;1;1;1994;0;1;0;0;28;11;3;"33";"33119";2;0;0
4;1;1;1948;3;1;0;0;29;11;1;"31";"31555";2;0;0
4;1;1;2008;0;0;0;0;17;9;1;"07";"07281";2;0;0
4;80;2;1987;5;1;0;0;29;11;1;"14";"14366";2;1;0
3;1;1;1983;1;1;0;0;29;11;1;"14";"14167";1;0;0
4;1;1;1990;5;0;0;0;17;9;2;"75";"75117";2;0;0
4;1;1;1987;5;0;0;0;17;9;2;"75";"75117";2;0;0
4;80;2;2001;5;0;0;1;16;9;1;"75";"75114";2;0;0
4;1;1;2001;5;0;0;0;17;9;3;"75";"75109";2;0;0
4;1;1;1967;1;0;0;1;17;9;1;"75";"75101";2;0;0
4;80;1;1988;9;1;0;0;12;8;1;"75";"75118";2;0;0
4;1;2;1991;1;1;0;0;12;8;1;"75";"75108";2;1;0
4;1;1;2003;1;0;0;0;29;11;1;"75";"75114";2;0;0
4;1;2;1994;1;0;0;1;12;8;3;"75";"75102";2;0;0
3;80;1;1941;5;1;0;0;28;4;1;"76";"76351";2;1;0
4;1;2;1988;0;1;0;0;17;9;1;"94";"94069";2;1;0
4;80;1;1999;5;0;0;1;29;11;3;"75";"75108";2;0;0
4;1;2;1974;5;1;0;0;12;8;1;"93";"93001";2;0;0
4;1;1;1994;9;0;0;0;28;11;3;"75";"75103";2;0;0
4;1;1;2003;1;1;0;0;29;4;1;"59";"59041";2;0;1
4;1;1;2002;0;1;0;0;1;8;3;"92";"92023";2;0;0
4;1;1;2009;0;1;0;0;29;11;1;"93";"93071";2;0;0
2;1;1;2001;5;1;0;0;13;8;1;"35";"35165";1;1;0
4;1;1;1957;5;0;0;0;26;4;1;"56";"56121";2;0;0
4;1;2;1986;4;1;0;0;29;4;1;"49";"49015";2;0;0
4;1;1;2003;0;0;0;0;29;4;1;"38";"38185";2;0;0
4;1;1;2007;5;1;0;0;29;3;3;"37";"37214";2;0;0
4;1;1;1997;5;1;0;0;12;8;1;"62";"62044";1;1;0
2;1;2;1944;5;0;0;0;13;8;1;"89";"89380";2;1;0
4;80;2;1980;5;1;0;0;29;4;1;"75";"75117";2;1;0
4;1;1;1947;3;1;0;0;1;8;1;"25";"25315";2;0;0
3;1;2;1999;0;0;0;0;29;4;1;"75";"75111";2;0;0
4;1;1;1956;5;1;0;0;13;8;1;"44";"44019";1;1;0
3;1;1;1994;5;1;0;0;13;8;2;"66";"66218";1;1;0
4;1;1;1967;3;0;0;0;29;4;1;"93";"93077";2;0;0
2;1;2;1945;5;1;0;0;10;8;1;"72";"72310";1;0;0
4;80;1;1981;9;1;0;0;25;4;1;"92";"92024";2;0;0
4;1;1;1966;5;1;0;0;13;8;1;"16";"16393";1;1;0
4;1;1;2007;5;1;0;0;29;11;2;"53";"53062";2;0;0
4;1;1;1956;5;0;0;0;14;7;1;"73";"73116";1;1;0
3;1;1;2004;3;1;0;0;30;4;1;"85";"85280";1;0;0
3;1;1;1998;1;1;0;0;29;4;1;"78";"78442";2;0;0
4;1;1;1979;1;1;0;0;12;8;2;"988";"98818";2;0;0
3;1;1;1988;5;1;0;0;27;4;1;"67";"67348";2;1;0
2;1;1;1963;5;0;0;0;30;4;1;"22";"22390";1;1;0
3;1;2;1992;5;1;0;0;11;8;1;"69";"69202";2;1;0
4;1;1;1984;5;0;0;0;11;8;1;"76";"76212";2;1;0
4;1;2;1994;9;1;0;0;10;8;2;"75";"75117";2;0;0
4;1;1;1975;5;0;0;0;11;8;1;"75";"75110";2;0;0
4;80;1;1994;1;0;0;0;11;8;1;"75";"75110";2;0;0
4;1;2;1982;9;1;0;0;10;8;1;"92";"92012";2;1;0
4;1;1;1987;5;1;0;0;9;8;1;"55";"55013";1;1;0
3;1;1;1963;5;1;0;0;11;8;1;"52";"52550";2;1;0
3;1;1;1963;5;1;0;0;10;8;1;"13";"13058";1;1;0
4;1;1;1982;0;1;0;0;23;4;1;"44";"44109";2;0;0
4;1;2;1974;0;0;0;0;22;4;1;"44";"44109";2;0;0
4;1;2;2001;1;1;0;0;29;10;1;"2B";"2B313";2;0;0
4;1;2;1955;5;1;0;0;28;9;1;"2B";"2B298";2;1;0
4;1;1;1959;5;1;0;0;31;12;1;"88";"88068";2;1;0
3;1;1;1952;5;1;0;0;11;9;1;"84";"84072";1;1;0
3;1;1;1971;5;1;0;0;28;8;1;"84";"84030";2;1;0
4;80;2;2006;5;1;0;0;10;2;1;"35";"35055";2;1;0
4;1;2;1989;5;1;0;0;10;2;1;"33";"33063";2;1;0
4;1;2;1968;5;1;0;0;10;2;1;"14";"14118";2;1;1
3;1;1;1999;5;0;0;0;10;2;3;"75";"75117";2;0;0
4;1;1;1991;1;1;0;0;10;2;3;"75";"75108";2;1;0
3;1;1;1941;5;1;0;0;8;11;1;"43";"43012";2;1;0
4;1;1;1973;1;1;0;0;9;2;2;"92";"92004";2;0;0
4;1;1;1960;5;1;0;0;16;12;1;"38";"38544";2;1;0
4;1;1;1962;5;0;0;0;15;11;2;"38";"38516";2;0;0
2;1;1;1946;5;0;0;0;11;2;1;"56";"56034";1;1;0
3;1;2;1956;5;1;0;0;6;11;1;"32";"32319";2;0;0
3;1;2;1959;9;1;0;0;29;11;1;"34";"34108";2;1;0
4;1;1;2004;0;1;0;0;6;12;3;"35";"35281";2;0;0
2;1;1;1987;4;0;1;0;9;2;1;"69";"69387";2;0;0
3;1;1;1961;5;1;0;0;25;10;1;"81";"81002";1;1;0
4;1;1;1998;1;1;0;0;9;2;3;"72";"72181";2;1;0
4;1;1;2004;4;1;0;0;8;2;3;"72";"72181";2;1;1
4;1;1;1961;0;0;0;0;8;2;1;"71";"71076";2;1;0
3;1;1;1950;0;0;1;0;8;2;1;"69";"69029";2;0;0
3;1;2;1993;9;1;0;0;9;2;1;"67";"67482";2;0;0
4;1;1;1976;1;1;0;0;9;2;1;"67";"67482";2;0;0
4;80;1;1994;4;1;0;0;9;2;1;"56";"56098";2;1;0
4;1;1;1983;1;1;0;0;9;2;3;"45";"45284";2;1;1
4;1;1;2020;0;1;0;0;5;6;1;"77";"77085";2;1;0
4;1;1;1980;5;0;0;0;3;2;1;"43";"43046";2;1;0
4;80;2;1949;9;1;0;0;6;6;1;"64";"64269";2;0;0
4;1;1;1963;5;1;0;0;6;6;1;"64";"64284";2;1;0
3;1;2;1941;5;1;0;0;20;9;1;"33";"33382";2;1;0
3;1;2;2015;5;1;0;0;23;10;1;"49";"49301";1;0;0
3;1;1;1967;5;1;0;0;5;6;1;"64";"64102";2;1;0
4;80;1;1972;0;1;0;0;5;6;1;"64";"64102";2;1;0
4;1;1;1990;5;1;0;0;5;6;1;"62";"62194";2;1;0
3;1;1;1974;5;1;0;0;6;6;1;"59";"59378";1;1;0
4;1;2;1980;1;1;0;0;5;6;1;"49";"49007";2;0;0
3;1;1;1961;5;1;0;0;3;6;1;"40";"40192";2;0;0
4;1;2;2001;1;1;0;0;9;2;1;"75";"75101";2;1;0
3;1;2;1938;5;1;0;0;5;6;1;"28";"28220";2;0;0
3;1;1;2014;5;1;0;0;22;10;1;"974";"97411";1;0;0
4;1;2;2005;0;0;0;0;22;10;1;"973";"97302";2;0;0
3;1;1;2015;5;1;0;0;5;6;1;"17";"17300";2;1;1
3;1;2;2014;5;1;0;0;5;6;1;"17";"17300";2;1;1
3;1;2;2014;5;1;0;0;5;6;1;"17";"17300";2;1;1
2;1;2;2014;5;1;0;0;5;6;1;"17";"17300";2;1;1
3;1;2;2013;5;1;0;0;5;6;1;"17";"17300";2;1;1
3;1;2;2013;5;1;0;0;5;6;1;"17";"17300";2;1;1
3;1;1;2013;5;1;0;0;5;6;1;"17";"17300";2;1;1
4;1;2;1998;1;1;0;0;21;10;1;"87";"87085";2;0;0
4;1;1;1988;1;0;0;0;6;6;1;"75";"75118";2;1;0
4;1;2;1999;1;1;0;0;5;6;1;"75";"75117";2;0;0
4;1;1;2000;5;0;0;1;6;6;1;"75";"75116";2;0;0
4;1;1;2000;9;1;0;0;6;6;1;"75";"75115";2;1;0
3;1;2;1995;1;0;0;0;5;6;3;"75";"75110";2;0;0
4;1;1;1996;9;0;0;1;6;6;1;"75";"75109";2;0;0
4;1;1;1992;1;0;1;0;6;6;1;"75";"75104";2;1;0
4;80;1;1980;1;0;0;0;5;6;1;"75";"75104";2;1;0
4;1;1;1979;0;1;0;0;21;10;1;"54";"54547";1;1;0
4;1;2;2002;1;1;0;0;21;10;1;"49";"49007";2;0;0
4;1;1;1937;3;1;0;0;15;6;1;"94";"94017";2;0;0
3;80;2;1992;5;0;0;0;5;6;1;"40";"40065";2;0;0
4;1;2;2002;0;0;0;1;22;10;1;"75";"75115";2;0;0
4;1;2;2001;5;0;0;1;21;10;1;"75";"75112";2;0;0
4;1;2;1994;0;1;0;0;22;10;1;"75";"75109";2;0;0
4;80;1;1985;4;1;0;0;22;10;1;"75";"75107";2;1;0
4;1;2;1993;5;0;1;0;7;6;1;"07";"07216";1;1;0
3;1;1;1977;1;1;0;0;6;6;1;"37";"37254";1;1;0
4;1;2;1996;0;1;0;0;21;10;3;"94";"94074";2;1;0
3;1;1;2010;2;1;0;0;6;6;1;"973";"97309";2;0;0
4;1;2;2000;9;0;1;0;22;10;1;"94";"94041";2;0;0
3;1;2;1953;3;1;0;0;6;6;1;"38";"38150";2;0;0
3;1;1;1969;5;1;0;0;7;6;1;"66";"66013";1;1;0
4;1;2;1986;0;1;0;0;22;10;1;"92";"92051";2;0;0
3;1;1;1974;5;0;0;0;7;6;1;"88";"88474";1;1;0
2;1;1;1950;5;1;0;0;7;6;1;"57";"57360";1;1;0
2;1;1;1964;5;1;0;0;22;10;1;"41";"41055";1;1;0
4;1;1;1967;5;0;1;0;22;10;1;"56";"56165";2;1;0
3;80;1;1958;0;1;0;0;6;6;1;"79";"79049";1;1;1
4;1;1;1961;0;1;0;0;20;10;1;"72";"72316";1;1;0
3;1;1;1966;5;1;0;0;7;6;1;"59";"59401";1;1;0
3;80;1;1994;1;0;1;0;23;10;1;"06";"06018";1;1;0
2;1;1;1971;5;0;0;0;22;10;1;"11";"11202";1;0;0
4;1;1;2004;5;1;0;0;21;7;1;"74";"74206";2;1;0
3;1;1;2000;5;1;0;0;21;7;1;"74";"74206";2;1;0
4;1;1;2004;5;1;0;0;9;8;3;"74";"74008";2;1;0
4;1;1;1991;5;0;0;0;10;8;1;"74";"74275";1;1;0
3;1;1;1983;1;1;0;0;22;3;1;"75";"75112";2;0;0
4;1;2;2019;5;1;0;0;21;3;1;"94";"94068";2;0;0
2;1;1;1972;0;0;0;1;21;3;3;"94";"94037";2;0;0
4;1;1;1970;5;0;0;0;22;3;3;"92";"92046";2;1;0
4;1;1;1999;1;1;0;0;21;3;1;"92";"92012";2;0;0
3;1;1;1953;5;0;0;0;23;3;1;"63";"63453";2;1;0
3;1;2;1992;5;1;0;0;21;3;2;"49";"49008";1;1;1
3;1;1;1953;5;0;0;1;22;3;1;"25";"25529";2;1;0
4;1;1;1953;5;1;0;0;10;7;1;"35";"35023";2;1;0
4;1;2;1971;1;1;0;0;9;7;2;"90";"90091";1;1;0
3;1;1;1949;5;0;0;0;9;7;1;"21";"21071";1;1;0
3;1;1;2019;5;1;0;0;6;7;1;"78";"78003";2;0;0
4;1;2;1952;5;1;0;0;9;7;1;"66";"66037";2;0;0
4;1;1;1957;5;0;0;1;20;3;2;"987";"98735";2;1;0
3;1;1;1973;5;1;0;0;10;7;1;"65";"65463";1;1;0
4;1;1;1967;0;1;0;0;21;3;1;"69";"69381";2;1;0
4;1;1;1966;5;1;0;0;20;3;1;"77";"77181";2;1;0
4;80;1;1990;0;0;0;0;21;3;1;"64";"64122";2;0;0
4;1;1;1981;5;1;0;0;21;3;1;"56";"56260";2;0;0
4;1;1;1992;1;1;0;0;21;3;1;"54";"54357";2;0;0
4;1;2;1965;1;0;0;0;21;3;1;"45";"45286";2;1;0
4;1;1;2017;5;1;0;0;7;7;1;"80";"80021";2;1;0
3;1;1;1948;0;1;0;0;21;3;1;"44";"44109";2;1;0
4;80;2;1990;2;1;0;0;21;3;1;"34";"34172";2;0;0
4;1;1;1989;0;0;0;0;8;7;1;"67";"67482";2;0;0
4;80;1;1964;5;0;0;0;8;7;1;"67";"67482";2;0;0
4;80;1;1994;4;1;0;0;21;6;1;"58";"58194";2;0;0
2;1;1;2011;5;0;0;0;20;3;1;"17";"17300";2;0;0
4;1;1;1967;5;0;0;0;7;7;1;"41";"41018";2;0;0
4;80;2;1962;1;0;0;0;21;3;1;"75";"75114";2;0;0
4;1;1;1972;1;0;0;1;21;3;1;"75";"75109";2;0;0
4;1;2;1991;1;1;0;0;8;7;1;"75";"75119";2;1;0
4;1;2;1989;0;1;0;0;21;3;1;"94";"94046";2;0;0
4;1;1;1988;1;1;0;0;21;3;1;"93";"93070";2;1;0
4;1;2;2004;5;0;0;0;8;7;1;"75";"75108";2;1;0
4;80;2;1981;1;0;0;0;8;7;1;"75";"75107";2;1;0
4;1;2;1989;5;0;0;0;7;7;3;"92";"92024";2;1;0
2;80;1;1960;5;1;0;0;9;7;1;"57";"57556";2;0;0
3;1;1;1963;5;0;0;0;4;7;1;"64";"64547";1;1;0
4;1;1;1976;5;0;0;0;4;7;1;"64";"64547";1;1;0
3;1;1;1981;5;1;0;0;8;7;1;"04";"04075";1;1;0
3;1;1;1934;9;1;0;0;9;7;1;"66";"66008";1;0;0
4;1;1;1963;5;0;0;1;9;7;1;"06";"06091";1;1;0
3;1;1;1971;5;1;0;0;9;7;1;"85";"85083";1;1;0
3;1;1;1994;5;1;0;0;8;7;1;"59";"59254";2;1;0
4;1;2;1964;0;1;0;0;17;9;1;"93";"93051";2;1;0
4;1;1;1981;1;0;0;1;17;9;1;"93";"93027";2;1;0
3;1;1;1961;5;0;0;0;18;9;1;"76";"76452";1;1;0
4;1;1;1949;5;1;0;0;18;9;1;"29";"29158";2;0;0
4;1;1;2011;2;0;0;0;18;9;1;"76";"76495";2;0;0
4;1;1;1977;1;1;0;0;17;7;1;"28";"28085";2;0;0
3;1;1;1968;5;0;0;1;19;7;1;"57";"57690";2;0;0
4;1;1;1969;0;1;0;0;16;9;1;"974";"97416";2;1;0
4;1;2;1993;0;0;1;0;16;9;1;"69";"69383";2;0;0
4;1;1;2000;0;1;0;0;15;9;1;"72";"72181";2;0;0
3;80;1;1965;5;1;0;0;16;9;1;"56";"56260";2;0;0
4;1;1;1985;1;0;0;0;28;4;2;"974";"97411";2;0;0
4;1;2;1964;1;0;0;0;16;9;1;"56";"56083";2;0;0
4;1;1;2012;5;1;0;0;27;4;3;"974";"97411";2;0;0
4;1;1;1998;1;1;0;0;27;11;1;"77";"77276";2;1;0
4;1;2;1966;1;1;0;0;28;11;3;"77";"77132";2;1;0
4;1;1;1940;0;1;0;0;27;4;1;"74";"74012";2;1;0
2;1;1;1966;0;0;0;0;8;9;2;"31";"31555";2;0;0
4;1;1;1975;5;0;0;0;28;4;1;"67";"67482";2;0;0
4;1;2;2008;5;0;0;1;14;9;1;"75";"75115";2;0;0
3;1;2;1997;1;0;0;0;16;9;1;"75";"75108";2;0;0
4;1;2;1947;5;0;0;0;16;9;1;"75";"75107";2;1;0
4;80;2;1979;1;0;0;0;16;9;1;"75";"75107";2;1;0
4;1;2;2004;1;1;0;0;28;11;1;"47";"47201";1;1;0
4;1;2;1983;0;0;0;1;16;9;1;"94";"94017";2;1;0
4;1;2;1964;1;1;0;0;28;11;1;"34";"34172";2;1;0
4;1;1;1993;0;0;0;0;16;9;1;"93";"93039";2;0;0
4;1;1;1979;2;1;0;0;16;9;1;"93";"93007";2;0;0
4;80;2;1996;5;0;0;0;28;4;1;"75";"75101";2;0;0
4;1;1;1965;0;1;0;0;28;11;3;"06";"06069";2;0;0
3;1;1;1939;5;1;0;0;28;11;1;"03";"03321";2;1;0
4;1;1;1994;0;1;0;0;16;9;1;"92";"92048";2;0;0
4;1;1;1999;9;1;0;0;28;11;1;"03";"03185";2;0;0
4;1;2;2000;1;1;0;0;28;11;1;"75";"75116";2;1;0
3;1;1;1978;5;1;0;0;27;4;1;"22";"22182";1;1;0
4;80;1;1992;9;1;0;0;28;11;2;"75";"75115";2;0;0
4;1;1;1941;5;0;0;0;28;11;1;"75";"75109";2;0;0
4;1;1;1969;5;1;0;0;17;9;1;"25";"25212";2;1;0
4;1;2;1943;5;0;0;0;28;11;1;"75";"75107";2;0;0
3;1;1;1965;5;1;0;0;28;4;1;"51";"51212";1;1;0
4;1;1;2004;5;1;0;0;17;9;1;"06";"06059";1;1;0
4;1;2;1990;0;0;0;0;28;11;2;"93";"93053";2;1;0
3;1;2;1956;5;1;0;0;16;9;1;"37";"37027";2;0;0
3;80;1;1960;5;1;0;0;9;8;1;"33";"33165";1;1;0
4;1;2;1993;5;1;0;0;10;8;1;"05";"05065";1;1;0
3;1;1;1942;5;1;0;0;27;11;1;"63";"63362";2;1;0
3;80;2;1990;5;0;0;0;28;4;1;"22";"22379";2;0;0
3;1;1;2000;1;1;0;0;29;11;2;"61";"61474";1;1;1
3;1;1;1951;5;0;1;0;12;8;1;"22";"22242";1;1;0
4;1;1;1960;5;1;0;0;28;11;2;"30";"30224";1;0;0
3;1;1;1959;5;1;0;0;28;11;2;"30";"30224";1;0;0
4;1;1;2006;5;0;0;1;27;4;3;"974";"97407";2;0;0
3;1;1;1954;5;1;0;0;26;5;1;"74";"74256";1;1;0
2;1;2;1972;1;0;1;0;21;5;1;"74";"74236";2;1;0
4;1;2;1964;0;1;0;0;10;8;1;"77";"77058";2;1;0
4;1;1;2004;5;0;0;0;27;4;1;"75";"75119";2;0;0
4;1;1;2016;9;0;0;0;26;4;1;"75";"75118";2;0;0
4;1;1;1972;1;0;0;1;27;4;1;"75";"75115";2;0;0
4;1;1;1970;5;1;0;0;10;8;1;"67";"67447";2;0;0
3;80;2;1954;5;1;0;0;10;8;1;"64";"64483";2;1;0
4;1;1;2005;5;1;0;0;10;8;1;"49";"49007";2;1;0
4;1;2;2003;1;1;0;0;10;8;1;"45";"45302";2;0;0
3;1;1;1966;5;1;0;0;10;8;1;"22";"22113";2;1;0
4;1;1;1968;0;1;0;0;10;8;1;"15";"15014";2;0;0
4;1;1;1973;0;1;0;0;10;8;1;"13";"13005";2;0;0
4;1;2;2000;9;1;0;0;10;8;1;"75";"75104";2;0;0
4;1;1;1986;5;1;0;0;10;8;1;"75";"75109";2;1;0
4;1;1;1988;5;0;0;1;10;8;3;"93";"93048";2;0;0
4;80;2;1967;0;1;0;0;10;8;1;"92";"92063";1;1;0
3;1;1;1979;1;1;0;0;10;8;2;"63";"63143";1;1;0
4;1;1;1997;0;1;0;0;19;11;1;"93";"93066";2;0;0
4;1;2;1989;0;1;0;0;9;2;1;"93";"93066";2;0;0
4;1;1;1987;0;1;0;0;9;2;1;"93";"93053";2;0;0
3;80;1;1940;5;1;0;0;9;8;1;"39";"39350";1;1;0
3;1;1;1976;5;1;0;0;10;8;3;"25";"25527";1;0;0
3;1;1;1959;5;0;0;0;9;8;1;"84";"84017";1;1;0
4;1;1;1974;9;0;1;0;9;2;1;"92";"92002";2;1;0
3;1;1;1995;5;1;0;0;11;8;1;"64";"64257";1;1;0
3;1;2;1970;1;1;0;0;9;2;1;"22";"22237";1;0;0
3;1;1;1963;5;1;0;0;11;8;1;"37";"37117";2;1;0
3;1;1;1955;5;0;0;0;11;8;1;"91";"91593";1;1;0
3;80;1;1963;0;1;0;0;23;11;1;"03";"03023";2;0;0
3;1;1;1996;0;0;0;0;11;8;1;"07";"07042";2;0;0
4;1;1;1966;5;1;0;0;9;8;1;"01";"01027";2;1;0
3;1;1;1963;5;1;0;0;10;2;1;"85";"85088";2;1;1
3;80;1;1961;5;1;0;0;27;12;1;"88";"88486";2;0;0
4;1;1;2008;0;1;0;0;6;2;1;"974";"97411";2;1;0
3;1;1;2001;5;0;0;0;26;12;1;"84";"84101";1;1;0
4;1;2;1961;1;1;0;0;7;2;2;"91";"91228";2;0;0
4;1;2;1984;0;1;0;0;22;11;2;"44";"44143";2;0;0
4;1;2;1973;0;1;0;0;13;11;3;"44";"44114";2;0;0
4;1;2;1995;0;0;0;0;23;8;1;"44";"44109";2;0;0
4;1;1;1988;0;1;0;0;7;8;1;"44";"44109";2;0;0
4;1;1;1992;0;1;0;0;2;7;1;"44";"44114";2;0;0
4;1;1;2009;2;1;0;0;8;2;3;"61";"61001";2;0;0
4;1;1;2002;9;0;0;0;8;2;2;"51";"51454";2;0;0
4;1;2;1982;4;1;0;0;8;2;1;"37";"37233";2;1;0
4;80;1;1961;0;1;0;0;8;2;1;"32";"32013";2;1;0
4;1;1;1990;0;1;0;0;21;11;3;"14";"14220";2;1;1
3;1;1;1947;5;1;0;0;8;2;1;"13";"13004";2;1;0
4;1;1;1976;0;1;0;0;21;11;1;"29";"29158";2;0;0
4;1;2;1954;0;1;0;0;2;5;1;"44";"44109";2;0;0
4;1;2;1973;1;0;0;0;8;2;1;"75";"75108";2;1;0
4;1;1;1993;1;1;0;0;18;12;3;"74";"74010";2;0;0
4;1;1;1981;0;1;0;0;21;10;1;"19";"19146";2;1;0
4;1;1;1984;0;1;0;0;23;5;1;"44";"44162";2;0;0
3;1;1;1981;1;1;0;0;9;2;3;"30";"30047";1;1;1
4;1;2;1971;0;1;0;0;18;5;1;"44";"44109";2;0;0
4;1;1;1994;0;1;0;0;2;6;1;"80";"80021";2;0;0
4;80;1;1969;1;1;0;0;5;6;1;"78";"78423";2;0;0
4;80;1;1955;5;0;0;0;5;6;1;"73";"73011";2;1;0
4;1;1;1969;5;1;0;0;5;6;1;"69";"69096";2;1;0
4;1;1;1997;5;1;0;0;4;6;1;"67";"67482";2;0;0
4;1;1;1957;0;1;0;0;5;6;1;"59";"59426";2;0;0
4;1;1;1991;0;0;0;0;4;6;1;"49";"49007";2;0;0
4;80;1;2002;9;1;0;0;5;6;3;"45";"45234";2;0;0
4;1;2;1970;1;0;0;0;21;10;2;"69";"69387";2;0;0
3;1;1;1962;0;1;0;0;3;10;1;"83";"83123";2;1;1
4;1;2;1968;0;1;0;0;5;6;1;"01";"01344";2;1;0
4;1;1;1985;9;1;0;0;5;6;1;"75";"75120";2;0;0
4;1;1;1969;5;0;0;0;19;10;1;"56";"56121";2;1;0
4;80;1;1938;5;0;0;0;18;10;1;"56";"56083";2;1;0
4;1;1;1990;5;1;0;0;20;10;1;"49";"49246";2;1;0
4;80;2;1974;1;1;0;0;21;10;1;"45";"45232";2;0;0
4;1;1;2015;5;1;0;0;21;10;1;"45";"45075";2;0;0
4;1;2;2000;2;1;0;0;21;10;1;"35";"35238";2;1;0
4;1;1;2006;0;0;0;0;21;10;3;"17";"17415";2;0;0
3;1;1;1967;5;1;0;0;4;6;1;"47";"47208";1;1;0
4;1;2;1999;1;1;0;0;21;10;1;"75";"75117";2;1;0
4;80;1;2007;2;0;0;1;21;10;2;"75";"75107";2;1;0
4;1;2;1982;5;0;0;0;21;10;1;"75";"75101";2;1;0
3;1;1;1949;5;0;0;0;6;6;1;"15";"15019";1;1;1
4;1;1;1980;1;0;1;0;21;10;1;"92";"92062";2;0;0
3;1;1;1944;5;1;0;0;6;6;1;"30";"30266";2;1;0
3;1;1;1938;5;1;0;0;22;10;1;"29";"29105";2;0;0
3;1;1;1989;5;0;0;1;5;6;1;"987";"98724";2;0;0
3;1;1;2001;5;1;0;0;5;6;1;"13";"13062";2;0;0
4;1;1;1969;1;0;0;1;22;10;2;"973";"97309";1;0;0
4;1;2;2015;2;1;0;0;30;5;1;"33";"33330";2;1;0
4;1;1;1964;0;1;0;0;4;6;2;"974";"97407";2;1;1
4;80;1;1971;0;0;0;0;4;6;3;"69";"69384";2;1;0
4;1;1;2004;5;0;1;0;19;10;2;"95";"95277";2;1;0
4;1;1;1961;0;1;0;0;19;10;1;"84";"84031";2;0;0
4;1;1;1995;9;1;0;0;19;10;2;"60";"60175";2;0;0
4;1;2;1999;0;1;0;0;20;10;3;"13";"13204";2;0;0
4;1;1;1972;5;0;0;0;20;10;1;"13";"13206";2;0;0
3;1;1;1957;5;0;1;0;4;10;1;"05";"05061";1;1;0
4;1;2;2003;9;1;0;0;20;10;3;"75";"75115";2;0;0
3;1;1;1972;5;1;0;0;20;3;1;"43";"43033";1;1;0
4;1;2;2006;5;1;0;0;20;3;1;"43";"43033";1;1;0
3;1;1;1950;0;1;0;0;18;3;1;"11";"11203";2;0;0
3;1;1;1956;5;0;0;0;21;3;1;"25";"25612";1;1;0
4;1;1;1983;5;1;0;0;20;3;1;"03";"03304";2;0;0
2;1;1;1957;5;0;0;0;21;3;1;"58";"58229";1;1;0
3;1;1;1963;5;1;0;0;21;3;1;"35";"35206";1;1;0
2;1;1;1986;5;1;0;0;21;3;1;"35";"35206";1;1;0
3;1;1;1961;5;1;0;0;21;3;1;"35";"35206";1;1;0
3;1;1;1958;5;0;0;0;22;3;1;"33";"33085";1;1;0
4;1;1;1968;5;1;0;0;21;3;1;"13";"13027";1;1;0
4;1;1;2007;2;1;0;0;18;3;1;"87";"87085";2;1;0
4;1;1;1951;0;0;0;0;17;3;1;"84";"84007";2;0;0
4;1;1;1995;9;1;0;0;20;3;3;"69";"69266";2;1;0
3;80;1;1998;1;1;0;0;20;3;2;"64";"64122";2;0;0
4;1;1;1958;0;0;0;0;7;7;1;"91";"91377";2;1;1
4;1;2;1954;5;0;1;0;20;3;1;"49";"49328";2;0;0
3;1;1;2007;2;0;0;0;20;3;1;"33";"33318";2;0;0
4;1;1;2004;5;1;0;0;7;7;2;"63";"63308";1;1;0
4;1;1;1993;9;1;0;0;20;3;1;"28";"28134";2;0;0
4;1;1;1948;9;1;0;0;19;3;1;"25";"25056";2;0;0
4;1;1;1944;5;0;0;0;7;7;1;"29";"29039";1;1;0
4;1;1;1977;5;0;0;0;20;3;2;"75";"75116";2;1;0
4;1;1;1994;5;0;0;0;20;3;2;"75";"75116";2;1;0
4;1;1;1963;5;0;0;0;17;3;1;"75";"75116";2;1;0
4;1;2;1997;5;0;0;0;7;7;1;"75";"75106";2;0;0
4;1;2;1992;9;1;0;0;20;3;1;"75";"75115";2;0;0
4;1;1;1974;1;0;0;0;20;3;1;"75";"75113";2;1;0
4;1;1;1972;1;0;0;0;20;3;1;"75";"75110";2;0;0
4;1;1;1987;1;0;0;0;20;3;1;"75";"75107";2;0;0
4;1;1;2001;9;0;0;1;20;3;2;"75";"75107";2;0;0
3;1;1;1981;5;0;0;0;7;7;1;"78";"78356";1;1;0
3;1;1;1948;5;1;0;0;20;3;1;"68";"68018";1;1;0
3;1;1;1982;5;0;0;0;19;3;2;"35";"35023";1;1;1
3;1;1;1967;5;0;0;0;21;3;1;"03";"03188";1;1;0
3;1;1;1985;5;1;0;0;21;3;1;"06";"06153";2;1;0
4;1;1;1992;5;1;0;0;21;3;1;"06";"06153";2;1;0
3;1;1;1976;5;0;0;0;7;7;1;"01";"01147";2;0;0
3;1;1;1961;5;0;1;0;8;7;1;"05";"05184";1;0;0
4;1;1;1997;5;1;0;0;7;7;1;"27";"27279";2;1;0
4;1;1;1968;0;1;0;0;28;4;1;"93";"93027";2;0;0
4;1;1;1996;0;0;0;0;30;6;3;"44";"44114";2;0;0
3;1;1;2010;5;1;0;0;16;4;1;"93";"93027";2;0;0
4;1;1;1995;1;1;0;0;29;3;1;"93";"93027";2;1;0
4;80;1;1963;1;1;0;0;23;3;3;"93";"93027";2;0;0
4;1;2;1950;0;1;0;0;6;7;1;"38";"38185";2;0;0
4;1;1;1975;0;1;0;0;15;9;1;"92";"92025";2;0;0
4;1;1;2012;2;1;0;0;28;11;3;"49";"49023";2;0;1
3;1;1;1984;5;0;0;0;15;9;1;"22";"22113";2;1;0
4;1;1;1997;4;0;0;0;15;9;1;"75";"75111";2;0;0
4;1;2;2002;0;1;0;0;10;6;1;"93";"93063";2;0;0
4;80;2;2005;5;1;0;0;15;9;3;"75";"75109";2;0;0
4;1;2;1955;5;1;0;0;14;9;1;"75";"75107";2;1;0
4;1;2;1963;5;0;0;0;15;9;1;"75";"75104";2;1;0
4;1;2;1962;0;0;0;0;15;9;1;"92";"92064";1;0;0
4;1;2;1993;0;0;0;0;27;11;2;"69";"69034";2;1;0
4;1;2;1977;5;1;0;0;14;9;1;"92";"92004";2;0;0
4;80;2;1965;5;0;0;0;26;11;2;"87";"87085";2;1;0
2;1;1;1956;0;1;0;0;16;9;1;"79";"79308";1;1;0
4;1;1;1991;1;1;0;0;27;11;1;"77";"77085";2;1;1
3;1;1;2013;5;1;0;0;26;11;1;"76";"76351";2;1;0
2;1;1;1939;5;1;0;0;14;9;1;"49";"49323";1;0;0
3;1;1;1965;0;1;0;0;27;4;1;"54";"54368";1;0;0
3;1;1;2014;5;0;0;0;31;8;1;"29";"29216";1;1;0
3;1;2;1966;5;0;0;0;31;8;1;"29";"29216";1;0;0
4;1;1;1951;5;1;0;0;8;9;1;"33";"33234";1;1;0
4;1;1;2002;1;1;0;0;26;4;3;"69";"69387";2;0;0
4;1;1;2003;5;1;0;0;26;11;3;"75";"75120";2;0;0
4;1;2;2007;2;1;0;0;27;11;1;"75";"75111";2;0;0
4;1;1;2001;1;1;0;0;26;4;1;"91";"91027";2;0;0
4;1;1;1974;0;1;0;0;16;9;2;"60";"60103";2;0;0
4;1;1;1977;5;0;0;0;27;11;1;"75";"75108";2;0;0
4;1;2;1996;5;0;0;0;26;11;3;"75";"75101";2;0;0
4;80;1;1987;0;0;0;1;4;7;1;"74";"74012";2;0;0
2;1;2;1971;5;0;1;0;26;6;1;"74";"74010";2;0;0
4;1;1;2008;5;1;0;0;25;4;1;"35";"35238";2;1;0
3;1;1;1949;5;1;0;0;27;11;1;"07";"07199";1;1;0
4;1;1;1968;1;1;0;0;26;4;1;"31";"31555";2;1;0
2;1;1;1968;5;0;0;1;27;11;3;"30";"30170";2;0;0
3;1;1;1949;0;0;0;0;26;4;1;"31";"31555";2;0;0
4;1;1;1959;0;1;0;0;9;8;2;"974";"97409";1;1;0
3;1;1;1977;0;1;0;0;27;11;2;"50";"50139";2;1;0
4;1;1;2002;0;1;0;0;9;8;1;"973";"97302";2;1;0
4;80;1;1947;5;1;0;0;26;4;1;"06";"06027";2;1;0
4;1;1;1966;0;1;0;0;7;8;1;"973";"97302";2;0;0
4;1;1;1997;0;1;0;0;9;8;1;"69";"69383";2;0;0
4;1;2;1990;9;1;0;0;26;4;1;"75";"75115";2;0;0
4;1;2;1985;1;1;0;0;26;4;1;"75";"75113";2;1;0
4;1;1;2000;5;0;0;0;25;4;3;"75";"75107";2;0;0
4;1;1;1993;9;1;0;0;26;4;3;"75";"75101";2;1;0
4;1;1;1973;5;1;0;0;3;8;1;"91";"91064";1;0;0
4;1;1;1949;5;1;0;0;26;4;1;"94";"94048";2;0;0
4;80;2;1985;0;1;0;0;25;4;1;"92";"92036";2;1;0
4;1;1;1971;5;1;0;0;6;8;1;"78";"78418";2;1;0
3;1;1;1994;1;0;1;0;24;4;1;"987";"98734";1;0;0
4;1;1;1996;5;1;0;0;9;8;1;"64";"64102";2;1;0
3;1;1;2005;5;1;0;0;5;8;1;"57";"57221";2;1;0
4;1;2;1993;0;1;0;0;9;8;1;"27";"27229";2;1;0
4;1;1;2000;1;1;0;0;6;8;1;"15";"15014";2;0;0
4;1;1;1986;1;1;0;0;9;8;1;"10";"10387";2;0;0
4;1;1;1965;1;1;0;0;7;2;1;"91";"91122";2;1;0
4;1;1;2006;5;1;0;0;6;8;1;"09";"09207";2;0;0
4;1;1;1991;0;1;0;0;19;1;3;"44";"44109";2;0;0
4;1;1;1963;5;0;1;0;8;8;3;"75";"75106";2;1;0
4;1;1;1967;0;1;0;0;18;1;1;"44";"44109";2;0;0
4;80;1;1998;5;0;0;0;9;8;1;"75";"75114";2;1;0
4;1;1;2004;5;0;0;0;9;8;1;"75";"75110";2;1;0
4;1;1;1960;5;1;0;0;7;2;3;"76";"76540";2;1;0
4;80;1;1991;5;0;0;0;9;8;1;"75";"75108";2;1;0
4;1;1;1969;1;1;0;0;7;2;2;"69";"69276";2;1;0
4;1;2;2001;5;1;0;0;9;8;1;"75";"75104";2;0;0
4;1;1;2006;0;1;0;0;9;8;1;"93";"93066";2;0;0
4;1;1;1988;0;1;0;0;9;8;1;"93";"93006";2;1;0
4;1;1;1992;1;1;0;0;9;8;1;"92";"92050";2;1;0
4;1;2;2013;0;1;0;0;7;2;3;"44";"44190";2;1;0
4;1;1;2002;5;1;0;0;7;2;1;"37";"37122";2;1;0
2;1;1;1956;5;0;0;0;9;8;1;"57";"57150";2;0;0
2;80;1;1943;5;0;0;0;7;8;1;"19";"19105";1;1;0
4;80;1;1950;3;0;0;0;9;10;1;"73";"73030";2;1;0
3;1;2;1999;1;1;0;0;7;2;1;"75";"75115";2;0;0
4;1;1;1983;4;1;0;0;6;2;1;"75";"75115";2;1;0
4;1;2;2003;1;1;0;0;9;8;3;"85";"85146";2;0;0
4;1;1;2000;2;0;0;0;6;2;1;"75";"75114";2;0;0
4;80;1;1975;1;0;0;0;7;2;1;"75";"75113";2;0;0
4;1;1;1992;1;1;0;0;7;2;1;"75";"75110";2;1;0
4;1;1;2008;5;1;0;0;7;2;1;"75";"75103";2;0;0
4;1;2;1989;4;0;0;0;6;2;1;"75";"75101";2;0;0
3;1;1;1976;5;1;0;0;10;8;1;"67";"67408";2;1;0
3;1;1;1994;1;1;0;0;7;2;3;"93";"93064";2;1;0
3;1;2;2003;1;1;0;0;5;3;3;"61";"61001";2;0;0
4;1;1;1962;1;1;0;0;7;2;1;"92";"92009";2;0;0
2;1;1;1957;5;0;0;0;4;12;1;"74";"74297";1;1;0
2;1;2;1940;0;1;0;0;15;11;2;"74";"74157";2;0;0
4;1;1;1964;0;1;0;0;31;12;1;"60";"60103";2;1;0
4;1;1;1969;1;0;1;0;3;6;1;"83";"83137";2;1;0
4;1;2;1981;1;1;0;0;8;10;1;"14";"14047";2;0;0
4;1;1;1992;0;1;0;0;6;2;3;"69";"69386";2;0;0
4;1;1;1990;0;1;0;0;6;2;3;"69";"69381";2;0;0
4;1;1;2004;5;1;0;0;3;6;1;"67";"67482";2;0;0
4;1;1;1987;5;1;0;0;27;11;3;"19";"19031";2;0;0
4;1;1;1980;5;1;0;0;4;6;1;"59";"59328";2;1;0
3;1;1;2010;0;1;0;0;28;5;1;"59";"59588";2;0;0
4;1;2;1989;0;1;0;0;3;6;1;"49";"49007";2;0;0
4;1;1;2010;0;1;0;0;4;6;1;"34";"34172";2;0;0
3;1;1;2007;5;0;0;1;4;6;1;"33";"33529";2;0;0
4;1;1;2005;0;1;0;0;4;6;1;"25";"25056";2;0;0
3;1;1;2001;5;0;1;0;4;6;1;"75";"75104";2;0;0
4;1;1;1999;1;0;0;1;3;6;1;"75";"75106";2;1;0
4;1;1;2006;5;1;0;0;4;6;1;"75";"75119";2;0;0
4;1;1;1973;1;0;0;0;4;6;1;"75";"75108";2;1;0
4;1;1;1963;5;0;0;0;4;6;1;"94";"94065";1;1;0
4;80;2;1997;0;1;0;0;4;6;1;"93";"93055";2;0;0
4;1;1;1994;5;1;0;0;20;10;1;"75";"75101";2;1;0
4;1;2;1979;1;1;0;0;18;10;1;"75";"75103";2;1;0
4;1;1;1996;9;0;0;1;20;10;1;"93";"93045";2;0;0
3;1;1;1964;5;0;0;0;5;6;1;"55";"55189";1;1;0
3;1;2;1968;5;0;0;1;20;10;1;"83";"83070";2;0;0
4;1;1;1959;5;1;0;0;25;5;1;"53";"53240";1;0;0
2;1;1;1953;5;0;0;0;1;6;1;"21";"21379";1;1;0
4;1;1;1948;5;1;0;0;3;6;1;"08";"08089";2;0;0
3;1;1;1952;5;1;0;0;20;10;1;"03";"03025";2;1;0
3;1;1;1963;5;1;0;0;21;10;1;"43";"43047";1;1;0
3;80;1;1957;5;1;0;0;20;10;1;"21";"21577";2;1;0
4;1;2;1988;0;0;0;0;16;5;1;"44";"44109";2;0;0
4;1;2;1989;0;1;0;0;2;5;1;"44";"44109";2;0;0
4;1;2;1983;0;1;0;0;24;4;1;"44";"44190";2;0;0
4;1;1;1982;0;1;0;0;14;4;1;"44";"44109";2;0;0
4;1;1;1968;0;1;0;0;3;6;1;"91";"91549";2;0;0
4;1;1;1968;0;1;0;0;3;6;2;"84";"84007";2;1;0
4;80;1;1991;5;1;0;0;3;6;1;"78";"78440";2;0;0
2;1;1;1974;5;0;0;0;1;6;1;"84";"84076";2;1;0
4;1;2;1970;0;0;0;0;8;10;1;"44";"44109";2;1;0
4;1;2;2013;2;1;0;0;15;10;2;"84";"84007";2;0;0
3;1;1;1956;5;1;0;0;17;8;1;"74";"74010";1;1;0
4;1;1;2004;5;1;0;0;10;8;1;"74";"74140";1;1;0
4;1;1;2013;5;1;0;0;19;10;1;"69";"69034";1;0;0
4;1;1;1983;1;1;0;0;19;10;3;"2B";"2B033";2;1;1
4;1;2;2001;1;0;0;1;18;10;1;"73";"73008";2;0;0
4;1;1;1949;5;1;0;0;19;10;1;"69";"69264";2;1;0
4;1;1;1976;5;1;0;0;19;10;1;"35";"35238";2;0;0
3;1;1;2014;0;1;0;0;19;10;1;"31";"31555";2;0;0
3;1;1;1982;5;0;0;1;16;3;1;"73";"73010";1;1;0
3;1;1;2011;0;1;0;0;6;3;1;"38";"38193";2;0;0
3;1;1;1962;5;1;0;0;21;3;1;"95";"95042";2;1;0
4;1;1;2013;5;1;0;0;20;3;1;"33";"33274";2;0;0
3;1;1;2013;5;1;0;0;20;3;1;"33";"33274";2;1;0
3;1;1;1963;5;1;0;0;20;3;1;"59";"59120";1;0;0
4;1;2;1990;0;1;0;0;19;3;1;"76";"76540";2;1;0
3;1;2;1990;5;1;0;0;19;3;3;"69";"69266";2;0;0
4;1;1;1992;0;1;0;0;19;3;1;"67";"67482";2;0;0
4;1;1;2003;1;0;0;0;18;3;2;"56";"56121";2;0;0
4;1;2;1999;0;1;0;0;18;3;1;"54";"54395";2;0;0
3;1;1;1991;5;1;0;0;5;7;1;"17";"17306";1;0;0
3;1;1;1989;0;0;0;0;6;7;3;"10";"10387";2;0;0
3;1;1;2000;4;1;0;0;5;7;1;"06";"06029";2;0;0
4;1;1;2016;5;1;0;0;6;7;1;"75";"75120";2;1;0
4;80;1;1997;5;1;0;0;6;7;3;"75";"75115";2;0;0
4;80;1;2004;5;0;0;0;6;7;1;"75";"75101";2;0;0
3;1;2;1980;1;1;0;0;19;3;1;"31";"31555";2;0;0
4;1;2;1991;1;1;0;0;6;7;1;"92";"92049";2;1;0
4;80;2;1991;2;1;0;0;19;3;1;"14";"14118";2;1;0
4;1;1;1998;5;1;0;0;6;7;1;"92";"92012";2;0;0
4;1;2;1980;4;0;0;0;19;3;1;"75";"75114";2;1;0
3;1;1;1950;5;1;0;0;7;7;1;"80";"80762";1;1;0
4;1;1;2009;9;1;0;0;19;3;1;"75";"75106";2;0;0
3;1;1;1954;5;0;0;0;7;7;1;"29";"29162";2;1;0
4;1;1;1985;3;0;0;0;19;3;2;"93";"93064";2;0;0
4;1;1;1955;5;1;0;0;7;7;1;"73";"73100";2;1;0
4;1;2;1978;5;1;0;0;18;3;1;"70";"70363";2;1;0
4;1;2;1950;0;1;0;0;5;7;1;"84";"84007";2;0;0
4;80;2;1964;0;1;0;0;5;7;1;"64";"64129";2;0;0
3;1;1;1979;9;1;0;0;5;7;1;"64";"64445";2;1;0
4;80;1;1962;5;0;0;0;4;7;1;"64";"64122";2;0;0
4;1;1;2004;1;0;0;0;4;7;1;"56";"56162";2;1;0
3;1;1;2007;0;1;0;0;5;7;3;"03";"03185";2;0;0
4;1;1;1994;9;1;0;0;5;7;1;"75";"75120";2;0;0
4;80;1;1981;9;1;0;0;4;7;1;"75";"75120";2;0;0
4;1;1;1984;9;1;0;0;14;9;1;"80";"80164";1;0;0
3;80;1;2008;5;0;0;0;14;9;3;"67";"67447";2;0;0
4;80;1;1967;5;1;0;0;14;9;1;"64";"64102";2;0;0
4;80;1;1956;0;1;0;0;26;11;1;"973";"97302";2;0;0
4;1;2;1975;1;1;0;0;13;9;1;"35";"35238";2;1;0
3;1;1;1996;2;0;1;0;26;11;1;"69";"69387";2;1;0
4;1;1;1980;1;0;1;0;26;11;1;"69";"69383";2;0;0
3;1;1;1983;1;1;0;0;26;4;2;"72";"72264";2;0;0
3;1;1;1946;5;1;0;0;24;4;1;"44";"44215";2;1;0
4;1;1;2004;5;1;0;0;13;9;3;"75";"75105";2;0;0
4;1;1;1957;5;1;0;0;14;9;1;"75";"75118";2;0;0
3;1;1;1952;9;0;0;0;23;8;1;"75";"75116";2;0;0
4;1;1;1961;0;1;0;0;24;11;1;"80";"80164";1;0;0
4;1;1;1986;5;1;0;0;14;9;1;"94";"94068";2;1;0
3;1;1;1984;5;1;0;0;13;9;3;"94";"94071";2;1;0
4;1;1;1953;0;1;0;0;25;4;1;"69";"69386";2;0;0
3;1;2;1935;5;1;0;0;26;11;1;"67";"67482";2;0;0
4;1;2;1983;0;1;0;0;26;11;1;"67";"67482";2;0;0
4;1;1;1995;5;1;0;0;26;4;3;"69";"69384";2;0;0
3;1;2;1965;3;1;0;0;22;4;1;"85";"85194";2;1;0
4;1;1;1977;0;1;0;0;24;4;1;"84";"84087";2;0;0
2;1;1;1942;5;1;0;0;15;9;1;"68";"68295";1;1;0
4;1;2;1942;5;0;0;0;26;11;1;"45";"45232";2;0;0
4;1;1;1988;1;0;0;0;26;11;3;"44";"44109";2;1;1
3;1;1;1946;5;1;0;0;25;4;1;"65";"65440";2;0;0
4;1;1;2000;5;0;0;0;26;4;3;"64";"64189";2;0;0
2;1;1;1936;5;0;0;0;15;9;1;"76";"76554";1;0;0
4;1;1;1973;0;1;0;0;25;4;1;"59";"59512";2;0;0
4;80;2;1964;5;0;0;0;15;9;1;"01";"01391";1;1;0
4;1;2;1975;5;1;0;0;25;4;1;"33";"33063";2;0;0
3;1;1;1987;9;0;0;1;25;11;3;"75";"75112";2;0;0
3;1;1;1986;5;1;0;0;24;4;1;"19";"19031";2;1;0
4;1;2;1997;1;1;0;0;26;11;1;"75";"75110";2;0;0
4;80;1;2000;5;1;0;0;25;4;1;"13";"13209";2;0;0
4;1;2;1998;5;0;0;1;26;11;3;"75";"75108";2;1;0
4;1;2;1994;1;0;0;0;26;11;1;"75";"75107";2;0;0
4;1;2;1969;1;0;0;1;26;11;1;"94";"94041";2;0;0
3;1;1;2012;5;0;0;0;15;9;1;"03";"03191";1;0;0
4;1;2;2005;5;1;0;0;25;4;1;"75";"75106";2;0;0
4;1;1;1953;5;1;0;0;14;9;1;"76";"76055";1;1;0
4;1;1;1966;0;1;0;0;16;11;3;"92";"92078";2;0;0
4;1;2;1969;1;1;0;0;26;11;3;"92";"92075";2;1;0
4;1;2;1983;1;0;1;0;26;11;3;"92";"92040";2;1;0
4;1;1;1986;0;1;0;0;8;8;1;"69";"69383";2;0;0
4;1;1;2011;0;1;0;0;12;9;1;"973";"97302";2;0;0
4;80;2;1975;0;1;0;0;13;9;1;"69";"69386";2;1;0
4;1;1;1997;0;1;0;0;13;9;1;"69";"69383";2;0;0
4;80;2;2003;0;0;1;0;7;8;1;"80";"80021";2;0;0
2;1;1;1957;5;1;0;0;27;11;1;"33";"33036";2;1;0
4;1;1;1962;1;1;0;0;8;8;1;"77";"77373";2;1;0
2;1;1;1948;5;0;1;0;8;8;1;"69";"69029";2;1;0
4;1;2;1954;5;0;1;0;8;8;1;"69";"69029";2;1;0
4;1;2;1956;9;1;0;0;8;8;2;"67";"67482";2;1;0
3;1;1;1954;5;0;0;0;10;9;1;"83";"83009";2;1;0
4;80;1;1984;1;1;0;0;7;8;3;"67";"67267";2;0;0
4;80;1;2003;0;1;0;0;8;8;1;"64";"64122";2;0;0
2;1;1;1991;0;1;0;0;26;11;2;"24";"24567";1;0;0
3;80;2;1986;0;1;0;0;7;8;1;"64";"64125";2;1;0
4;1;1;1980;1;1;0;0;26;11;2;"37";"37281";2;0;0
4;1;1;1993;5;1;0;0;4;8;1;"62";"62041";2;1;0
4;1;1;1946;5;1;0;0;13;9;1;"64";"64483";1;1;0
4;1;1;2018;5;0;0;1;6;8;1;"56";"56121";2;0;0
4;1;1;1975;5;0;0;0;8;8;1;"51";"51506";2;0;0
3;1;1;1979;1;1;0;0;12;11;1;"35";"35334";2;1;1
3;1;1;1945;5;1;0;0;13;9;1;"59";"59043";2;1;0
4;1;2;1964;5;1;0;0;6;8;1;"49";"49353";2;0;0
4;1;1;1973;1;1;0;0;8;8;1;"35";"35051";2;1;0
2;80;2;1958;0;0;1;0;8;8;1;"25";"25056";2;1;0
3;1;1;1973;4;1;0;0;18;7;1;"12";"12202";2;1;0
4;1;1;1998;4;1;0;0;18;7;1;"12";"12202";2;1;0
4;1;1;1951;0;1;0;0;6;2;1;"72";"72181";2;1;0
4;1;1;1986;1;0;0;0;6;2;1;"69";"69013";1;0;0
3;1;1;1946;5;0;0;0;6;2;1;"65";"65047";2;1;0
4;1;1;1961;9;1;0;0;8;8;1;"75";"75105";2;1;0
4;1;1;1970;9;0;0;0;8;8;1;"75";"75120";2;0;0
4;1;2;1975;9;0;0;0;8;8;1;"75";"75120";2;0;0
4;1;2;1956;9;1;0;0;6;2;1;"59";"59368";2;1;0
4;1;1;1996;1;0;0;0;8;8;1;"75";"75113";2;1;0
4;1;1;1986;9;1;0;0;8;8;3;"75";"75110";2;0;0
4;80;1;1993;5;1;0;0;8;8;3;"75";"75109";2;0;0
4;1;2;1995;5;1;0;0;5;2;3;"33";"33063";2;1;1
4;1;2;2002;5;1;0;0;6;2;3;"33";"33009";2;1;0
4;1;1;1966;1;0;0;1;5;2;1;"30";"30243";2;0;0
3;1;1;2007;5;1;0;0;1;8;1;"63";"63001";2;0;0
4;1;1;1975;5;1;0;0;6;2;1;"26";"26198";2;0;0
4;1;1;1970;9;0;0;0;18;11;1;"75";"75106";2;0;0
3;1;1;1979;5;0;0;0;8;8;1;"56";"56087";2;0;0
3;1;1;1989;1;1;0;0;6;2;3;"06";"06004";2;0;0
4;1;1;1948;5;1;0;0;8;8;1;"61";"61463";1;1;0
4;1;1;1984;5;1;0;0;6;2;1;"75";"75119";2;0;0
4;80;2;1986;1;0;0;0;6;2;1;"75";"75115";2;0;0
4;1;2;1967;1;1;0;0;5;2;1;"75";"75114";2;0;0
3;1;1;1958;5;1;0;0;8;8;1;"60";"60009";1;1;0
4;1;1;1963;5;1;0;0;8;8;1;"60";"60009";1;1;0
3;1;1;2013;5;1;0;0;6;2;2;"71";"71047";2;1;0
3;1;1;1959;5;0;0;0;7;8;1;"43";"43111";1;1;0
4;1;1;1979;9;1;0;0;25;11;1;"13";"13026";2;1;0
4;1;1;1975;5;0;0;0;28;9;1;"59";"59129";1;1;0
3;80;1;1951;3;1;0;0;20;7;1;"73";"73008";2;0;0
4;1;1;1965;5;0;0;0;6;2;1;"44";"44067";1;1;0
4;1;1;2008;2;0;0;1;19;11;2;"75";"75109";2;0;0
4;1;2;1988;1;0;0;0;18;11;1;"75";"75109";2;0;0
3;1;1;2009;0;1;0;0;7;2;1;"973";"97309";2;0;0
4;1;1;1965;5;1;0;0;7;2;1;"06";"06085";1;1;0
4;1;1;1999;1;1;0;0;8;8;1;"63";"63284";2;0;0
2;1;1;2003;1;1;0;0;9;8;2;"31";"31433";2;0;0
3;1;1;2004;5;0;0;1;28;7;3;"84";"84003";2;0;0
3;1;1;1971;5;1;0;0;27;10;1;"69";"69003";2;1;0
4;1;2;1966;9;1;0;0;18;11;3;"75";"75107";2;0;0
4;1;2;1999;9;1;0;0;18;11;1;"75";"75107";2;1;0
3;80;1;1946;5;0;0;0;16;11;1;"32";"32013";2;0;0
4;1;1;1980;1;1;0;0;2;2;1;"87";"87050";1;0;0
4;1;2;1970;1;1;0;0;2;2;1;"87";"87085";2;1;0
4;1;1;1980;0;0;0;0;17;10;1;"43";"43157";2;0;0
2;1;1;1969;5;1;0;0;25;10;1;"50";"50395";1;0;0
4;1;2;1956;5;1;0;0;18;12;1;"26";"26301";2;1;0
4;1;1;1984;5;1;0;0;21;8;1;"91";"91103";2;0;0
3;1;1;1971;0;1;0;0;28;4;1;"91";"91136";2;1;0
4;1;1;2001;2;1;0;0;5;2;1;"29";"29019";2;0;0
4;1;1;1961;0;1;0;0;5;2;1;"25";"25462";2;0;0
4;1;1;1982;1;1;0;0;27;8;1;"38";"38053";2;0;0
4;1;1;1966;5;1;0;0;25;10;1;"74";"74280";1;1;0
3;1;2;1993;0;1;0;0;4;12;3;"68";"68166";2;0;0
3;1;1;1951;5;1;0;0;27;10;1;"73";"73151";1;1;0
3;1;1;2015;5;1;0;0;5;8;1;"19";"19228";2;0;0
3;80;2;1968;5;1;0;0;29;11;1;"68";"68149";1;0;0
4;1;1;1950;5;0;1;0;11;7;1;"84";"84015";1;1;0
4;1;2;1945;5;1;0;0;3;6;1;"77";"77186";1;1;0
2;1;2;1957;0;1;0;0;3;6;1;"51";"51454";2;0;0
4;1;1;2012;2;1;0;0;3;6;1;"37";"37122";2;1;0
4;1;2;1983;1;1;0;0;3;6;1;"35";"35238";2;0;0
4;1;1;1993;0;1;0;0;3;6;1;"31";"31069";2;1;0
3;1;1;1950;5;1;0;0;3;6;1;"31";"31555";2;1;0
4;1;2;1997;1;1;0;0;3;6;1;"75";"75120";2;0;0
4;1;1;1998;5;1;0;0;1;6;3;"75";"75114";2;0;0
4;1;1;1991;9;1;0;0;3;6;1;"75";"75109";2;0;0
4;1;1;1982;9;1;0;0;3;6;1;"75";"75101";2;0;0
4;1;2;1980;0;1;0;0;3;6;1;"93";"93062";2;1;0
3;1;1;1950;0;1;0;0;16;10;1;"971";"97125";2;0;0
4;1;1;1960;5;1;0;0;20;10;1;"66";"66171";2;0;0
3;1;1;1958;5;1;0;0;3;6;1;"62";"62166";1;1;0
3;1;1;1950;5;1;0;0;4;6;1;"56";"56158";1;1;0
4;1;1;2006;5;1;0;0;19;10;1;"17";"17308";2;1;0
4;1;1;2008;5;1;0;0;3;6;1;"07";"07010";1;1;0
4;80;2;1961;1;1;0;0;18;10;3;"86";"86194";2;1;0
4;1;1;2007;0;0;0;0;8;4;1;"44";"44109";2;0;0
4;1;1;1970;0;1;0;0;5;4;2;"44";"44162";2;0;0
4;1;1;2006;5;1;0;0;2;6;1;"974";"97416";2;0;0
4;1;2;1969;0;0;0;1;18;10;1;"78";"78644";2;1;0
4;1;1;1999;5;1;0;0;2;6;1;"95";"95574";2;1;0
4;1;1;1976;5;1;0;0;2;6;1;"73";"73065";2;1;0
3;80;1;2002;1;0;1;0;17;10;1;"64";"64102";2;0;0
4;80;1;1976;1;1;0;0;17;10;2;"56";"56121";2;1;0
4;80;1;1958;0;1;0;0;18;10;1;"51";"51454";2;0;0
4;1;2;2003;5;1;0;0;2;6;3;"75";"75120";2;0;0
4;1;1;1988;5;0;0;1;18;10;1;"49";"49007";2;0;0
4;1;1;2001;5;0;1;0;2;6;1;"75";"75118";2;0;0
4;1;1;1983;5;0;0;0;2;6;1;"75";"75110";2;0;0
4;1;1;2000;5;0;0;0;2;6;2;"75";"75107";2;0;0
4;80;1;1998;5;0;0;0;2;6;3;"75";"75107";2;0;0
4;1;1;2010;2;0;0;1;18;10;1;"35";"35238";2;1;0
4;1;1;1994;0;1;0;0;2;6;1;"93";"93066";2;1;0
4;1;1;1975;0;1;0;0;2;6;1;"93";"93031";2;1;0
4;1;1;1953;5;0;0;0;18;10;1;"17";"17300";2;0;0
4;1;2;1999;0;0;0;0;18;10;1;"17";"17300";2;1;0
4;80;1;1994;9;1;0;0;18;10;1;"75";"75116";2;0;0
4;1;1;1991;9;1;0;0;18;10;1;"75";"75108";2;0;0
4;80;1;1998;9;1;0;0;18;10;3;"75";"75102";2;0;0
4;80;2;1992;9;0;0;0;17;10;3;"75";"75101";2;0;0
4;1;1;1970;1;1;0;0;18;10;1;"94";"94018";2;1;0
4;80;1;1999;5;0;0;1;18;10;3;"92";"92007";2;0;0
2;1;1;1956;5;1;0;0;19;10;1;"12";"12165";1;1;0
4;1;2;1964;3;1;0;0;18;10;2;"44";"44128";1;0;0
3;1;1;1959;5;1;0;0;18;10;1;"14";"14326";1;0;0
4;1;1;1973;5;1;0;0;5;10;1;"91";"91200";2;1;0
3;1;1;1965;5;1;0;0;19;10;1;"29";"29144";1;1;0
2;1;1;1959;5;0;0;0;19;8;1;"29";"29023";1;0;0
4;1;2;1992;0;1;0;0;16;10;1;"69";"69386";2;0;0
4;1;1;2006;0;1;0;0;18;3;1;"973";"97302";1;0;0
4;1;1;2001;0;0;0;0;17;3;1;"972";"97213";1;0;0
3;1;1;1979;0;1;0;0;29;2;2;"68";"68271";2;0;0
4;1;2;2001;2;0;0;0;5;7;1;"75";"75108";2;0;0
4;1;1;1968;9;1;0;0;5;7;1;"75";"75107";2;1;0
4;1;2;1997;9;1;0;0;5;7;1;"75";"75101";2;0;0
4;80;2;1997;1;1;0;0;18;3;1;"75";"75110";2;0;0
4;1;1;1984;9;0;0;0;4;7;3;"75";"75101";2;0;0
4;1;1;1995;9;0;0;0;4;7;3;"75";"75101";2;1;0
4;80;2;1961;1;1;0;0;18;3;1;"75";"75109";2;0;0
3;1;1;1995;1;1;0;0;18;3;1;"75";"75108";2;0;0
4;1;1;1980;0;1;0;0;5;7;1;"94";"94052";2;1;0
4;1;1;1986;0;1;0;0;5;7;1;"93";"93031";2;0;0
4;1;2;1945;0;1;0;0;2;5;1;"92";"92044";2;0;0
4;1;2;1993;5;1;0;0;5;7;2;"92";"92004";2;1;0
3;1;1;1975;1;1;0;0;5;3;2;"35";"35331";1;1;1
2;1;1;1948;5;0;0;0;19;3;1;"29";"29110";1;1;0
3;1;1;1965;9;1;0;0;19;3;1;"84";"84051";1;0;0
4;1;1;1950;5;1;0;0;19;3;1;"43";"43018";1;1;0
4;1;1;2003;0;0;0;0;19;3;2;"06";"06018";1;0;0
3;1;2;1967;1;0;0;1;18;3;1;"987";"98745";2;0;0
3;1;1;2007;5;1;0;0;25;6;1;"72";"72319";1;1;0
3;1;1;2002;0;1;0;0;17;3;1;"69";"69388";2;0;0
4;1;1;1949;5;0;0;0;17;3;1;"64";"64373";2;0;0
4;80;1;1942;3;1;0;0;17;3;1;"25";"25462";2;0;0
4;1;1;1973;5;1;0;0;17;3;2;"13";"13117";2;0;0
3;80;1;1993;4;1;0;0;16;3;3;"94";"94018";2;1;0
4;80;1;1995;5;1;0;0;4;7;3;"974";"97416";2;1;0
3;1;1;1997;5;1;0;0;18;3;2;"31";"31280";1;1;0
4;1;1;1963;5;1;0;0;4;7;1;"2B";"2B120";2;1;0
4;1;1;2001;5;1;0;0;4;7;1;"95";"95288";2;0;0
3;1;1;1960;5;1;0;0;4;7;1;"79";"79329";2;0;0
4;1;2;1950;5;0;1;0;3;7;1;"69";"69266";2;0;0
4;1;1;1992;0;1;0;0;4;7;1;"51";"51454";2;0;0
4;1;1;1960;5;1;0;0;3;7;1;"50";"50218";2;1;0
4;1;1;1999;1;1;0;0;13;3;3;"93";"93027";2;0;0
4;1;1;2011;2;1;0;0;2;2;1;"93";"93029";2;0;0
4;1;1;2010;2;0;0;0;13;9;1;"37";"37261";2;0;0
3;1;2;1990;1;1;0;0;13;9;2;"33";"33318";2;1;0
3;1;1;1957;0;0;0;0;21;11;1;"83";"83069";2;1;0
4;80;1;2006;0;1;0;0;13;9;1;"14";"14118";2;0;0
4;1;1;1991;1;1;0;0;12;9;1;"07";"07102";2;0;0
3;1;2;2019;5;1;0;0;24;4;1;"71";"71076";2;0;0
3;1;1;1977;1;1;0;0;25;11;1;"56";"56260";2;1;0
4;1;2;1992;0;1;0;0;25;11;3;"44";"44109";2;1;0
4;1;2;1995;5;1;0;0;13;9;1;"75";"75113";2;1;0
4;1;2;1999;1;1;0;0;25;11;3;"35";"35238";2;1;0
4;1;1;1942;5;0;0;0;13;9;1;"75";"75101";2;0;0
4;80;2;2003;0;1;0;0;24;4;2;"37";"37261";2;0;0
3;1;1;2016;5;1;0;0;21;4;1;"34";"34172";2;0;0
4;1;1;1977;9;1;0;0;25;11;1;"75";"75117";2;0;0
4;1;2;1990;5;0;0;1;25;11;2;"75";"75115";2;1;0
4;1;1;2002;1;1;0;0;25;11;1;"75";"75111";2;1;0
4;1;2;2001;4;1;0;0;13;9;1;"93";"93046";2;1;0
4;1;2;1989;1;0;0;0;25;11;1;"75";"75110";2;0;0
4;1;1;1978;1;1;0;0;25;11;1;"94";"94022";2;0;0
4;1;2;1974;9;1;0;0;24;4;1;"75";"75116";2;1;0
4;1;1;1995;5;1;0;0;13;9;3;"92";"92044";2;0;0
4;1;1;1948;5;0;0;0;13;9;1;"92";"92023";2;1;0
4;1;2;1994;0;1;0;0;13;9;1;"92";"92012";2;1;0
4;1;1;1991;9;0;0;1;24;4;1;"75";"75111";2;0;0
4;1;1;1985;5;1;0;0;13;9;1;"92";"92004";2;0;0
4;1;2;1984;1;1;0;0;13;9;1;"92";"92009";2;1;0
3;1;1;1983;5;1;0;0;14;9;1;"56";"56032";1;1;0
4;1;1;1970;5;1;0;0;14;9;1;"56";"56032";1;1;0
4;1;1;1994;5;1;0;0;24;4;1;"974";"97401";2;1;0
3;1;1;1964;1;1;0;0;24;4;3;"63";"63178";2;1;0
3;1;1;1965;5;1;0;0;14;9;1;"69";"69269";2;1;0
4;1;1;1970;4;1;0;0;12;9;1;"85";"85113";2;0;0
3;1;1;1968;5;1;0;0;13;9;1;"14";"14228";2;1;0
4;1;1;2007;5;0;1;0;24;4;1;"73";"73285";2;1;0
4;1;1;1976;9;0;0;1;7;8;3;"75";"75113";2;1;0
4;1;2;1968;9;1;0;0;7;8;1;"75";"75108";2;0;0
4;1;2;1992;9;1;0;0;4;8;1;"75";"75108";2;0;0
4;80;1;1970;1;1;0;0;6;8;3;"75";"75108";2;0;0
4;1;1;1981;5;1;0;0;4;8;1;"22";"22094";2;1;0
4;1;2;1966;1;1;0;0;4;8;1;"22";"22094";2;1;0
3;1;1;1947;5;1;0;0;3;9;1;"74";"74280";2;1;0
3;1;1;1954;5;1;0;0;27;6;1;"74";"74272";1;1;0
3;1;1;1971;5;1;0;0;7;8;1;"74";"74020";1;1;0
3;1;1;1979;1;1;0;0;23;4;3;"974";"97411";2;0;0
2;1;1;1960;5;0;0;0;8;8;1;"65";"65149";2;0;0
4;1;1;1994;9;0;0;0;12;9;3;"69";"69386";2;0;0
4;1;1;1947;5;1;0;0;22;11;1;"83";"83129";2;1;0
2;1;1;1962;5;1;0;0;24;11;1;"77";"77373";2;1;0
4;1;1;1980;1;1;0;0;23;4;1;"95";"95219";2;1;0
4;1;1;1993;0;1;0;0;24;11;1;"64";"64189";2;1;0
4;1;2;1978;5;1;0;0;7;8;1;"46";"46038";1;0;0
2;1;1;1939;5;0;1;0;22;4;1;"82";"82121";2;0;0
4;1;1;1995;1;1;0;0;23;4;1;"76";"76681";2;1;0
3;1;2;1969;0;1;0;0;5;2;3;"92";"92012";2;0;0
3;80;1;1959;5;1;0;0;8;8;1;"18";"18103";2;0;0
3;1;1;1985;1;1;0;0;12;9;1;"77";"77079";1;1;0
4;1;1;1971;3;0;0;0;11;9;1;"76";"76447";2;0;0
3;80;1;1973;5;1;0;0;5;2;2;"44";"44171";2;1;1
4;1;1;1954;5;1;0;0;5;2;1;"84";"84051";1;1;0
4;1;1;1953;5;1;0;0;5;2;1;"84";"84051";1;1;0
4;1;1;2009;0;1;0;0;22;4;1;"54";"54300";2;0;0
3;1;1;1978;5;1;0;0;12;9;1;"62";"62041";2;0;0
4;1;2;1998;5;1;0;0;7;8;1;"73";"73257";1;1;0
4;1;1;1982;5;1;0;0;12;9;1;"59";"59350";2;1;0
4;1;1;2004;0;0;1;0;23;4;1;"29";"29232";2;0;0
4;80;1;1974;0;1;0;0;12;9;1;"56";"56260";2;1;0
4;1;1;1998;0;1;0;0;12;9;3;"51";"51454";2;0;0
3;1;1;1944;5;0;0;0;7;8;1;"69";"69241";2;1;0
4;1;1;2012;0;1;0;0;11;9;1;"49";"49246";2;0;0
3;1;1;1953;5;1;0;0;6;2;1;"40";"40125";1;1;0
4;1;2;1963;5;1;0;0;12;9;1;"47";"47001";2;0;0
3;1;1;1942;5;1;0;0;6;2;1;"02";"02720";2;0;0
3;1;1;2014;5;1;0;0;6;9;1;"38";"38544";2;0;0
3;1;1;1953;5;1;1;0;29;10;1;"42";"42305";2;1;0
4;80;2;2007;9;1;0;0;6;8;1;"75";"75120";2;1;0
4;1;2;1986;0;1;0;0;29;12;1;"92";"92051";2;0;0
4;1;1;1966;1;0;0;0;6;8;3;"75";"75115";2;0;0
4;1;1;2001;4;0;0;1;6;8;1;"75";"75107";2;0;0
4;1;1;2007;5;0;0;1;27;10;2;"24";"24547";2;0;0
4;80;2;1960;5;0;0;0;14;3;1;"03";"03310";2;0;0
4;1;1;1996;0;1;0;0;2;5;1;"03";"03310";2;1;0
2;1;1;1959;0;0;0;0;31;12;3;"67";"67130";2;0;0
4;80;1;1989;5;1;0;0;4;2;3;"75";"75119";2;0;0
4;80;2;1994;1;1;0;0;6;8;1;"75";"75107";2;1;0
4;1;1;1996;5;1;0;0;4;2;1;"93";"93053";2;0;0
4;1;1;2001;1;0;0;0;6;8;1;"75";"75101";2;1;0
4;80;1;1973;5;1;0;0;5;8;1;"75";"75104";2;0;0
3;1;1;1988;0;1;0;0;4;8;3;"94";"94037";2;1;0
4;1;1;1971;5;0;0;0;28;12;1;"29";"29178";1;1;0
3;1;2;1986;5;0;0;0;30;12;1;"23";"23090";1;0;0
4;1;1;1949;3;1;0;0;5;2;1;"68";"68082";2;0;0
3;1;2;1952;5;0;0;0;6;8;1;"76";"76036";2;0;0
4;1;1;1982;5;1;0;0;4;8;1;"29";"29031";2;1;0
3;1;1;1964;4;1;0;0;31;7;1;"29";"29163";1;1;0
4;1;1;1985;5;1;0;0;7;8;1;"01";"01263";2;1;0
4;1;1;1962;5;1;0;0;4;2;1;"67";"67137";2;1;0
2;1;1;1950;5;0;0;0;3;8;1;"16";"16175";1;1;0
4;1;1;1993;5;0;0;0;3;2;3;"75";"75104";2;0;0
4;80;1;1986;0;1;0;0;31;12;3;"54";"54395";2;0;0
4;1;2;2008;2;1;0;0;2;2;1;"95";"95203";2;0;0
4;1;1;1985;5;0;0;0;29;7;1;"65";"65059";1;1;0
3;1;1;1931;3;1;0;0;7;8;1;"87";"87156";2;0;0
4;80;1;1934;5;1;0;0;31;12;1;"37";"37122";2;1;0
4;1;1;2005;5;0;0;1;5;8;2;"56";"56009";1;0;0
4;1;1;1984;9;1;0;0;31;12;2;"15";"15014";2;0;0
4;1;1;1958;5;0;0;1;30;12;1;"12";"12013";2;0;0
4;1;2;1986;9;1;0;0;30;12;1;"10";"10333";2;0;0
4;1;2;1967;1;1;0;0;30;12;3;"05";"05023";2;0;0
3;1;1;1968;9;1;0;0;28;12;3;"972";"97209";2;0;0
4;1;2;2009;5;0;0;0;2;6;1;"25";"25459";2;0;0
3;1;1;1982;5;1;0;0;3;6;1;"06";"06089";1;1;0
4;80;2;1969;1;0;0;0;3;6;1;"50";"50350";1;1;0
4;1;1;1962;5;1;0;0;30;5;1;"85";"85071";1;0;0
4;1;2;1963;0;0;0;0;4;4;1;"44";"44109";2;0;0
4;1;2;1991;-1;1;0;0;29;1;2;"84";"84031";2;0;0
4;1;1;1955;5;1;0;0;17;2;1;"62";"62139";1;1;0
3;1;1;1982;1;1;0;0;31;5;1;"69";"69383";2;0;0
4;1;1;1976;0;1;0;0;2;6;3;"84";"84007";2;1;0
4;1;1;1967;0;0;0;0;1;6;2;"78";"78440";2;0;0
4;1;1;2007;5;1;0;0;27;5;1;"54";"54431";2;1;0
4;1;2;2006;0;1;0;0;17;10;3;"44";"44184";2;0;0
4;1;2;1991;0;1;0;0;18;9;1;"37";"37261";2;0;0
4;1;2;1955;5;1;0;0;16;10;1;"37";"37233";2;1;0
4;1;1;1942;0;1;0;0;13;5;1;"34";"34108";2;1;0
4;1;1;1979;1;1;0;0;16;10;3;"37";"37233";2;0;0
4;1;1;1949;5;1;0;0;1;6;1;"01";"01053";2;1;0
4;1;1;2002;9;1;0;0;1;6;3;"75";"75115";2;0;0
4;1;1;1991;5;1;0;0;1;6;1;"75";"75112";2;0;0
4;1;1;1966;5;0;0;0;16;10;1;"75";"75119";2;0;0
4;80;2;1989;5;0;0;0;16;10;1;"75";"75119";2;1;0
4;1;2;1994;9;0;0;1;17;10;1;"75";"75111";2;0;0
3;1;1;2007;2;0;0;0;17;10;1;"75";"75107";2;0;0
4;1;1;1999;9;1;0;0;17;10;3;"75";"75101";2;0;0
4;1;1;2001;0;1;0;0;17;10;3;"92";"92044";2;0;0
4;1;2;2001;1;1;0;0;17;10;3;"92";"92024";2;0;0
4;1;1;1991;1;1;0;0;16;10;1;"56";"56010";2;1;1
2;1;1;1972;5;0;0;0;17;10;2;"66";"66149";1;0;0
4;1;1;1968;5;0;0;0;1;6;1;"29";"29255";1;1;0
3;1;1;2010;2;1;0;0;17;10;1;"93";"93048";2;0;0
4;1;2;1975;1;1;0;0;26;6;1;"38";"38421";2;0;0
2;1;1;2004;5;0;1;0;18;7;1;"74";"74276";1;1;0
3;1;1;2006;5;0;1;0;18;7;1;"74";"74276";1;1;0
3;1;1;1950;5;0;0;0;6;8;1;"74";"74280";1;1;0
3;80;1;1965;5;1;0;0;30;7;1;"74";"74311";2;0;0
4;1;1;1991;5;1;0;0;3;8;1;"74";"74026";1;1;0
3;1;1;2006;5;1;0;0;1;8;3;"74";"74275";2;1;0
4;80;2;1967;1;1;0;0;18;3;1;"07";"07078";2;1;1
3;1;1;1949;5;1;0;0;18;3;1;"73";"73179";2;0;0
3;1;1;1972;0;1;0;0;17;3;2;"60";"60282";1;0;1
4;1;1;1990;1;0;0;0;4;7;1;"37";"37233";2;1;0
4;80;1;1946;0;1;0;0;4;7;1;"34";"34003";2;0;0
3;1;1;1997;4;1;0;0;16;3;1;"65";"65440";2;1;0
3;1;2;1971;9;0;0;0;4;7;1;"22";"22113";2;1;0
3;80;2;1954;5;1;0;0;16;3;1;"59";"59598";2;0;0
4;1;2;1980;4;1;0;0;4;7;1;"75";"75117";2;0;0
4;1;2;1967;5;1;0;0;4;7;1;"75";"75116";2;0;0
4;1;1;1999;4;1;0;0;4;7;1;"75";"75114";2;0;0
4;1;1;1940;5;0;0;0;16;3;1;"75";"75117";2;0;0
4;1;2;1999;1;0;0;0;3;7;1;"75";"75114";2;1;0
4;80;1;1986;5;1;0;0;16;3;1;"75";"75117";2;1;0
3;80;2;1972;9;0;0;0;4;7;1;"75";"75112";2;0;0
4;1;1;1986;5;0;0;1;16;3;3;"75";"75112";2;0;0
4;80;2;2005;5;1;0;0;3;7;3;"75";"75107";2;0;0
4;80;2;1999;5;0;0;0;16;3;1;"75";"75107";2;0;0
4;1;1;1998;5;0;0;0;16;3;1;"75";"75107";2;0;0
4;1;1;2005;0;1;0;0;4;7;1;"93";"93070";2;0;0
2;1;1;2005;5;1;0;0;3;7;2;"12";"12140";1;0;0
2;1;1;2006;5;1;0;0;3;7;2;"12";"12140";1;0;0
4;1;2;1990;1;0;0;0;5;7;1;"95";"95487";2;0;0
3;1;1;1975;5;0;0;0;24;6;1;"84";"84069";1;1;0
3;1;1;1996;5;0;0;0;17;3;1;"01";"01304";2;1;0
3;1;1;1953;5;1;0;0;5;7;1;"974";"97410";1;1;0
2;1;1;1989;0;0;1;0;16;3;2;"34";"34157";1;0;0
2;1;1;1953;5;0;0;0;23;6;1;"39";"39392";1;1;0
4;1;1;1977;0;1;0;0;15;3;3;"69";"69383";2;0;0
4;1;1;1960;5;1;0;0;3;7;1;"06";"06084";2;1;0
3;1;1;1974;5;1;0;0;4;7;1;"13";"13100";2;1;0
3;80;1;1952;3;1;0;0;4;7;1;"13";"13100";2;0;0
3;1;1;1968;5;1;0;0;4;7;1;"26";"26271";1;0;0
3;1;1;1972;5;1;0;0;4;7;1;"59";"59387";1;1;0
4;1;1;1947;0;1;0;0;3;7;1;"91";"91421";2;0;0
4;1;2;1954;5;0;0;1;2;7;1;"84";"84007";2;0;0
4;1;1;1955;5;0;1;0;3;7;1;"64";"64348";2;1;0
4;1;1;2007;5;0;1;0;3;7;1;"62";"62400";1;0;0
3;1;1;1988;0;1;0;0;24;11;2;"31";"31555";2;1;0
4;1;1;2002;0;0;0;0;24;11;3;"75";"75113";2;0;0
4;1;2;1964;5;0;0;0;23;11;1;"75";"75108";2;0;0
4;1;1;1995;5;1;0;0;24;11;1;"35";"35227";1;1;0
3;80;1;1961;1;0;0;0;23;11;2;"43";"43079";1;1;1
3;1;1;1961;5;1;0;0;17;4;1;"18";"18279";1;1;0
4;1;1;1962;5;1;0;0;17;4;1;"18";"18279";1;1;0
3;1;1;1959;5;1;0;0;17;4;1;"18";"18279";1;1;0
3;1;1;1953;5;1;0;0;22;11;1;"17";"17338";1;1;0
4;1;1;1961;5;1;0;0;23;11;2;"57";"57073";2;0;0
4;1;1;1991;1;1;0;0;23;4;1;"75";"75113";2;0;0
4;1;1;1948;3;1;0;0;2;8;1;"84";"84089";2;1;0
4;1;1;1976;1;1;0;0;12;9;3;"01";"01283";2;0;1
4;1;2;1980;1;1;0;0;23;4;1;"92";"92024";2;1;0
3;1;1;1976;5;1;0;0;26;3;1;"73";"73121";1;1;0
4;80;2;1965;1;0;0;1;12;9;1;"75";"75113";2;1;0
4;1;2;1977;3;0;0;0;11;9;1;"75";"75113";2;1;0
4;1;2;1990;0;0;0;0;23;11;1;"64";"64129";2;0;0
4;1;1;1940;5;1;0;0;11;9;1;"94";"94068";2;0;0
4;1;1;2006;0;1;0;0;22;11;3;"54";"54578";2;1;0
3;1;1;1952;0;0;0;0;22;11;2;"11";"11262";2;0;0
3;80;2;2001;5;0;0;1;23;11;1;"75";"75113";2;0;0
4;1;1;1983;5;1;0;0;20;4;1;"88";"88087";2;1;0
4;1;2;1982;0;1;0;0;23;11;1;"92";"92026";2;1;0
3;1;1;1959;5;1;0;0;13;9;1;"11";"11040";1;1;0
4;1;1;1961;5;1;0;0;12;9;1;"29";"29135";2;1;0
4;1;1;1954;5;1;0;0;12;9;1;"72";"72344";1;1;0
3;80;1;1933;0;1;0;0;12;9;1;"17";"17353";2;1;0
4;1;1;1979;0;0;0;0;22;4;1;"34";"34108";2;0;0
4;1;1;2015;5;1;0;0;12;9;1;"30";"30348";2;0;0
4;1;2;2005;9;0;1;0;22;4;1;"75";"75106";2;0;0
4;80;1;1979;0;1;0;0;6;4;1;"75";"75106";2;1;0
3;1;1;1980;5;1;0;0;23;11;2;"34";"34327";1;1;0
4;1;2;1997;9;0;1;0;22;4;1;"75";"75111";2;1;0
4;1;1;2012;5;1;0;0;12;9;1;"42";"42046";2;1;0
4;80;1;2003;9;0;1;0;22;4;1;"75";"75103";2;0;0
4;80;2;1965;5;1;0;0;12;9;1;"85";"85226";1;0;0
4;1;1;1949;9;1;0;0;13;9;1;"50";"50025";2;0;0
4;1;1;1955;5;1;0;0;15;11;1;"60";"60139";2;0;0
4;1;1;1989;0;0;1;0;21;4;1;"93";"93045";2;0;0
4;1;1;1986;0;1;0;0;20;4;1;"92";"92026";2;1;0
4;1;1;1990;0;1;0;0;16;4;1;"92";"92026";2;1;0
4;1;1;1963;5;1;0;0;12;4;3;"973";"97309";2;0;0
4;1;2;2001;5;1;0;0;10;9;1;"81";"81004";2;0;0
4;1;1;1979;5;1;0;0;3;2;2;"31";"31555";2;1;0
4;80;1;1994;1;0;0;0;11;9;1;"77";"77143";1;0;0
3;1;2;1963;9;0;0;0;3;2;1;"75";"75118";2;0;0
4;80;1;1970;0;0;0;0;3;2;1;"75";"75115";2;0;0
4;1;2;1981;0;1;0;0;10;9;1;"56";"56098";2;1;0
4;1;1;1984;0;1;0;0;10;9;1;"56";"56121";2;1;0
4;1;1;1969;5;1;0;0;3;2;1;"75";"75110";2;0;0
4;1;2;1998;1;0;0;1;2;2;3;"92";"92050";2;0;0
4;1;1;1978;1;1;0;0;11;9;2;"37";"37208";2;1;1
4;1;2;2013;0;1;0;0;3;8;1;"91";"91377";2;1;0
4;1;2;1999;1;1;0;0;10;9;1;"29";"29019";2;1;0
4;1;1;1995;0;1;0;0;11;9;1;"28";"28134";2;0;0
4;1;1;1994;0;0;0;0;11;9;1;"25";"25056";2;0;0
4;1;2;1965;5;1;0;0;21;4;1;"77";"77441";2;1;0
4;80;1;1964;5;1;0;0;5;8;1;"83";"83062";2;0;0
3;1;1;1951;5;1;0;0;30;1;1;"81";"81073";1;1;0
4;1;1;1963;5;1;0;0;30;12;1;"49";"49007";2;0;0
3;1;1;1971;5;1;0;0;4;2;1;"15";"15144";1;1;0
3;1;1;2003;5;1;0;0;3;2;1;"64";"64051";1;1;0
4;1;2;1942;0;1;0;0;5;8;1;"67";"67482";2;1;0
4;1;2;1992;1;1;0;0;11;9;1;"75";"75119";2;0;0
3;1;1;1955;5;1;0;0;3;2;3;"67";"67152";2;0;0
4;1;1;2013;0;1;0;0;5;8;1;"60";"60057";2;0;0
4;1;1;1996;5;0;0;0;11;9;1;"75";"75115";2;0;0
4;1;1;1999;0;1;0;0;30;12;3;"92";"92040";2;1;0
4;80;1;2008;2;1;0;0;11;9;1;"75";"75113";2;0;0
4;1;2;2006;5;0;0;0;10;9;1;"75";"75112";2;0;0
4;1;1;1993;5;0;0;0;4;2;1;"85";"85097";1;1;0
4;1;1;1972;5;0;0;0;4;2;1;"85";"85097";1;1;0
4;1;1;1976;5;0;0;0;4;2;1;"85";"85097";1;1;0
4;1;1;1970;5;0;0;0;4;2;1;"85";"85097";1;1;0
4;80;1;1947;5;1;0;0;4;8;1;"49";"49099";2;0;0
4;1;2;1990;5;1;0;0;5;8;1;"49";"49007";2;0;0
4;80;1;2001;0;1;0;0;5;8;3;"38";"38185";2;1;0
4;1;2;1978;1;1;0;0;2;2;1;"69";"69382";2;0;0
4;1;1;1958;5;0;0;0;28;12;1;"11";"11170";2;1;0
4;1;2;1968;5;0;0;0;28;12;1;"11";"11170";2;1;0
4;80;2;2001;9;1;0;0;5;8;1;"13";"13005";2;1;0
3;1;1;2019;0;1;0;0;5;8;2;"10";"10387";2;0;0
4;1;1;1979;5;1;0;0;4;8;1;"05";"05023";2;1;0
4;80;1;1992;5;0;0;0;4;8;3;"75";"75101";2;0;0
4;1;2;1985;1;0;0;1;5;8;1;"94";"94033";2;1;0
4;1;1;1972;0;1;0;0;1;2;3;"72";"72181";2;0;0
4;1;2;1988;0;1;0;0;5;8;1;"93";"93057";2;1;0
4;1;2;1992;0;0;0;0;5;8;1;"92";"92024";2;0;0
4;1;1;1992;1;1;0;0;28;12;3;"75";"75109";2;1;0
3;1;1;1961;5;0;0;0;6;8;1;"51";"51212";1;1;0
4;1;1;2003;4;1;0;0;1;2;1;"51";"51454";2;0;0
2;80;1;1947;5;1;0;0;4;8;1;"67";"67199";1;1;0
3;1;1;2001;0;0;0;0;2;2;1;"38";"38185";2;0;0
4;1;1;1999;0;0;0;0;2;2;1;"38";"38185";2;1;0
3;1;1;1968;5;0;0;0;5;8;1;"76";"76336";1;0;0
2;80;1;1940;5;0;0;0;5;8;1;"25";"25357";1;0;0
3;1;1;1979;4;1;0;0;6;8;1;"70";"70398";1;1;1
3;80;2;1962;5;1;0;0;5;8;1;"64";"64326";1;1;0
4;1;1;2007;0;1;0;0;2;2;2;"13";"13075";2;0;0
2;80;1;2001;0;1;0;0;25;10;3;"74";"74012";2;0;0
3;1;2;2016;1;1;0;0;31;7;1;"971";"97118";1;1;0
4;1;1;2006;0;1;0;0;24;1;3;"10";"10362";2;0;0
4;1;1;1955;5;0;0;1;6;8;1;"04";"04019";2;0;0
4;1;1;1962;5;0;0;1;5;8;1;"09";"09157";1;1;0
3;1;2;1946;5;1;0;0;6;8;1;"50";"50616";1;1;0
3;1;1;1967;5;0;0;0;31;7;1;"29";"29046";2;1;0
3;1;2;2008;5;0;0;0;5;8;3;"22";"22162";2;0;0
3;1;1;2008;5;1;0;0;6;8;1;"59";"59659";2;1;0
3;1;1;2009;5;0;1;0;28;2;1;"14";"14475";1;1;0
3;1;2;1994;1;1;0;0;28;12;3;"35";"35115";2;0;0
4;1;2;2006;9;1;0;0;31;5;1;"974";"97407";2;0;0
4;1;2;2005;5;1;0;0;30;5;1;"973";"97302";2;1;0
4;1;1;1997;1;1;0;0;31;5;2;"69";"69387";2;0;0
4;1;1;2007;5;1;0;0;31;5;1;"64";"64445";2;0;0
4;1;1;1974;1;1;0;0;31;5;1;"56";"56098";2;1;0
4;1;2;1983;1;1;0;0;31;5;1;"35";"35238";2;1;0
3;1;2;1961;0;1;0;0;31;5;1;"31";"31555";2;0;0
4;1;1;2004;2;1;0;0;31;5;1;"94";"94080";2;0;0
4;80;2;1984;0;0;1;0;29;5;1;"92";"92063";2;1;0
3;1;1;2000;1;1;0;0;31;5;3;"974";"97415";2;1;1
3;1;1;2008;5;1;0;0;27;5;1;"91";"91390";2;1;0
3;1;2;1987;5;1;0;0;1;6;1;"973";"97309";2;0;0
4;1;1;1992;0;1;0;0;16;10;3;"74";"74010";2;0;0
4;1;1;1935;5;1;0;0;30;5;2;"974";"97407";2;0;0
4;1;1;1982;5;1;0;0;30;5;1;"69";"69389";2;0;0
3;1;1;1947;5;1;0;0;29;5;1;"81";"81144";1;1;0
4;1;1;2006;0;1;0;0;29;5;1;"80";"80021";2;0;0
3;1;1;2000;0;1;0;0;16;10;3;"63";"63113";2;1;0
4;1;1;1972;1;0;0;0;16;10;1;"63";"63075";2;1;0
4;1;1;2012;5;1;0;0;29;5;1;"69";"69264";2;0;0
3;1;1;1945;0;0;0;0;29;5;1;"69";"69271";1;1;0
4;1;1;1960;9;0;0;0;16;10;3;"45";"45234";1;0;0
4;80;1;1986;0;1;0;0;16;10;3;"34";"34172";2;0;0
4;1;1;1934;9;1;0;0;16;10;1;"25";"25204";1;0;0
4;1;2;1966;1;0;0;0;15;10;3;"75";"75106";2;0;0
4;1;1;2003;5;1;0;0;16;10;1;"75";"75119";2;0;0
4;1;1;2009;5;1;0;0;16;10;1;"75";"75114";2;0;0
4;1;1;1988;5;0;0;0;16;10;1;"75";"75110";2;0;0
4;1;1;1960;5;0;1;0;16;10;1;"75";"75110";2;0;0
4;1;1;1974;5;1;0;0;15;10;2;"94";"94068";2;0;0
4;1;1;1971;5;1;0;0;16;10;1;"92";"92026";2;1;0
4;80;1;1987;1;1;0;0;16;10;1;"92";"92007";2;0;0
4;1;1;1964;5;1;0;0;16;10;1;"80";"80213";2;1;0
4;1;1;2006;5;1;0;0;16;10;2;"65";"65344";1;1;0
3;1;1;1961;5;0;0;0;16;10;1;"03";"03168";1;1;0
4;1;1;2008;2;1;0;0;17;10;2;"22";"22162";2;1;0
4;1;1;2008;0;1;0;0;31;5;1;"93";"93066";2;0;0
4;80;1;1987;0;1;0;0;28;1;2;"93";"93008";2;1;0
4;1;1;1966;0;1;0;0;6;8;1;"91";"91691";2;1;0
4;1;2;1994;0;0;0;0;15;10;1;"69";"69383";2;1;0
3;1;2;1968;9;1;0;0;13;10;2;"971";"97101";1;1;0
4;1;1;1978;1;1;0;0;14;10;3;"69";"69259";2;1;1
3;1;1;1968;9;1;0;0;13;3;1;"68";"68066";2;1;0
4;80;1;2008;2;1;0;0;15;3;1;"64";"64132";2;1;0
3;1;1;1988;0;1;0;0;15;3;2;"63";"63113";2;1;0
4;1;1;1983;5;1;0;0;14;10;3;"56";"56121";2;1;0
4;1;1;2022;5;0;0;0;14;10;1;"56";"56121";2;1;0
4;1;1;1966;9;1;0;0;15;3;1;"38";"38185";2;0;0
4;80;2;1971;5;0;0;0;15;3;3;"75";"75117";2;1;0
4;1;1;1996;5;0;0;0;15;3;1;"75";"75115";2;0;0
4;80;1;1998;5;1;0;0;15;3;3;"75";"75101";2;0;0
4;1;1;1981;0;1;0;0;15;3;1;"94";"94074";2;0;0
4;1;1;2007;1;1;0;0;3;7;1;"39";"39198";2;0;0
4;1;2;2006;5;1;0;0;3;7;1;"37";"37261";2;0;0
4;1;1;1960;5;0;0;0;3;7;1;"37";"37214";2;1;0
4;80;2;1980;9;1;0;0;15;3;2;"93";"93053";2;1;0
3;80;1;2002;9;0;0;0;3;7;3;"35";"35238";2;0;0
3;1;1;1986;0;0;0;0;3;7;3;"35";"35238";2;0;0
4;1;2;1992;0;0;0;0;15;3;2;"92";"92051";2;1;0
4;80;1;2005;0;1;0;0;3;7;1;"33";"33550";2;0;0
4;1;2;2003;0;1;0;0;15;3;1;"92";"92050";2;0;0
4;1;1;1989;5;1;0;0;29;6;1;"29";"29232";2;1;0
3;1;1;1958;5;1;0;0;16;3;1;"34";"34276";1;1;0
3;1;1;1991;1;0;0;1;3;7;1;"75";"75109";2;0;0
4;1;1;2014;3;0;1;0;3;7;1;"93";"93051";2;0;0
4;1;1;2007;1;0;0;1;1;2;1;"33";"33199";2;0;0
4;1;2;1973;1;1;0;0;3;7;1;"92";"92024";2;1;0
4;1;2;1988;1;1;0;0;3;7;1;"92";"92023";2;1;0
3;1;2;1959;3;0;0;0;16;3;1;"47";"47157";2;0;0
4;1;1;1991;5;1;0;0;3;7;1;"51";"51282";2;1;0
4;1;1;2000;4;1;0;0;4;7;1;"06";"06150";2;1;0
4;1;1;2007;5;0;0;1;3;7;1;"14";"14229";2;0;0
3;1;1;1981;1;1;0;0;4;7;2;"52";"52212";1;0;0
3;80;1;1960;5;1;0;0;4;7;1;"13";"13065";1;1;0
4;1;2;1966;5;1;0;0;13;3;1;"84";"84087";2;0;0
4;1;1;1985;1;1;0;0;14;3;1;"69";"69266";2;1;0
4;1;1;1966;0;1;0;0;13;3;1;"64";"64024";2;1;0
4;1;1;1976;1;0;1;0;13;3;1;"64";"64140";2;0;0
3;1;1;1978;1;1;0;0;3;7;3;"94";"94004";1;1;1
4;1;1;1990;0;1;0;0;13;3;3;"54";"54395";2;0;0
4;1;2;1987;0;1;0;0;12;3;1;"49";"49007";2;0;0
4;1;1;1991;1;0;0;0;1;7;1;"69";"69387";2;0;0
4;1;1;1987;0;0;0;0;1;7;1;"69";"69387";2;0;0
4;1;1;1986;9;1;0;0;14;3;3;"33";"33063";2;1;0
4;1;1;1989;3;1;0;0;1;7;1;"84";"84031";2;0;0
4;1;1;2002;0;1;0;0;14;3;1;"25";"25056";2;1;0
4;1;1;1986;1;1;0;0;14;3;1;"25";"25056";2;0;0
4;1;1;2006;5;1;0;0;21;2;1;"22";"22360";1;1;0
2;80;1;1955;5;1;0;0;1;7;1;"57";"57631";2;1;0
4;1;2;1985;1;1;0;0;2;7;1;"51";"51573";2;0;0
4;1;2;1991;2;1;0;0;1;7;1;"49";"49007";2;0;0
2;1;1;1985;0;1;0;0;2;7;1;"33";"33318";2;0;0
4;1;1;1953;0;1;0;0;1;7;1;"13";"13103";2;0;0
4;1;1;2013;0;0;0;1;21;11;1;"973";"97302";2;0;0
4;80;1;1997;5;0;0;0;21;11;1;"87";"87085";2;0;0
4;1;1;1971;0;1;0;0;22;11;3;"84";"84007";2;0;0
4;1;1;2008;0;0;0;0;21;11;1;"64";"64445";2;0;0
4;1;1;1950;5;1;0;0;22;11;1;"56";"56098";2;1;0
4;1;1;1992;1;0;0;0;21;11;3;"50";"50129";2;1;0
4;1;1;1985;1;0;0;0;21;11;3;"50";"50129";2;1;0
4;80;1;1993;0;1;0;0;21;11;3;"49";"49007";2;0;0
3;1;1;1986;2;1;0;0;21;11;3;"49";"49007";2;0;0
4;1;1;1995;1;1;0;0;22;11;2;"35";"35238";2;0;0
4;1;1;1949;3;1;0;0;19;4;1;"65";"65286";2;0;0
4;80;2;1995;1;1;0;0;20;4;1;"59";"59350";2;1;0
2;80;1;1950;5;1;0;0;22;11;1;"07";"07186";2;1;1
4;80;1;1999;1;1;0;0;21;4;2;"75";"75119";2;0;0
4;1;1;1976;9;0;0;0;20;4;1;"75";"75117";2;0;0
4;1;1;1979;5;1;0;0;21;4;1;"75";"75113";2;1;0
4;1;1;2002;9;1;0;0;21;4;3;"75";"75111";2;0;0
4;1;1;1984;5;1;0;0;22;11;2;"75";"75111";2;0;0
4;80;2;1994;5;0;0;0;22;11;1;"75";"75108";2;0;0
4;1;1;1982;1;0;0;0;22;11;1;"75";"75102";2;0;0
4;1;1;1995;4;1;0;0;21;4;1;"92";"92026";2;0;0
4;1;1;2003;0;1;0;0;22;11;1;"94";"94028";2;0;0
4;1;1;1994;0;1;0;0;11;9;1;"94";"94041";2;0;0
4;1;1;1984;5;1;0;0;11;9;1;"93";"93027";2;0;0
3;1;1;1954;5;1;0;0;10;9;2;"51";"51326";1;1;0
3;1;1;1947;5;1;0;0;11;9;1;"51";"51140";1;1;0
2;1;1;1942;5;1;0;0;11;9;1;"11";"11005";1;0;0
3;1;1;1974;5;0;0;0;19;11;1;"29";"29212";1;1;0
3;80;2;1966;5;1;0;0;11;9;1;"50";"50580";1;1;0
3;1;1;1941;5;1;0;0;22;11;1;"11";"11322";1;1;0
3;1;1;1968;5;0;0;0;18;2;1;"74";"74104";1;1;0
4;1;1;1976;5;0;0;0;18;2;1;"74";"74104";1;1;0
3;1;1;1998;1;1;0;0;12;9;1;"45";"45297";2;0;0
2;1;1;1958;5;1;0;0;16;1;1;"74";"74165";1;1;0
3;1;1;1976;5;1;0;0;19;4;1;"974";"97411";2;1;0
4;1;1;2009;0;1;0;0;20;4;1;"973";"97302";2;0;0
3;1;1;1957;5;0;0;1;20;4;1;"83";"83062";1;1;0
4;1;1;1993;0;1;0;0;20;4;1;"77";"77132";2;1;0
4;80;2;2001;5;1;0;0;2;2;1;"75";"75110";2;0;0
4;1;2;1996;1;1;0;0;2;2;1;"94";"94081";2;1;0
4;80;2;1991;1;1;0;0;1;2;1;"94";"94068";2;1;0
4;1;1;1999;1;1;0;0;10;9;1;"77";"77058";2;0;0
3;1;1;1994;1;1;0;0;2;2;3;"92";"92073";2;1;0
4;1;1;2008;2;1;0;0;10;9;1;"73";"73087";2;1;0
4;1;1;1983;5;1;0;0;3;2;1;"73";"73073";2;1;0
4;1;1;1994;0;1;0;0;10;9;3;"64";"64483";1;0;0
2;1;1;1962;5;1;0;0;8;9;1;"59";"59032";2;1;0
4;1;1;1992;9;1;0;0;20;4;3;"75";"75111";2;0;0
4;1;2;1996;9;0;0;0;20;4;2;"75";"75111";2;0;0
3;1;1;1967;1;0;1;0;2;2;1;"59";"59278";1;0;0
4;80;1;1982;0;0;0;0;10;9;1;"51";"51454";2;0;0
4;1;1;1997;9;1;0;0;10;9;2;"44";"44190";2;0;0
4;1;1;1994;5;1;0;0;20;4;1;"92";"92046";2;1;0
4;1;2;1976;9;1;0;0;6;9;1;"38";"38169";2;0;0
4;1;1;1963;5;0;0;1;10;9;1;"33";"33063";2;0;0
4;1;1;2009;2;1;0;0;10;9;1;"29";"29232";2;0;0
3;80;1;1976;5;0;0;0;26;12;1;"67";"67482";2;0;0
4;1;1;1995;5;1;0;0;27;12;1;"59";"59378";2;0;0
4;1;2;1999;9;1;0;1;10;9;1;"75";"75106";2;0;0
4;1;1;2007;5;1;0;0;29;1;1;"974";"97411";2;0;0
4;1;2;1976;1;0;0;0;10;9;1;"75";"75114";2;0;0
4;1;1;1971;1;1;0;0;1;2;3;"69";"69389";2;1;0
4;80;1;1999;5;1;0;0;9;9;3;"75";"75110";2;0;0
4;1;1;1992;0;1;0;0;4;8;1;"59";"59368";2;1;0
4;1;2;1991;0;1;0;0;4;8;1;"59";"59368";2;1;0
4;1;2;1935;3;1;0;0;4;8;1;"33";"33529";2;0;0
4;1;1;1970;5;1;0;0;31;1;1;"87";"87085";2;0;0
4;1;1;1963;0;1;0;0;25;12;3;"33";"33063";2;0;0
4;1;1;1982;5;1;0;0;10;9;1;"93";"93048";2;1;1
3;1;1;1955;5;1;0;0;12;12;1;"12";"12176";2;1;0
4;80;2;1973;1;1;0;0;1;2;2;"64";"64445";2;1;0
4;1;1;2005;0;1;0;0;1;2;2;"64";"64125";2;0;0
2;80;1;1950;5;0;1;0;10;9;1;"11";"11203";2;0;0
3;1;1;1984;1;1;0;0;31;1;1;"44";"44184";2;0;1
4;1;1;1964;9;0;0;0;27;12;1;"92";"92051";2;0;0
3;1;1;1971;1;0;0;0;11;9;1;"05";"05140";1;1;0
4;1;1;1972;5;1;0;0;4;8;1;"65";"65362";1;1;0
4;80;2;1978;5;1;0;0;1;2;1;"35";"35238";2;1;0
4;1;1;1980;9;0;0;0;31;1;3;"34";"34108";2;1;1
4;80;1;2005;1;1;0;0;23;12;1;"69";"69248";1;0;0
4;1;2;1971;4;1;0;0;31;1;1;"26";"26198";2;0;0
4;1;2;2005;1;1;0;0;5;8;1;"15";"15196";2;0;0
4;1;1;1982;1;1;0;0;1;2;3;"25";"25462";2;0;0
3;1;2;1959;5;0;0;0;28;7;1;"45";"45067";1;0;0
3;1;2;1990;5;1;0;0;4;8;1;"10";"10238";2;1;0
3;1;1;1965;5;0;0;0;4;8;1;"53";"53245";1;1;0
3;1;1;1960;5;0;0;0;4;8;1;"53";"53245";1;1;0
4;1;1;1980;5;0;0;0;4;8;1;"53";"53245";1;1;0
4;1;1;2001;1;1;0;0;1;2;1;"15";"15014";2;0;0
4;1;1;1972;5;1;0;0;28;12;1;"988";"98805";1;0;0
3;1;2;1952;5;1;0;0;2;8;1;"34";"34344";2;0;0
4;1;1;1960;3;1;0;0;28;1;1;"10";"10387";2;0;0
4;1;1;1952;5;1;0;0;30;10;1;"66";"66176";2;1;0
3;80;1;1954;5;0;0;0;4;8;1;"29";"29124";1;0;0
4;1;2;1992;1;0;0;0;1;2;1;"75";"75120";2;0;0
3;1;1;1970;4;1;0;0;27;12;2;"01";"01211";2;0;0
4;1;2;1994;4;0;0;0;2;8;1;"92";"92036";1;0;0
4;1;1;1987;5;0;0;0;3;8;2;"973";"97302";2;0;0
4;1;1;2008;0;1;0;0;1;2;1;"93";"93046";2;0;0
3;1;1;1946;5;0;0;0;2;2;1;"71";"71139";1;1;0
4;80;1;1952;5;1;0;0;3;8;1;"54";"54547";2;0;0
4;1;1;2006;5;1;0;0;2;8;1;"47";"47201";2;0;0
4;1;1;1992;0;1;0;0;3;8;1;"35";"35238";2;0;0
3;1;1;1951;5;0;0;1;3;8;1;"33";"33063";2;0;0
4;80;1;2005;0;1;0;0;3;8;1;"25";"25056";2;0;0
4;1;1;2005;5;0;1;0;3;8;1;"75";"75115";2;0;0
4;1;2;1973;5;1;0;0;3;8;1;"93";"93055";2;0;0
4;1;2;1968;0;1;0;0;2;8;1;"92";"92025";2;1;0
4;1;1;1996;9;1;0;0;3;8;3;"92";"92004";2;0;0
4;80;1;1997;0;1;0;0;29;5;1;"59";"59507";2;0;0
3;1;1;1988;0;0;0;1;28;5;1;"57";"57672";1;1;0
4;1;2;1970;1;0;0;0;30;5;1;"57";"57480";2;1;0
3;1;2;1976;5;1;0;0;4;8;1;"81";"81084";1;1;0
2;1;2;1954;5;0;0;0;4;8;1;"22";"22047";2;1;0
4;1;1;1973;1;0;0;0;30;5;1;"35";"35238";2;1;0
2;1;2;1993;9;0;1;0;29;5;1;"33";"33063";2;0;0
4;1;1;2005;0;1;0;0;30;5;1;"33";"33529";2;0;0
4;80;2;1958;9;0;0;0;29;5;1;"75";"75114";2;0;0
4;80;1;1966;1;0;0;0;30;5;1;"75";"75101";2;0;0
4;80;2;1997;1;0;0;0;29;5;1;"75";"75102";2;1;0
4;1;1;1984;0;1;0;0;30;5;1;"92";"92062";2;1;1
3;80;1;1948;5;1;0;0;22;1;1;"71";"71380";1;1;1
4;1;1;2008;5;1;0;0;31;5;1;"89";"89345";2;0;0
3;1;1;1984;0;1;0;0;30;5;1;"44";"44049";2;0;0
3;1;1;1980;0;0;0;1;29;5;1;"83";"83099";1;1;0
4;1;1;1968;-1;0;0;0;31;1;1;"44";"44109";2;1;0
4;1;1;2002;0;1;0;0;29;5;1;"69";"69389";2;0;0
4;1;2;1973;1;0;0;0;15;10;2;"45";"45234";2;1;0
4;1;1;2002;0;1;0;0;28;5;1;"64";"64024";2;1;0
4;1;1;1937;5;1;0;0;15;10;1;"10";"10297";2;0;0
4;1;1;1974;9;1;0;0;14;10;3;"75";"75115";2;0;0
4;1;2;1971;1;1;0;0;15;10;1;"92";"92040";2;1;0
2;1;1;1978;0;0;0;0;11;10;1;"42";"42052";2;0;0
4;1;2;2009;5;1;0;0;14;10;1;"01";"01348";1;1;0
3;80;2;1961;5;1;0;0;15;10;1;"14";"14277";1;1;0
4;1;1;1984;1;1;0;0;11;10;1;"33";"33527";2;0;0
3;1;1;1973;5;0;1;0;15;10;1;"42";"42256";1;1;0
2;1;1;1948;-1;0;0;0;16;6;1;"66";"66207";1;1;0
4;80;1;1992;4;1;0;0;13;10;2;"67";"67482";2;0;0
4;1;1;1936;5;1;0;0;13;10;1;"54";"54395";2;1;0
4;1;1;1982;5;1;0;0;9;10;1;"14";"14118";2;0;0
4;1;2;1972;9;0;0;0;4;10;1;"75";"75106";2;1;0
4;80;1;1998;4;0;0;0;14;10;1;"75";"75117";2;0;0
3;80;1;1966;1;1;0;0;14;10;1;"75";"75108";2;1;0
4;1;2;1963;9;0;0;0;14;10;1;"75";"75114";2;0;0
4;1;1;1988;1;0;0;0;14;10;1;"75";"75104";2;0;0
4;1;2;1993;0;1;0;0;14;10;1;"92";"92026";2;1;0
4;1;1;1969;5;1;0;0;15;10;1;"39";"39106";1;0;0
4;1;1;2001;2;0;0;0;14;3;1;"75";"75105";2;1;0
3;1;1;1970;1;0;0;1;14;3;1;"75";"75117";2;0;0
4;1;2;2010;2;0;0;1;14;3;1;"75";"75117";2;1;0
4;1;1;1958;5;0;0;0;14;3;1;"75";"75116";2;1;0
3;1;1;1992;1;1;0;0;14;3;1;"75";"75108";2;1;0
3;80;1;2004;5;0;0;1;1;7;3;"75";"75106";2;0;0
3;1;1;1955;0;1;0;0;14;3;1;"94";"94068";2;0;0
4;1;1;2000;5;1;0;0;1;7;2;"75";"75120";2;0;0
4;1;1;2004;5;1;0;0;14;3;1;"93";"93008";2;0;0
4;1;2;1988;5;0;0;1;2;7;1;"75";"75108";2;0;0
4;80;2;1980;9;1;0;0;2;7;1;"75";"75108";2;1;0
4;1;1;2003;5;1;0;0;13;3;1;"92";"92020";2;1;0
4;1;2;1974;9;0;0;0;2;7;1;"75";"75107";2;1;0
4;80;1;2003;5;0;0;1;1;7;1;"75";"75101";2;0;0
3;1;1;1997;0;1;0;0;14;3;3;"92";"92014";2;0;0
4;1;1;1953;5;0;1;0;13;3;1;"42";"42069";2;1;0
4;1;1;1963;0;1;0;0;15;3;1;"67";"67532";1;1;0
4;1;1;1959;5;1;0;0;13;3;1;"06";"06130";2;1;0
3;1;1;1960;0;0;1;0;1;7;1;"93";"93027";2;0;0
4;1;1;2005;5;0;0;0;2;7;3;"92";"92049";2;0;0
4;1;2;1991;5;0;0;0;2;7;3;"92";"92044";2;0;0
4;1;1;1995;9;0;0;0;2;7;1;"92";"92024";2;0;0
3;1;1;1950;5;0;0;0;13;3;1;"31";"31132";1;0;0
3;1;2;2000;1;0;0;0;2;7;1;"61";"61168";2;0;0
3;1;1;1946;0;0;0;0;2;7;1;"42";"42280";1;1;0
3;1;1;1962;5;0;0;0;29;6;1;"84";"84017";1;1;0
4;1;1;2008;5;1;0;0;13;3;1;"13";"13025";1;1;0
4;1;1;2007;5;1;0;0;13;3;1;"13";"13025";1;1;0
4;1;1;1958;9;1;0;0;14;3;1;"67";"67205";2;1;0
3;1;1;1989;0;1;0;0;28;6;2;"87";"87089";1;0;0
2;1;1;1936;5;1;0;0;15;3;1;"81";"81038";1;1;0
3;1;2;1965;5;0;0;0;14;3;1;"40";"40257";1;1;0
3;1;1;1953;5;1;0;0;2;7;1;"95";"95308";1;1;0
4;1;1;1971;5;0;0;1;2;7;1;"05";"05181";1;1;0
3;1;1;1967;5;1;0;0;2;7;1;"04";"04193";1;1;0
4;1;1;1964;5;1;0;0;2;7;1;"04";"04193";1;1;0
4;1;1;2006;0;1;0;0;13;3;3;"91";"91122";2;1;0
4;80;1;1998;1;0;0;0;1;7;1;"69";"69034";2;1;0
3;80;1;1964;5;1;0;0;12;3;1;"83";"83069";2;0;0
4;1;2;1978;0;0;0;0;12;3;1;"72";"72181";2;0;0
3;1;1;1957;5;1;0;0;28;6;1;"83";"83123";2;1;0
4;1;1;2013;0;0;0;0;27;6;1;"80";"80021";2;0;0
4;1;1;1952;0;1;0;0;13;3;1;"64";"64445";2;0;0
4;1;1;1973;9;1;0;0;1;7;1;"45";"45234";2;0;0
4;1;1;2006;5;1;0;0;30;6;3;"33";"33063";2;0;0
3;80;1;1999;9;0;1;0;13;3;1;"75";"75108";2;1;0
3;80;1;2005;2;1;0;0;12;3;1;"75";"75107";2;0;0
4;1;2;1976;9;1;0;0;12;3;1;"75";"75105";2;0;0
2;1;1;1959;5;1;0;0;28;6;1;"02";"02243";2;1;0
4;1;2;1995;5;0;0;1;1;7;1;"75";"75105";2;0;0
4;80;2;1964;5;0;0;0;1;7;1;"75";"75105";2;0;0
4;1;1;1978;5;1;0;0;1;7;1;"75";"75114";2;1;0
4;80;2;1943;5;1;0;0;1;7;1;"75";"75111";2;0;0
4;1;1;1972;1;1;0;0;1;7;1;"75";"75111";2;0;0
4;1;1;1983;5;0;0;1;1;7;1;"75";"75104";2;0;0
3;1;1;1965;9;1;0;0;21;11;1;"974";"97411";2;0;0
4;80;1;1998;5;1;0;0;30;6;3;"75";"75101";2;0;0
4;80;2;1998;1;0;0;1;21;11;1;"69";"69385";2;0;0
4;1;1;1967;2;0;0;0;21;11;1;"971";"97101";2;0;0
3;1;1;1969;3;1;0;0;20;11;1;"76";"76305";2;0;0
3;1;1;1969;1;0;0;0;19;11;3;"49";"49328";2;0;0
4;1;1;2011;5;1;0;0;20;11;3;"46";"46042";1;0;0
4;1;1;1999;0;1;0;0;20;11;1;"10";"10387";2;0;0
4;80;2;1989;5;0;0;0;21;11;3;"75";"75112";2;0;0
4;1;1;1962;5;1;0;0;20;11;3;"75";"75109";2;0;0
3;1;1;2003;5;1;0;0;21;11;2;"38";"38194";1;0;0
3;1;1;1959;5;1;0;0;16;4;1;"17";"17022";1;1;0
3;1;1;1952;5;1;0;0;20;4;1;"34";"34213";1;1;0
3;1;1;2007;5;1;0;0;20;4;1;"83";"83023";2;0;0
3;1;2;2007;0;1;0;0;31;7;1;"84";"84080";1;0;0
3;1;1;1949;5;1;0;0;18;7;1;"84";"84081";2;0;0
4;1;1;2007;5;1;0;0;18;9;1;"74";"74010";2;0;0
4;1;1;2014;5;1;0;0;1;9;1;"57";"57058";2;0;0
4;1;2;2000;5;1;0;0;19;2;1;"49";"49007";2;1;0
4;1;1;1952;5;1;0;0;20;11;1;"972";"97213";1;1;0
4;1;1;2000;5;1;0;0;15;2;2;"75";"75116";2;1;0
4;80;2;1991;1;0;0;1;19;4;3;"69";"69034";2;1;0
4;1;2;1988;4;0;0;0;18;4;1;"87";"87085";2;0;0
4;1;1;1981;5;1;0;0;16;4;1;"87";"87085";2;1;0
3;80;2;1978;0;0;0;0;22;1;2;"78";"78646";2;0;0
4;1;1;1937;5;1;0;0;18;4;1;"67";"67482";2;0;0
3;1;1;1947;5;1;0;0;18;4;1;"60";"60159";1;1;0
4;1;1;1968;1;1;0;0;26;12;1;"69";"69383";2;0;0
4;1;1;2006;5;0;0;0;25;12;1;"87";"87085";2;1;0
3;1;2;1985;0;1;0;0;26;12;3;"72";"72181";2;1;0
4;1;1;2009;5;1;0;0;17;4;1;"37";"37261";2;0;0
4;1;2;2002;1;1;0;0;18;4;1;"37";"37261";2;1;0
4;1;2;2000;5;1;0;0;12;4;1;"37";"37261";2;0;0
4;1;2;1992;5;0;0;0;26;12;1;"15";"15014";2;1;0
4;80;1;1989;5;0;0;1;19;4;1;"33";"33063";2;1;0
4;80;2;1971;1;1;0;0;19;4;1;"29";"29019";2;1;0
4;1;1;1994;0;1;0;0;19;4;1;"25";"25056";2;0;0
4;1;2;1994;0;0;0;1;20;4;3;"13";"13201";2;0;0
3;1;1;1948;5;1;0;0;7;4;1;"11";"11262";2;0;0
4;1;1;1985;9;1;0;0;26;12;3;"75";"75112";2;0;0
4;1;1;2000;1;1;0;0;19;4;1;"75";"75105";2;0;0
4;1;1;1995;1;0;0;1;19;4;1;"75";"75119";2;1;0
4;80;1;1979;1;1;0;0;26;12;1;"75";"75111";2;1;0
4;1;1;1992;9;1;0;0;26;12;2;"75";"75108";2;1;0
4;1;1;1994;5;0;0;0;19;4;1;"75";"75114";2;0;0
4;80;1;1995;9;0;0;1;19;4;3;"75";"75108";2;0;0
4;1;1;1958;0;1;0;0;5;9;1;"44";"44109";2;0;0
4;1;1;2008;5;1;0;0;29;6;1;"66";"66136";2;0;0
4;1;2;1961;0;1;0;0;3;9;1;"44";"44162";2;0;0
3;1;1;1956;5;0;0;0;30;1;1;"01";"01348";1;1;0
4;1;2;1985;0;1;0;0;2;9;1;"44";"44109";2;0;0
4;1;1;1997;0;1;0;0;19;4;1;"92";"92024";2;0;0
3;1;1;1969;1;0;0;1;1;2;1;"60";"60368";2;0;0
4;1;1;2010;5;1;0;0;27;12;1;"39";"39013";2;0;0
4;1;1;1997;5;1;0;0;2;2;1;"64";"64472";1;1;0
4;80;2;2007;0;1;0;0;9;9;2;"974";"97411";2;1;0
4;1;1;1979;5;0;0;0;20;4;1;"974";"97404";1;1;0
4;1;1;1954;5;0;0;0;20;4;1;"974";"97404";1;1;0
3;1;1;1962;5;0;0;0;20;4;1;"974";"97404";1;1;0
3;1;1;1961;5;0;0;0;20;4;1;"974";"97404";1;1;0
4;1;1;1995;5;0;0;0;8;9;1;"87";"87085";2;1;0
3;1;2;2019;5;1;0;0;17;4;1;"47";"47065";2;1;0
3;80;2;1949;3;1;0;0;27;12;1;"34";"34033";2;0;0
3;1;1;1940;3;1;0;0;2;2;2;"31";"31135";2;0;0
4;1;1;1973;5;1;0;0;2;2;3;"14";"14530";1;1;0
4;1;1;1999;5;1;0;0;31;1;1;"69";"69388";2;0;0
4;1;1;2005;9;0;0;1;8;9;3;"51";"51454";2;0;0
2;1;1;1940;5;0;0;1;8;9;1;"49";"49246";2;0;0
4;1;1;2010;2;1;0;0;9;9;1;"35";"35238";2;1;0
3;1;2;2004;5;1;0;0;30;1;3;"67";"67482";2;0;0
4;1;1;1952;0;1;0;0;31;1;1;"64";"64445";2;0;0
4;80;1;1968;1;1;0;0;31;1;3;"64";"64445";1;0;1
4;1;1;2003;1;1;0;0;30;1;3;"54";"54395";2;1;0
4;1;1;1991;5;0;0;0;31;1;1;"37";"37261";2;0;0
3;1;2;1981;1;1;0;0;31;1;2;"35";"35238";2;1;1
4;1;2;1997;9;0;0;0;9;9;1;"75";"75111";2;0;0
4;1;1;1970;9;1;0;0;9;9;1;"75";"75108";2;0;0
4;1;1;1997;1;1;0;0;9;9;1;"75";"75101";2;0;0
4;1;2;1984;5;0;0;1;4;8;1;"14";"14325";2;1;0
4;1;1;1999;0;1;0;0;9;9;1;"93";"93062";2;0;0
3;1;1;1975;0;1;0;0;1;2;3;"13";"13208";2;0;0
3;1;1;2007;5;1;0;0;25;12;2;"80";"80294";1;0;1
2;1;2;1991;1;0;1;0;30;1;1;"75";"75108";2;1;0
4;1;2;1972;0;0;0;0;9;9;1;"92";"92012";2;1;0
4;1;2;1996;9;1;0;0;31;1;3;"75";"75111";2;0;0
4;80;1;1990;5;1;0;0;29;1;3;"75";"75117";2;0;0
4;1;1;1981;1;1;0;0;30;1;2;"75";"75115";2;0;0
4;1;1;1991;4;1;0;0;31;1;1;"75";"75102";2;0;0
4;80;1;1954;5;1;0;0;10;9;1;"83";"83036";2;1;0
4;80;1;1989;5;1;0;0;2;8;1;"2A";"2A004";2;1;0
4;1;1;1942;0;1;0;0;31;7;1;"80";"80021";2;0;0
2;1;1;1952;5;1;0;0;10;9;1;"53";"53097";1;1;0
4;1;1;1954;5;1;0;0;10;9;1;"30";"30021";1;0;0
2;1;1;1944;5;1;0;0;10;9;1;"66";"66213";2;0;0
3;1;2;2018;2;1;0;0;10;9;1;"42";"42261";2;0;0
4;80;2;1983;0;1;0;0;1;8;1;"35";"35238";2;1;0
3;1;1;1986;9;1;0;0;1;2;1;"73";"73215";1;0;0
3;80;1;1943;0;1;0;0;2;8;1;"11";"11069";2;0;0
3;1;2;1997;1;0;0;1;30;1;3;"69";"69387";2;0;0
3;1;1;1984;5;1;0;0;1;8;1;"75";"75118";2;1;0
4;1;1;1980;5;1;0;0;2;8;1;"75";"75113";2;0;0
4;1;1;1986;5;0;0;0;2;8;3;"94";"94080";2;0;0
4;1;1;1971;1;0;0;0;2;8;1;"92";"92020";2;1;0
4;1;1;1998;1;0;0;0;2;8;1;"92";"92020";2;0;0
3;1;1;1982;5;0;0;0;23;7;1;"63";"63123";2;1;0
3;1;1;2005;5;1;0;0;30;7;2;"974";"97422";2;0;0
4;1;1;2003;5;1;0;0;8;7;1;"56";"56194";2;1;0
4;1;1;1959;5;0;0;0;3;8;1;"89";"89378";1;0;0
4;1;1;1954;5;0;0;0;18;7;1;"29";"29003";1;1;1
3;1;2;1954;5;1;0;0;31;7;1;"09";"09329";1;1;0
4;1;2;1993;0;1;0;0;30;5;3;"44";"44109";2;0;0
3;1;1;1952;5;1;0;0;1;8;1;"85";"85001";2;0;0
3;80;2;1970;0;0;0;0;29;5;1;"07";"07102";2;1;0
4;1;2;1966;1;1;0;0;29;5;1;"75";"75118";2;0;0
4;80;1;1978;5;1;0;0;29;5;1;"75";"75117";2;0;0
4;1;1;1992;1;1;0;0;29;5;1;"75";"75113";2;0;0
4;80;1;1984;9;0;0;0;29;5;2;"75";"75114";2;1;0
4;1;1;1994;1;0;0;0;29;5;1;"75";"75110";2;0;0
4;1;2;1964;9;1;0;0;29;5;1;"75";"75107";2;1;0
4;80;1;1990;4;1;0;0;29;5;1;"75";"75101";2;0;0
4;1;2;1996;1;0;0;1;28;5;3;"93";"93064";2;0;0
4;1;2;1980;0;1;0;0;29;5;1;"93";"93010";2;0;0
4;1;1;2005;5;0;0;1;26;5;1;"24";"24448";2;0;0
4;1;1;2012;5;1;0;0;18;5;1;"25";"25228";2;1;0
2;1;1;1957;5;1;0;0;29;5;1;"64";"64291";1;1;0
4;1;1;1971;5;1;0;0;29;5;1;"64";"64291";1;1;0
3;1;1;1980;1;1;0;0;28;5;1;"973";"97311";2;0;0
3;80;1;1965;1;0;0;0;30;4;1;"01";"01160";1;1;0
4;1;2;1998;1;1;0;0;27;5;1;"974";"97407";1;1;0
3;1;1;1963;5;0;0;0;14;10;1;"31";"31033";2;0;0
4;80;1;1968;1;1;0;0;28;5;1;"72";"72181";2;0;0
2;1;2;1972;0;0;0;0;28;5;1;"67";"67482";2;0;0
3;1;2;1966;1;1;0;0;27;5;1;"34";"34003";2;0;0
4;1;1;1992;1;1;0;0;28;5;1;"29";"29019";2;1;0
3;1;1;1990;0;0;0;0;11;10;1;"29";"29042";2;0;0
4;1;1;2019;5;1;0;0;28;5;1;"03";"03190";2;0;0
4;80;1;1980;4;1;0;0;28;5;1;"75";"75119";2;1;0
4;80;1;1983;4;1;0;0;28;5;1;"75";"75119";2;1;0
4;1;2;1977;1;0;0;0;28;5;1;"75";"75117";2;0;0
4;1;1;1973;5;1;0;0;13;10;1;"77";"77058";1;1;0
3;1;1;1991;0;1;0;0;13;10;3;"44";"44143";2;0;0
4;1;1;1977;0;1;0;0;13;10;1;"22";"22278";2;1;0
4;1;1;1969;5;1;0;0;13;10;1;"03";"03101";1;1;0
4;1;2;2008;9;1;0;0;13;10;3;"75";"75115";2;0;0
3;1;1;1953;9;0;0;0;13;10;1;"75";"75113";2;0;0
4;80;1;2001;5;1;0;0;13;10;1;"75";"75110";2;0;0
3;1;1;1995;5;1;0;0;13;10;3;"94";"94002";2;0;0
4;80;1;1943;9;1;0;0;13;10;1;"92";"92050";2;1;0
3;1;1;1965;5;0;0;0;13;10;1;"31";"31145";2;1;0
3;80;1;1983;5;1;0;0;13;10;1;"78";"78380";2;0;0
4;1;1;1999;0;1;0;0;14;10;2;"13";"13027";1;1;0
4;1;1;1970;0;1;0;0;13;10;1;"50";"50505";1;1;1
4;1;1;1987;5;0;0;0;13;3;3;"75";"75101";2;0;0
4;1;1;1985;1;0;0;0;12;3;1;"75";"75101";2;0;0
4;1;1;1987;0;1;0;0;3;3;1;"94";"94058";2;0;0
4;1;2;1976;0;0;0;0;13;3;1;"94";"94003";2;0;0
3;1;1;1990;5;1;0;0;13;3;1;"27";"27304";2;1;0
4;1;1;1990;1;1;0;0;1;7;1;"92";"92026";2;1;0
4;1;1;1950;5;1;0;0;1;7;1;"17";"17245";1;1;0
4;1;1;1988;1;0;0;0;2;7;1;"68";"68023";2;0;0
3;1;2;1955;5;0;0;0;30;6;1;"65";"65460";2;1;0
4;1;1;1986;1;1;0;0;11;3;1;"95";"95598";2;1;0
4;1;1;2005;0;1;0;0;12;3;1;"84";"84007";2;0;0
4;1;1;1993;9;1;0;0;11;3;1;"68";"68224";2;0;0
4;1;1;1985;5;1;0;0;11;3;1;"64";"64102";2;0;0
4;1;1;2009;2;1;0;0;11;3;1;"45";"45147";2;0;0
4;1;1;2005;0;1;0;0;22;6;1;"44";"44162";2;0;0
4;1;1;1972;0;0;0;0;24;5;1;"44";"44109";2;0;0
4;1;1;2002;1;1;0;0;11;3;3;"75";"75112";2;0;0
4;1;2;2008;9;1;0;0;12;3;1;"75";"75109";2;0;0
4;1;1;1955;3;0;0;0;30;6;1;"56";"56260";2;1;0
4;1;1;1954;5;0;0;0;29;6;1;"37";"37261";2;0;0
4;1;1;1974;5;1;0;0;30;6;1;"05";"05023";2;1;0
4;1;1;1982;1;1;0;0;20;11;1;"78";"78638";2;1;0
4;1;1;1973;5;0;0;0;30;6;1;"75";"75115";2;1;0
4;1;2;1997;1;1;0;0;30;6;1;"75";"75112";2;0;0
4;1;1;1963;5;0;0;0;30;6;1;"75";"75112";2;1;0
4;1;1;1981;5;0;0;0;30;6;1;"75";"75112";2;1;0
4;1;1;2006;5;0;0;0;30;6;1;"75";"75112";2;1;0
4;80;1;1967;5;0;0;0;28;6;2;"75";"75101";2;0;0
3;1;1;1939;5;0;0;0;30;10;1;"55";"55545";2;1;0
4;1;1;1997;0;1;0;0;20;11;1;"51";"51454";2;0;0
4;1;1;1998;5;1;0;0;30;6;1;"92";"92012";2;0;0
4;1;2;1950;5;1;0;0;20;11;1;"35";"35055";2;1;0
3;1;1;1968;0;0;0;0;26;6;1;"67";"67073";1;0;0
2;1;2;1950;0;1;0;0;20;11;3;"31";"31555";2;0;0
4;1;2;1986;5;0;0;0;26;6;1;"56";"56078";1;0;0
3;1;1;1974;0;1;0;0;1;7;1;"56";"56179";1;0;0
3;1;1;1947;5;1;0;0;29;6;1;"49";"49362";2;0;0
4;1;2;1994;9;1;0;0;20;11;1;"75";"75116";2;1;0
3;1;1;1960;5;1;0;0;29;6;1;"38";"38272";1;1;0
4;1;1;2004;4;1;0;0;17;11;3;"94";"94041";2;0;0
4;1;1;1971;5;1;0;0;30;6;1;"38";"38001";2;1;0
4;80;2;1994;9;1;0;0;20;11;1;"93";"93051";2;1;0
3;1;1;1983;5;0;0;0;1;7;1;"26";"26113";2;0;0
4;1;1;1985;1;1;0;0;20;11;1;"92";"92046";2;1;0
4;1;2;1972;1;0;0;0;20;11;1;"92";"92012";2;1;0
4;1;2;1960;5;0;0;0;18;11;2;"22";"22046";1;1;0
3;1;1;1954;5;0;0;0;18;11;2;"22";"22046";1;1;0
4;1;1;1971;1;0;0;0;20;11;2;"29";"29204";2;1;0
2;1;1;1945;5;0;0;0;20;11;2;"29";"29234";1;1;0
2;1;2;1963;5;0;0;0;17;9;1;"24";"24193";1;0;0
4;1;1;1978;0;1;0;0;19;11;1;"974";"97416";1;1;0
4;1;1;2004;2;1;0;0;19;11;2;"69";"69029";2;0;0
4;1;1;1969;0;1;0;0;18;11;1;"54";"54547";2;0;0
4;1;1;1993;5;1;0;0;17;2;3;"67";"67482";2;0;0
4;1;1;1978;0;1;0;0;17;4;1;"80";"80021";2;0;0
4;1;2;2003;0;1;0;0;11;12;2;"44";"44109";2;0;0
4;1;1;2011;5;1;0;0;18;4;1;"69";"69259";2;1;0
4;1;1;1977;5;1;0;0;17;4;3;"67";"67482";2;0;0
4;1;1;1996;0;1;0;0;17;4;1;"56";"56121";2;0;0
4;1;1;1979;0;1;0;0;23;12;2;"64";"64445";2;0;0
4;1;1;1980;1;1;0;0;18;4;1;"45";"45285";2;1;0
4;1;2;1997;1;1;0;0;17;4;1;"45";"45234";2;0;0
4;1;1;2012;2;0;1;0;16;4;1;"41";"41018";2;0;0
3;80;2;1965;5;1;0;0;18;4;1;"33";"33529";2;0;0
4;1;1;1974;1;1;0;0;30;1;3;"60";"60175";2;0;1
3;1;1;1945;5;1;0;0;30;1;1;"59";"59410";2;0;0
3;1;1;2001;0;1;0;0;9;4;1;"13";"13004";2;0;0
4;1;2;1972;5;1;0;0;29;1;2;"49";"49246";2;0;0
4;1;1;1977;0;1;0;0;8;9;1;"971";"97101";1;0;0
4;1;1;1948;0;1;0;0;30;1;1;"38";"38169";2;0;0
4;1;2;1999;1;0;0;0;18;4;1;"75";"75110";2;1;0
3;1;1;1988;0;1;0;0;8;9;1;"81";"81065";2;1;0
4;80;1;2003;1;0;0;0;18;4;1;"75";"75108";2;0;0
4;1;2;1996;5;1;0;0;23;12;1;"75";"75109";2;0;0
4;1;1;1976;1;1;0;0;18;4;1;"75";"75103";2;0;0
4;80;2;2004;1;1;0;0;29;1;3;"29";"29019";2;0;0
4;80;2;2001;2;1;0;0;17;4;1;"75";"75101";2;0;0
4;1;1;1998;0;1;0;0;23;12;1;"94";"94017";2;1;0
4;1;1;1978;0;1;0;0;8;9;3;"38";"38185";2;0;0
4;1;1;1980;1;1;0;0;24;12;3;"92";"92002";2;1;0
4;1;2;1989;5;0;0;1;30;1;3;"75";"75111";2;0;0
4;1;2;1987;1;0;0;0;29;1;3;"75";"75101";2;0;0
2;1;1;1952;5;1;0;0;18;4;1;"31";"31547";1;1;0
4;1;1;2012;5;1;0;0;25;12;1;"66";"66217";2;0;0
3;80;1;1966;5;0;0;0;23;12;1;"27";"27397";1;0;0
4;1;1;1997;1;1;0;0;30;1;3;"92";"92026";2;1;0
4;1;1;2001;5;1;0;0;7;9;3;"75";"75115";2;0;0
4;1;1;1954;5;0;1;0;31;1;2;"51";"51423";1;0;1
4;80;2;1998;0;1;0;0;14;6;1;"93";"93027";2;0;0
2;1;1;1949;5;0;0;0;27;1;1;"67";"67368";1;1;0
3;1;1;1951;5;1;0;0;9;4;2;"44";"44110";1;0;0
4;1;1;1970;5;0;0;0;8;9;1;"42";"42260";2;1;0
4;1;1;1971;5;0;0;0;8;9;1;"42";"42260";2;1;0
3;1;2;1960;5;1;0;0;27;2;1;"45";"45155";2;0;1
3;1;1;1969;5;0;0;0;7;9;1;"14";"14535";2;1;0
4;1;1;1963;5;1;0;0;7;9;2;"90";"90041";2;1;0
3;1;2;2007;5;0;0;1;3;8;1;"63";"63038";1;1;0
3;1;1;1963;5;1;0;0;20;12;2;"02";"02722";2;1;0
4;1;1;1990;9;0;0;0;23;12;3;"75";"75105";2;1;0
4;1;2;1970;9;0;0;1;23;12;3;"75";"75117";2;0;0
4;1;1;1984;0;1;0;0;29;1;3;"69";"69266";2;1;0
4;1;1;1961;5;0;0;0;23;12;1;"75";"75116";2;1;0
4;1;1;1991;5;0;0;0;23;12;1;"75";"75116";2;1;0
4;80;1;1994;5;0;0;0;22;12;3;"75";"75104";2;0;0
4;1;2;1974;0;1;0;0;16;12;1;"94";"94033";2;0;0
4;1;2;1991;0;0;0;0;26;1;3;"56";"56121";2;0;0
3;1;1;1952;5;1;0;0;29;1;1;"35";"35238";2;1;0
2;80;1;1955;0;0;1;0;1;8;1;"2A";"2A004";2;0;0
3;1;1;1989;5;1;0;0;9;9;2;"55";"55122";1;1;0
3;1;1;1964;5;1;0;0;26;7;1;"73";"73011";2;1;0
4;80;1;1980;1;0;1;0;31;7;1;"69";"69259";2;1;0
4;80;1;1956;5;1;0;0;28;1;1;"75";"75101";2;0;0
4;1;1;1967;1;1;0;0;29;1;2;"94";"94003";2;1;0
4;1;1;2006;0;1;0;0;1;8;1;"61";"61006";2;0;0
4;1;2;1977;5;0;0;0;7;9;1;"80";"80182";1;1;0
4;1;1;1983;1;1;0;0;1;8;1;"56";"56260";2;0;0
4;1;1;1991;0;1;0;0;31;7;1;"19";"19031";2;1;0
4;1;2;1947;5;1;0;0;31;7;1;"14";"14117";2;0;0
3;1;1;1966;5;0;0;0;7;9;1;"67";"67482";2;0;0
4;1;1;1999;0;1;0;0;6;9;1;"67";"67482";2;0;0
4;1;1;2004;5;0;1;0;1;8;1;"75";"75113";2;1;0
4;1;2;1992;5;0;0;1;1;8;3;"75";"75111";2;0;0
4;1;1;1989;0;0;0;1;31;7;1;"94";"94042";2;0;0
4;1;1;1994;0;0;0;0;1;8;3;"94";"94018";1;0;0
4;1;2;1961;1;1;0;0;1;8;1;"92";"92044";2;1;0
4;1;2;1980;3;0;0;0;2;8;1;"76";"76312";2;1;0
4;80;1;1994;1;1;0;0;28;5;1;"75";"75113";2;1;0
4;1;1;2005;5;1;0;0;28;5;1;"75";"75111";2;0;0
4;80;2;1995;4;0;0;0;28;5;1;"75";"75110";2;0;0
4;1;2;1988;9;1;0;0;28;5;1;"75";"75108";2;0;0
3;1;1;2005;3;1;0;0;12;7;1;"07";"07334";2;0;0
3;1;1;2008;5;1;0;0;24;7;1;"27";"27033";1;1;0
3;1;1;1950;5;1;0;0;2;8;1;"23";"23100";2;1;0
4;1;1;1981;0;1;0;0;28;5;1;"92";"92073";2;0;0
4;1;1;1954;5;1;0;0;1;8;1;"35";"35210";1;1;0
4;1;2;1978;1;0;0;0;27;5;3;"92";"92051";2;1;0
3;1;1;1951;5;1;0;0;1;8;1;"44";"44020";2;1;0
3;1;1;1970;0;1;0;0;1;8;1;"34";"34004";1;0;0
4;1;1;2003;1;1;0;0;28;5;1;"92";"92024";2;0;0
4;80;2;1987;1;0;0;0;28;5;1;"92";"92024";2;0;0
3;1;1;1942;3;1;0;0;27;5;1;"86";"86092";2;0;0
3;1;1;1989;5;1;0;0;1;8;1;"73";"73094";1;0;0
4;1;1;1972;5;1;0;0;28;5;1;"65";"65129";2;1;0
2;1;1;1984;5;1;0;0;28;5;1;"84";"84017";1;1;0
3;1;1;1975;5;1;0;0;28;5;1;"05";"05045";1;1;0
4;1;1;1982;0;1;0;0;27;5;2;"974";"97407";1;0;0
4;1;1;1956;5;1;0;0;27;5;1;"63";"63113";2;1;0
4;1;2;2005;1;1;0;0;26;5;1;"49";"49007";2;0;0
4;80;1;1934;5;0;0;1;27;5;1;"47";"47001";2;0;0
3;80;1;1966;5;0;0;0;30;7;1;"76";"76351";1;0;0
4;1;1;1970;5;0;0;0;30;7;1;"76";"76351";1;1;0
4;1;1;1979;1;0;0;1;27;5;1;"94";"94018";2;1;0
4;1;1;1985;0;1;0;0;27;5;1;"93";"93005";2;0;0
4;1;1;1987;0;0;0;0;24;5;1;"92";"92048";2;0;0
4;1;1;1997;1;1;0;0;27;5;1;"92";"92004";2;0;0
4;1;2;2019;5;1;0;0;28;5;1;"67";"67534";2;1;0
2;1;1;1959;5;0;0;0;26;5;1;"39";"39285";1;0;0
3;1;1;2013;5;1;0;0;27;5;1;"90";"90088";2;1;0
4;1;1;1993;0;0;0;1;11;10;2;"54";"54395";2;0;0
4;1;2;1991;0;0;0;1;12;10;1;"38";"38185";2;1;0
3;1;1;1978;4;0;0;0;8;4;1;"74";"74250";1;0;0
4;1;2;1962;0;1;0;0;12;10;1;"10";"10333";2;0;0
4;1;2;2000;5;1;0;0;12;10;2;"75";"75117";2;0;0
4;1;1;1974;1;0;0;0;12;10;1;"75";"75108";2;1;0
4;1;1;1993;1;0;0;0;12;10;1;"75";"75108";2;1;0
4;1;1;1964;9;1;0;0;11;10;3;"75";"75103";2;0;0
4;1;2;1965;1;1;0;0;12;10;2;"92";"92051";2;1;0
3;1;2;2005;5;0;0;1;12;10;1;"29";"29209";1;1;0
4;1;1;1949;5;1;0;0;13;10;1;"95";"95039";1;1;0
4;1;1;1986;5;1;0;0;13;10;1;"60";"60282";1;1;0
4;1;1;1957;5;1;0;0;13;10;1;"60";"60282";1;1;0
4;1;1;1962;9;1;0;0;30;6;1;"68";"68370";2;1;0
3;1;1;1958;5;0;1;0;27;6;1;"56";"56005";2;1;0
4;1;1;1968;5;1;0;0;30;6;1;"27";"27448";1;1;0
4;1;1;1995;0;1;0;0;18;1;3;"93";"93048";2;0;0
3;1;1;1954;5;1;0;0;22;3;1;"74";"74159";1;1;0
4;1;1;1953;0;1;0;0;11;3;1;"974";"97416";2;0;0
4;1;1;1991;1;1;0;0;11;3;1;"69";"69275";2;0;0
4;80;1;2007;0;1;0;0;19;11;2;"06";"06088";2;0;0
3;1;1;1986;5;1;0;0;18;2;1;"68";"68224";2;1;0
4;1;2;1968;5;0;0;0;11;3;1;"64";"64445";2;0;0
4;1;1;1945;5;0;0;0;10;3;1;"56";"56121";2;0;0
4;1;1;1999;5;1;0;0;10;3;1;"54";"54526";2;1;0
4;1;1;2005;5;1;0;0;19;11;3;"92";"92050";2;0;1
4;1;2;1955;0;1;0;0;29;6;1;"08";"08105";2;0;0
4;1;1;1990;1;1;0;0;19;11;3;"92";"92024";2;1;0
4;1;1;1999;0;1;0;0;18;11;3;"06";"06149";2;0;0
4;80;1;1943;9;1;0;0;29;6;1;"75";"75118";2;0;0
4;1;1;1958;5;0;0;0;28;6;1;"75";"75112";2;1;0
3;1;2;1969;5;1;0;0;31;10;2;"33";"33011";2;1;0
4;80;2;1991;5;0;0;0;29;6;1;"75";"75109";2;0;0
4;1;1;1975;9;0;0;0;29;6;1;"75";"75108";2;1;1
4;1;2;2006;5;0;0;0;28;6;1;"75";"75103";2;0;0
4;1;1;1975;5;1;0;0;10;3;1;"15";"15012";2;1;0
4;1;1;1977;0;1;0;0;29;6;1;"94";"94078";2;0;0
3;1;1;1992;0;0;0;0;28;6;3;"94";"94022";2;0;0
3;1;1;1972;1;0;0;0;19;11;2;"06";"06152";1;1;0
4;1;1;2008;0;1;0;0;29;6;1;"92";"92073";2;0;0
4;1;2;1997;0;1;0;0;29;6;1;"92";"92032";2;1;0
4;1;1;1972;1;0;0;1;11;3;1;"75";"75112";2;1;0
4;1;1;1951;5;1;0;0;30;6;1;"35";"35145";2;0;0
4;1;1;1962;1;0;0;0;11;3;3;"75";"75109";2;1;0
4;1;1;1992;5;1;0;0;11;3;1;"94";"94073";2;0;0
3;1;1;1998;0;1;0;0;28;6;1;"77";"77359";2;0;0
2;1;1;1988;5;0;0;0;30;6;1;"82";"82155";1;1;0
4;1;1;1965;5;0;0;0;16;11;3;"971";"97101";1;0;0
4;1;1;1962;1;1;0;0;11;3;1;"92";"92007";2;0;0
4;1;2;1973;0;1;0;0;18;11;1;"81";"81004";2;0;0
2;1;1;1941;5;1;0;0;12;3;1;"83";"83036";1;1;0
3;1;1;1969;1;1;0;0;18;11;3;"77";"77284";2;1;1
4;1;2;1954;5;1;0;0;18;11;1;"64";"64445";2;0;0
3;80;2;2007;2;0;0;0;18;11;1;"31";"31555";2;0;0
4;1;1;1965;5;1;0;0;18;11;1;"17";"17415";2;1;0
2;1;1;1944;5;0;0;0;13;11;2;"06";"06029";2;1;0
4;1;1;1982;0;1;0;0;14;2;3;"44";"44109";2;0;0
4;80;2;1973;0;1;0;0;13;2;2;"44";"44109";2;0;0
4;1;1;1995;0;1;0;0;9;3;1;"77";"77284";2;0;0
4;1;1;1970;0;1;0;0;18;11;3;"42";"42097";2;1;0
4;1;1;1965;0;1;0;0;17;4;1;"69";"69383";2;0;0
4;1;1;1954;0;1;0;0;10;1;1;"971";"97101";2;0;0
2;1;1;1965;5;1;0;0;17;4;2;"95";"95018";2;0;0
4;80;1;2000;5;1;0;0;18;4;3;"64";"64335";2;0;0
4;1;1;1970;1;1;0;0;17;4;1;"64";"64269";2;1;0
4;80;2;1952;3;1;0;0;16;4;1;"49";"49007";2;0;0
4;1;1;1951;5;0;0;1;17;4;1;"45";"45075";2;0;0
4;1;1;1968;9;1;0;0;24;12;1;"974";"97413";2;1;0
3;1;2;1998;1;0;1;0;17;4;1;"93";"93008";2;0;0
3;80;1;1952;5;0;0;0;30;1;1;"12";"12045";2;1;0
2;1;1;1966;5;1;0;0;18;4;1;"76";"76163";1;0;0
4;1;2;1989;0;0;1;0;4;12;1;"44";"44109";2;0;0
4;1;1;1992;0;0;0;0;4;12;1;"44";"44143";2;0;0
3;1;1;1961;5;0;0;0;17;4;1;"29";"29011";1;1;0
3;1;1;1991;0;0;1;0;30;1;2;"38";"38239";1;1;0
3;1;1;1942;5;1;0;0;7;4;1;"36";"36064";1;1;0
3;1;1;1942;5;1;0;0;7;4;1;"36";"36064";1;1;0
3;1;1;1981;9;1;0;0;29;1;2;"971";"97107";1;0;1
3;1;1;1949;5;1;0;0;17;4;1;"17";"17323";1;1;0
3;1;1;1952;5;1;0;0;17;4;1;"13";"13058";1;0;0
3;1;1;2015;2;1;0;0;30;1;2;"84";"84054";1;1;0
3;1;1;1951;5;1;0;0;14;4;1;"88";"88417";1;1;0
3;1;1;1968;1;0;0;0;17;4;2;"29";"29042";1;0;0
3;1;1;1968;0;1;0;0;6;9;1;"31";"31555";2;0;0
2;80;1;2002;0;1;0;0;7;9;3;"25";"25031";2;0;0
4;1;1;1991;5;1;0;0;15;4;1;"974";"97411";2;0;0
3;1;1;1975;0;1;0;0;28;1;1;"78";"78146";2;1;0
4;80;2;1988;5;1;0;0;22;12;1;"75";"75116";2;0;0
4;1;1;1984;0;0;0;0;9;1;2;"971";"97101";1;0;0
4;1;1;1979;1;1;0;0;15;4;1;"72";"72181";2;0;0
4;1;2;2004;1;0;0;0;27;1;2;"59";"59279";2;0;0
3;1;1;1954;5;0;0;0;17;12;1;"65";"65307";1;1;0
3;1;2;1936;0;1;0;0;26;1;1;"59";"59431";2;0;0
4;80;1;1958;5;1;0;0;16;4;1;"64";"64102";2;0;0
4;1;1;2006;5;1;0;0;28;1;1;"35";"35238";2;1;0
4;80;1;2008;5;1;0;0;16;4;1;"64";"64024";2;0;0
4;1;1;2013;5;0;0;0;23;12;1;"29";"29026";2;1;0
4;80;2;1962;1;1;0;0;16;4;1;"58";"58194";2;1;0
4;1;1;1986;1;1;0;0;7;9;1;"75";"75110";2;0;0
3;1;2;1985;1;1;0;0;22;1;2;"13";"13047";2;1;0
3;80;1;2002;9;1;0;0;15;4;1;"54";"54174";2;0;0
4;1;1;1959;5;0;0;1;6;9;1;"94";"94081";2;1;0
4;80;2;1993;1;0;0;0;28;1;1;"75";"75110";2;0;0
4;1;2;1975;0;1;0;0;16;4;1;"34";"34003";2;1;0
4;1;1;1982;0;0;0;1;28;1;1;"93";"93070";2;0;0
4;1;1;1995;4;0;0;0;28;1;3;"92";"92044";2;0;0
4;1;1;1996;0;1;0;0;7;9;1;"92";"92077";2;0;0
2;1;1;2000;1;0;0;0;8;9;2;"2A";"2A212";1;0;0
4;80;1;1963;9;0;0;0;15;4;1;"75";"75114";2;1;0
4;1;2;1992;9;1;0;0;16;4;1;"75";"75108";2;1;0
3;1;1;2001;5;1;0;0;28;1;1;"14";"14614";1;1;0
3;1;1;1967;5;1;0;0;31;7;1;"974";"97407";2;0;0
4;1;1;1969;5;1;0;0;31;7;1;"69";"69149";2;0;0
4;1;1;2009;5;1;0;0;31;7;1;"87";"87075";1;1;0
4;1;1;1960;1;1;0;0;31;7;1;"71";"71270";2;0;0
4;1;1;1997;0;1;0;0;30;7;1;"69";"69259";2;1;0
4;1;2;1998;1;1;0;0;30;7;1;"51";"51454";2;1;0
3;1;1;1949;0;1;0;0;6;9;3;"971";"97113";1;0;0
3;1;1;2002;5;0;1;0;31;7;3;"75";"75110";2;0;0
4;80;1;2010;5;0;0;0;31;7;1;"75";"75101";2;0;0
4;1;1;1972;0;1;0;0;27;1;3;"971";"97101";2;1;0
4;1;1;1974;1;1;0;0;6;9;1;"69";"69029";2;1;0
3;1;1;2003;0;1;0;0;27;1;1;"67";"67180";2;0;0
4;80;2;1972;0;1;0;0;26;1;3;"60";"60057";2;0;1
4;1;1;1952;5;1;0;0;5;9;1;"54";"54339";2;0;0
4;1;1;1995;4;1;0;0;27;1;3;"49";"49007";2;0;0
3;1;1;1948;5;1;0;0;25;6;1;"84";"84116";2;1;0
3;80;2;1940;5;1;0;0;1;8;1;"05";"05133";2;1;0
3;1;1;1943;5;1;0;0;5;9;1;"49";"49015";2;0;0
4;1;1;2001;9;1;0;0;27;1;1;"25";"25056";2;1;0
2;1;2;1947;3;1;0;0;6;9;1;"41";"41018";2;0;0
3;1;1;1989;0;1;0;0;6;9;1;"34";"34198";1;1;0
3;80;2;1972;5;1;0;0;1;8;1;"63";"63128";1;0;0
4;1;1;2014;0;0;0;0;6;9;1;"27";"27229";2;0;0
2;80;1;2003;5;0;0;0;31;7;1;"27";"27467";2;1;0
4;1;1;1956;5;0;0;0;1;8;1;"13";"13069";1;1;0
4;1;1;1958;5;0;0;0;1;8;1;"13";"13069";1;1;0
3;1;2;1965;0;1;0;0;1;8;1;"13";"13112";2;0;0
4;1;2;1991;0;1;0;0;5;9;1;"10";"10362";2;0;0
2;1;1;1968;5;1;0;0;31;7;1;"34";"34189";1;1;0
4;80;1;1983;5;0;1;0;6;9;1;"75";"75120";2;0;0
4;1;1;1954;5;1;0;0;26;5;1;"2B";"2B120";2;1;0
4;1;2;2001;9;1;0;0;6;9;3;"75";"75118";2;0;0
4;1;1;2018;5;1;0;0;26;5;1;"88";"88160";2;1;0
4;1;1;1972;5;1;0;0;26;5;1;"81";"81163";2;1;0
4;1;2;1978;0;1;0;0;6;9;1;"94";"94052";2;1;0
4;1;1;1978;5;1;0;0;25;7;1;"83";"83123";1;1;0
3;1;1;1963;5;0;0;1;28;7;1;"83";"83061";1;1;0
4;1;1;1946;0;0;0;0;25;5;1;"38";"38185";2;1;0
4;1;1;1980;0;1;0;0;30;7;1;"76";"76681";2;0;0
4;1;2;2001;0;1;0;0;29;7;1;"67";"67267";2;1;0
4;1;1;2005;1;1;0;0;29;7;1;"67";"67204";2;0;0
4;1;1;1968;5;1;0;0;15;7;1;"55";"55545";2;0;0
4;1;2;1998;5;0;0;1;26;5;1;"75";"75113";2;0;0
4;1;1;1993;0;1;0;0;30;7;3;"45";"45285";2;0;0
4;1;1;1980;0;1;0;0;26;5;1;"93";"93055";2;0;0
4;1;1;2007;5;1;0;0;23;7;3;"42";"42218";2;0;0
3;1;1;1990;5;0;0;0;26;5;3;"92";"92012";2;0;0
2;80;1;1932;5;1;0;0;27;7;1;"33";"33039";2;0;0
4;1;2;1940;3;1;0;0;20;7;1;"14";"14117";2;0;0
4;1;1;1999;9;1;0;0;21;5;1;"06";"06018";2;1;0
3;1;1;1995;5;1;0;0;16;3;1;"78";"78615";1;1;0
3;1;1;2008;2;1;0;0;8;2;2;"14";"14216";1;0;0
3;1;1;1979;0;0;0;1;24;5;1;"74";"74010";2;0;0
4;1;1;1948;3;1;0;0;10;10;1;"56";"56083";2;0;0
4;1;2;2000;0;1;0;0;25;5;1;"64";"64348";2;1;0
3;80;2;1968;5;1;0;0;11;10;1;"45";"45298";2;0;0
3;1;1;1986;5;1;0;0;25;5;2;"35";"35051";2;0;0
4;1;1;1972;0;1;0;0;24;5;1;"33";"33063";2;0;0
4;1;1;2000;5;1;0;0;11;10;3;"44";"44109";2;1;0
4;1;1;1965;5;1;0;0;25;5;1;"05";"05023";2;1;0
4;1;1;2018;9;1;0;0;25;5;1;"01";"01053";2;0;0
4;1;1;1997;9;1;0;0;11;10;1;"75";"75118";2;0;0
4;1;1;1999;5;0;0;1;11;10;3;"75";"75115";2;0;0
4;1;1;2005;9;0;0;0;11;10;1;"75";"75114";2;1;0
4;80;1;1971;1;0;0;0;11;10;1;"75";"75114";2;0;0
4;1;1;2008;9;0;0;1;11;10;3;"75";"75108";2;0;0
4;1;1;1962;9;0;0;1;11;10;3;"75";"75108";2;0;0
4;1;1;1942;5;1;0;0;12;10;1;"29";"29037";2;0;0
3;80;1;1961;0;1;0;0;11;10;1;"35";"35352";2;1;0
4;1;1;1964;5;1;0;0;12;10;2;"66";"66140";1;1;0
4;1;1;2009;5;1;0;0;9;10;1;"974";"97409";2;0;0
4;1;1;1951;5;1;0;0;9;10;1;"90";"90010";2;1;0
4;1;1;1989;4;1;0;0;9;10;1;"83";"83098";2;1;0
4;1;1;2020;5;0;0;0;10;10;1;"67";"67482";2;0;0
4;1;1;2009;9;1;0;0;28;6;1;"78";"78418";2;1;0
4;1;2;1998;1;1;0;0;28;6;1;"63";"63032";2;0;0
3;1;1;1957;5;1;0;0;26;6;1;"59";"59354";2;1;0
4;1;1;1957;0;0;0;0;27;6;1;"49";"49007";2;0;0
4;1;1;1956;5;1;0;0;27;6;1;"49";"49007";2;0;0
4;1;2;1973;5;1;0;0;17;11;1;"75";"75115";2;0;0
3;80;1;1983;0;1;0;0;29;6;3;"33";"33063";2;0;0
4;80;1;2001;0;1;0;0;10;3;3;"13";"13001";2;1;0
4;1;1;2003;0;1;0;0;27;6;1;"15";"15014";1;1;0
4;1;1;1993;5;0;0;0;10;3;3;"75";"75117";2;0;0
4;80;1;1995;4;0;0;1;10;3;3;"75";"75110";2;0;0
4;1;1;1996;5;0;0;0;28;6;3;"75";"75115";2;1;0
4;1;2;1993;5;1;0;0;27;6;1;"75";"75114";2;0;0
4;1;2;1958;0;0;0;1;10;3;1;"92";"92044";2;1;0
4;1;1;1980;1;0;0;1;28;6;1;"75";"75108";2;1;0
4;1;1;1962;5;0;0;1;28;6;1;"75";"75107";2;0;0
4;1;1;1995;5;1;0;0;16;11;1;"63";"63201";2;1;0
3;1;1;1983;9;0;0;0;28;6;1;"75";"75103";2;0;0
4;1;1;1999;9;0;0;0;28;6;1;"75";"75103";2;0;0
4;1;1;1949;0;1;0;0;28;6;1;"75";"75112";2;0;0
3;1;2;1953;0;1;0;0;15;11;1;"49";"49369";2;0;0
3;1;1;1948;5;1;0;0;14;11;1;"53";"53137";1;1;0
4;1;1;1968;5;1;0;0;27;6;3;"92";"92046";2;1;0
3;1;2;1949;3;1;0;0;16;11;1;"17";"17197";2;1;0
3;80;1;1993;4;1;0;0;27;6;2;"92";"92044";2;0;0
4;1;1;1994;1;1;0;0;27;6;1;"92";"92012";2;0;0
4;1;1;1963;0;1;0;0;28;6;1;"92";"92007";2;0;0
2;1;1;1959;5;1;0;0;16;11;1;"987";"98714";1;0;0
4;1;1;1955;5;1;0;0;17;11;1;"95";"95039";2;1;1
3;1;1;1953;5;1;0;0;16;11;1;"78";"78057";2;0;0
3;1;1;1965;0;1;0;0;29;6;2;"29";"29218";1;0;1
3;1;1;2004;5;0;0;0;28;6;1;"14";"14570";1;0;0
4;1;1;1982;5;1;0;0;29;6;1;"05";"05045";1;1;0
2;1;1;1950;5;0;0;0;15;11;1;"38";"38545";2;1;0
4;1;1;2002;5;1;0;0;16;11;1;"65";"65059";2;1;0
4;1;1;1994;5;1;0;0;29;6;1;"68";"68123";2;1;0
3;1;1;1943;5;1;0;0;28;6;1;"35";"35047";2;0;0
4;1;2;1988;1;1;0;0;19;6;1;"93";"93048";2;1;0
4;1;1;1965;0;1;0;0;5;5;1;"93";"93048";2;0;0
3;1;2;1954;5;0;0;0;29;2;1;"14";"14228";2;0;0
3;1;1;1957;5;0;0;0;10;7;1;"43";"43158";1;1;0
4;1;2;1993;0;1;0;0;27;6;1;"69";"69387";1;1;0
4;80;1;1986;0;1;0;0;7;11;1;"56";"56260";2;0;0
4;1;1;2003;4;1;0;0;27;6;1;"86";"86194";1;0;0
4;1;1;2009;0;0;0;0;16;11;3;"80";"80021";2;0;0
4;1;1;2008;2;1;0;0;9;3;1;"75";"75120";2;0;0
4;1;2;1991;5;1;0;0;9;3;3;"75";"75119";2;1;0
3;1;2;1972;5;1;0;0;9;3;1;"75";"75107";2;1;0
4;1;1;2001;5;1;0;0;16;11;1;"64";"64445";2;1;0
4;1;1;1995;5;1;0;0;21;12;3;"66";"66136";2;0;0
3;1;1;1957;3;1;0;0;15;12;1;"57";"57227";2;0;0
4;1;1;1983;0;0;0;1;22;12;3;"13";"13205";2;0;0
4;1;1;1964;5;1;0;0;21;12;1;"10";"10333";2;0;0
4;1;1;1997;9;1;0;0;21;12;1;"93";"93048";2;1;0
4;1;1;1960;0;0;0;1;16;4;1;"93";"93070";2;0;0
4;1;2;1956;0;1;0;0;16;4;1;"93";"93070";2;0;0
3;1;1;1952;5;0;0;0;21;12;2;"38";"38239";1;1;1
3;1;1;1972;0;1;0;0;21;12;1;"83";"83049";1;1;0
3;80;1;1966;0;0;0;0;22;12;1;"78";"78398";2;0;0
3;1;1;1997;5;1;0;0;12;4;1;"06";"06085";2;1;0
3;1;1;1975;5;1;0;0;11;4;1;"33";"33234";1;1;0
3;1;1;1990;1;1;0;0;2;4;1;"67";"67300";2;1;0
3;1;1;2002;5;1;0;0;17;4;1;"80";"80383";1;0;0
3;1;1;1983;0;1;0;0;27;1;1;"13";"13208";2;1;0
4;1;2;1983;1;0;0;0;26;1;1;"75";"75111";2;0;0
4;80;1;1983;5;0;0;0;27;1;1;"75";"75104";2;0;0
4;1;1;1996;0;1;0;0;20;12;3;"72";"72181";2;0;0
4;1;2;1987;5;1;0;0;15;4;1;"69";"69381";2;0;0
4;1;1;1944;5;0;0;0;20;12;1;"64";"64024";2;1;0
4;1;2;1989;5;1;0;0;27;1;1;"92";"92022";2;1;0
4;1;1;1977;5;0;0;0;28;1;1;"14";"14713";2;1;0
4;1;1;1936;5;0;0;0;12;4;1;"76";"76351";2;1;0
3;1;1;1970;5;1;0;0;28;1;1;"972";"97204";1;0;0
3;1;1;1962;5;1;0;0;6;9;1;"89";"89081";1;0;0
3;1;1;1959;5;0;0;0;7;9;1;"63";"63232";2;1;0
3;1;1;1972;5;1;0;0;6;9;1;"68";"68338";1;1;0
4;1;2;1985;2;1;0;0;15;4;1;"59";"59009";2;1;0
4;1;1;1960;5;1;0;0;7;9;1;"29";"29061";1;1;1
4;1;1;2006;5;1;0;0;7;9;1;"58";"58151";1;1;1
4;1;2;1977;1;1;0;0;20;12;3;"29";"29019";2;1;0
4;80;2;1994;0;1;0;0;18;12;3;"29";"29019";2;0;0
4;1;1;1966;5;1;0;0;7;9;1;"43";"43051";2;1;0
4;1;1;1990;9;1;0;0;30;7;3;"75";"75119";2;1;0
3;1;1;1954;5;1;0;0;27;1;1;"37";"37270";1;1;0
4;1;1;1984;0;1;0;0;15;4;1;"33";"33529";1;0;0
3;1;1;1960;5;0;0;0;6;9;1;"07";"07110";2;1;0
4;1;1;1993;9;1;0;0;30;7;1;"75";"75114";2;1;0
4;80;1;2001;0;1;0;0;15;4;1;"14";"14366";2;1;0
4;1;1;1995;0;1;0;0;30;7;1;"93";"93078";2;1;0
3;1;1;2007;5;1;0;0;29;7;2;"93";"93072";2;0;0
4;1;1;2009;0;1;0;0;29;7;2;"93";"93072";2;0;0
4;1;1;1966;5;0;0;0;28;1;1;"63";"63226";2;1;0
4;1;1;1993;0;1;0;0;30;7;1;"67";"67149";1;1;0
3;80;2;1964;1;0;0;0;6;9;1;"971";"97124";2;0;0
4;80;1;1961;2;1;0;0;6;9;1;"06";"06048";2;1;0
3;1;1;1940;5;0;0;0;29;7;1;"56";"56062";1;0;0
4;1;2;1997;9;1;0;0;15;4;1;"75";"75110";2;0;0
3;1;1;1942;5;0;0;0;31;7;1;"32";"32076";1;1;0
2;1;1;1961;5;1;0;0;6;9;1;"87";"87005";1;1;0
3;1;1;1998;5;1;0;0;14;4;3;"75";"75102";2;0;0
4;1;1;1966;0;0;0;1;14;4;1;"94";"94068";2;0;0
4;1;1;1996;5;1;0;0;6;9;1;"27";"27016";2;0;0
4;80;1;2001;0;1;0;0;26;1;3;"69";"69387";2;0;0
3;1;2;1987;5;1;0;0;7;9;1;"76";"76261";1;1;0
4;1;1;2012;2;1;0;0;26;1;1;"95";"95563";2;0;0
3;1;1;1959;5;0;0;0;30;7;1;"84";"84017";1;1;0
3;1;1;1987;1;1;0;0;30;7;2;"26";"26108";2;1;0
4;1;1;2004;0;1;0;0;25;1;2;"86";"86157";2;0;0
4;1;1;1945;3;1;0;0;25;1;1;"81";"81021";2;0;0
4;1;1;1939;9;1;0;0;5;3;1;"13";"13077";2;1;0
3;1;1;2009;2;0;0;0;16;4;1;"45";"45324";2;0;0
4;1;1;2011;2;1;0;0;24;1;1;"67";"67462";2;0;0
3;1;1;1974;5;0;0;0;30;7;1;"56";"56241";2;0;0
4;1;2;2006;5;0;0;0;30;7;1;"56";"56241";2;0;0
3;1;1;1981;1;1;0;0;4;9;3;"83";"83129";2;1;0
3;80;1;1967;0;0;0;1;4;9;3;"76";"76351";2;1;0
4;1;2;2004;1;1;0;0;25;1;3;"49";"49007";2;1;0
4;1;1;1969;4;0;0;0;26;1;1;"43";"43157";2;1;0
3;1;1;1939;5;1;0;0;25;1;1;"42";"42223";2;1;0
4;1;1;1991;5;1;0;0;23;8;1;"62";"62498";2;0;0
3;1;1;1977;1;1;0;0;25;1;1;"33";"33069";2;1;0
4;1;2;1945;5;0;0;0;28;5;1;"43";"43089";2;1;0
4;1;1;2007;2;1;0;0;5;9;1;"45";"45234";2;0;0
4;80;2;2005;1;1;0;0;5;9;2;"44";"44184";2;0;0
4;1;1;2000;2;1;0;0;26;1;3;"75";"75115";2;0;0
4;1;2;1970;5;1;0;0;26;1;2;"75";"75112";2;0;0
4;80;1;1977;5;0;0;0;24;5;1;"75";"75114";2;1;0
4;1;2;1992;9;0;0;1;6;5;1;"75";"75111";2;0;0
4;1;1;1973;9;0;0;0;5;9;3;"19";"19031";2;0;0
4;1;1;1949;0;1;0;0;26;1;3;"94";"94058";2;0;0
4;80;1;1999;0;1;0;0;9;7;1;"88";"88160";2;0;0
4;1;2;1963;0;1;0;0;29;7;1;"84";"84007";2;0;0
4;1;1;1990;0;1;0;0;26;1;1;"93";"93047";2;0;0
4;1;2;1971;0;1;0;0;25;5;1;"93";"93078";2;0;0
3;1;1;1931;3;0;0;1;26;1;1;"92";"92064";2;0;0
4;1;1;1964;0;0;0;0;25;5;1;"92";"92022";2;1;0
3;1;1;1987;0;0;0;0;24;5;1;"92";"92048";2;0;0
4;1;1;1951;5;0;0;0;29;7;1;"76";"76640";1;1;0
4;1;2;2004;9;0;0;0;5;9;1;"75";"75106";2;0;0
4;1;1;1998;9;0;0;0;5;9;1;"75";"75106";2;0;0
4;1;1;2008;5;0;0;1;5;9;3;"75";"75120";2;0;0
4;1;2;1990;9;1;0;0;4;9;1;"75";"75120";2;0;0
4;1;1;1993;9;0;0;1;5;9;1;"75";"75119";2;0;0
3;1;1;1973;0;1;0;0;29;7;1;"59";"59599";2;0;0
3;80;2;1956;0;0;0;0;27;7;1;"58";"58194";2;0;0
4;80;1;1980;9;1;0;0;4;9;1;"75";"75115";2;1;0
4;1;1;1986;1;0;0;0;5;9;1;"75";"75113";2;1;0
3;1;1;1999;5;1;0;0;29;7;1;"54";"54261";1;1;1
4;1;1;1954;5;1;0;0;27;7;1;"46";"46042";2;1;1
4;1;1;2005;5;1;0;0;26;5;1;"02";"02422";2;0;0
4;1;1;1990;4;1;0;0;29;7;1;"75";"75115";2;1;0
4;1;1;1987;1;1;0;0;29;7;1;"75";"75113";2;1;0
3;1;1;2011;5;1;0;0;25;5;1;"34";"34135";1;0;0
4;1;2;1955;5;1;0;0;26;5;1;"83";"83071";2;0;0
4;1;1;2009;5;0;0;0;29;7;1;"94";"94060";2;1;0
3;1;1;1979;5;1;0;0;25;5;2;"69";"69112";1;1;0
4;1;1;1988;1;1;0;0;29;7;1;"93";"93005";2;0;0
4;1;2;1981;1;1;0;0;29;7;1;"92";"92040";2;0;0
2;1;1;1957;5;0;0;0;24;5;1;"974";"97411";1;1;0
4;1;2;1987;1;0;0;0;29;7;1;"92";"92014";2;1;0
4;1;2;1974;1;1;0;0;24;5;1;"85";"85194";2;0;0
4;1;1;1999;1;1;0;0;24;5;1;"67";"67482";2;0;0
4;1;1;2004;5;1;0;0;23;5;1;"56";"56107";1;1;0
4;1;1;1970;5;0;1;0;23;5;1;"54";"54547";2;0;0
4;1;2;1993;5;1;0;0;25;5;3;"35";"35238";2;0;0
4;1;1;2002;5;1;0;0;23;5;2;"31";"31555";2;0;0
2;1;1;1994;0;0;1;0;24;5;1;"27";"27229";2;1;0
3;80;1;1954;0;1;0;0;24;5;1;"22";"22360";2;0;0
2;1;1;1993;-1;0;0;0;24;5;1;"16";"16089";1;1;0
4;1;1;1968;5;1;0;0;23;5;1;"15";"15014";2;1;0
3;1;1;1952;5;1;0;0;9;5;1;"02";"02722";2;1;0
4;1;1;2007;2;1;0;0;10;10;3;"49";"49328";2;0;0
4;1;1;1964;9;1;0;0;10;10;3;"75";"75119";2;0;0
4;80;1;1977;9;0;0;1;10;10;1;"75";"75116";2;0;0
4;80;2;1968;5;1;0;0;10;10;3;"75";"75114";2;0;0
4;1;2;1974;9;1;0;0;10;10;1;"75";"75107";2;1;0
4;1;2;1969;1;0;0;0;10;10;1;"75";"75101";2;0;0
4;80;2;1986;1;1;0;0;9;10;1;"75";"75104";2;1;0
4;80;2;1987;0;1;0;0;10;10;1;"94";"94065";2;0;0
3;1;1;2013;5;1;0;0;11;10;1;"01";"01028";2;1;0
3;1;1;1962;5;1;0;0;9;10;1;"14";"14431";2;0;1
4;80;2;1962;5;0;0;0;11;10;1;"68";"68063";2;0;0
4;80;1;1967;1;1;0;0;11;10;2;"33";"33051";1;0;1
4;1;1;1995;0;1;0;0;2;10;2;"44";"44162";2;0;0
4;1;1;1987;0;1;0;0;9;10;3;"973";"97302";2;0;0
3;1;1;1975;1;0;0;0;9;10;1;"73";"73065";2;1;1
4;1;2;2005;0;1;0;0;8;10;1;"72";"72003";1;0;0
4;1;1;1950;0;1;0;0;9;10;1;"64";"64445";2;0;0
4;1;1;1980;0;0;0;0;27;6;1;"73";"73065";2;0;0
4;1;1;2012;5;0;0;0;26;6;1;"71";"71153";2;0;0
4;80;1;1994;4;1;0;0;26;6;1;"51";"51454";2;0;0
4;1;1;1962;5;1;0;0;27;6;1;"37";"37261";2;0;0
4;1;1;1979;0;1;0;0;27;6;1;"35";"35238";2;0;0
4;1;1;2001;9;1;0;0;26;6;3;"28";"28134";2;0;0
4;1;1;2012;9;1;0;0;26;6;1;"75";"75116";2;0;0
4;1;2;1957;5;1;0;0;15;11;1;"17";"17306";2;0;0
4;1;1;1963;9;1;0;0;26;6;1;"75";"75108";2;1;0
4;80;2;1999;1;0;0;0;27;6;1;"75";"75104";2;0;0
4;1;1;1995;4;1;0;0;16;11;1;"75";"75113";2;1;0
4;1;1;1964;5;0;0;0;16;11;1;"75";"75110";2;1;0
4;1;1;1998;4;1;0;0;16;11;3;"94";"94076";2;0;0
4;1;2;1989;0;1;0;0;27;6;1;"93";"93001";2;0;0
3;1;1;2020;0;1;0;0;16;11;1;"92";"92062";2;1;0
4;1;1;1983;0;1;0;0;16;11;1;"92";"92072";2;1;0
4;1;1;1994;0;1;0;0;27;6;1;"92";"92002";2;1;0
4;1;1;1982;3;0;0;0;16;11;1;"92";"92023";2;1;0
3;1;1;1968;5;1;0;0;16;11;1;"27";"27022";2;1;0
2;1;1;1955;5;1;0;0;28;6;1;"56";"56175";1;1;0
4;1;2;2005;0;1;0;0;15;11;3;"69";"69389";2;1;0
4;1;1;1956;5;0;0;0;27;6;1;"04";"04130";1;1;0
3;1;1;2014;2;1;0;0;28;6;1;"85";"85157";1;1;0
4;80;1;1971;4;1;0;0;15;11;1;"86";"86194";2;1;0
3;1;1;1990;5;1;0;0;25;6;1;"973";"97303";1;0;0
3;1;1;1968;5;1;0;0;26;6;2;"973";"97312";1;0;0
3;1;1;1943;5;1;0;0;15;11;1;"64";"64348";2;1;0
4;1;2;1990;0;1;0;0;15;11;1;"64";"64445";2;1;0
3;80;2;1962;1;1;0;0;27;6;1;"21";"21292";2;1;0
3;1;1;1938;5;1;0;0;10;3;1;"33";"33199";2;0;0
4;1;1;1989;5;1;0;0;10;3;1;"29";"29234";1;1;0
3;1;1;1958;5;0;0;0;27;4;1;"01";"01249";2;1;0
3;1;1;1946;5;1;0;0;28;6;1;"53";"53082";1;0;0
4;1;1;1950;5;0;0;1;27;6;1;"14";"14640";1;0;0
4;1;1;1985;1;1;0;0;28;6;2;"02";"02697";1;0;0
4;1;1;1969;0;1;0;0;7;3;1;"88";"88209";2;1;0
4;1;1;1991;0;1;0;0;7;3;1;"80";"80021";2;0;0
4;1;1;1985;0;1;0;0;15;11;2;"27";"27229";2;1;0
4;1;1;1995;0;1;0;0;15;11;1;"27";"27229";2;1;0
3;1;1;1969;1;1;0;0;3;4;1;"82";"82013";2;0;0
3;80;1;2005;9;1;0;0;15;11;3;"13";"13206";2;0;0
4;1;1;1961;1;1;0;0;15;11;2;"13";"13047";2;1;0
4;1;1;1976;1;1;0;0;7;3;1;"49";"49007";2;0;0
4;1;2;1973;1;1;0;0;14;11;2;"11";"11069";2;0;0
4;1;2;1999;9;1;0;0;15;11;3;"75";"75110";2;0;0
4;80;1;2000;9;1;0;0;15;11;1;"75";"75116";2;0;0
4;1;1;1985;1;0;0;0;14;11;1;"75";"75115";2;0;0
4;1;1;1991;0;0;0;0;14;11;1;"75";"75115";2;0;0
4;1;1;1985;0;0;0;1;15;11;3;"94";"94046";2;0;0
4;1;2;1980;5;1;0;0;8;3;3;"75";"75105";2;0;0
4;1;2;1973;1;0;0;0;7;3;1;"75";"75106";2;0;0
4;1;1;2009;5;1;0;0;15;11;3;"93";"93059";2;0;0
4;1;1;1986;1;1;0;0;8;3;3;"75";"75120";2;0;0
4;1;2;1976;9;1;0;0;7;3;3;"75";"75117";2;0;0
4;1;2;1994;5;1;0;0;8;3;1;"75";"75116";2;0;0
4;1;2;1963;5;0;0;0;8;3;1;"75";"75114";2;0;0
4;80;2;1996;1;0;1;0;8;3;1;"75";"75114";2;0;0
4;1;1;1967;5;1;0;0;8;3;1;"75";"75108";2;0;0
4;1;1;1998;0;0;0;0;7;3;3;"94";"94028";2;1;0
4;1;1;1992;1;1;0;0;15;11;2;"48";"48128";1;0;1
4;1;1;1970;5;0;0;0;8;3;1;"95";"95529";2;0;0
4;1;1;2007;5;1;0;0;24;2;1;"56";"56021";1;1;0
3;1;1;1966;1;1;0;0;7;3;2;"39";"39462";1;1;1
4;1;1;2001;5;1;0;0;9;3;2;"25";"25147";1;0;0
4;1;1;2012;5;0;0;1;8;3;1;"01";"01249";2;0;0
4;1;2;1966;0;1;0;0;19;12;2;"10";"10387";2;1;1
4;1;2;1995;9;1;0;0;20;12;2;"75";"75105";2;0;0
4;80;2;2006;2;1;0;0;20;12;1;"75";"75106";2;0;0
4;80;2;1999;5;1;0;0;20;12;1;"75";"75102";2;0;0
4;1;1;1981;0;0;0;1;7;3;1;"91";"91027";2;1;0
4;1;1;1970;0;0;1;0;20;12;1;"92";"92025";2;0;0
3;1;1;1948;5;0;1;0;20;12;1;"81";"81271";2;1;0
4;1;1;1971;5;1;0;0;21;12;1;"51";"51281";2;1;0
3;1;1;1958;1;1;0;0;8;4;1;"13";"13015";2;0;0
3;80;1;1980;5;1;0;0;20;12;3;"69";"69191";2;1;0
4;1;2;2007;0;1;0;0;20;12;2;"44";"44210";2;0;0
4;1;1;1997;0;1;0;0;14;4;1;"69";"69386";2;0;0
4;1;1;1999;0;1;0;0;14;4;1;"91";"91645";2;1;0
4;1;1;1986;5;1;0;0;13;4;1;"64";"64335";1;1;0
4;1;2;1992;0;0;0;0;9;12;1;"973";"97302";2;0;0
3;1;1;1991;5;1;0;0;14;4;1;"54";"54357";2;0;0
3;1;2;1953;3;1;0;0;5;9;1;"03";"03082";2;0;0
4;1;1;1998;0;1;0;0;13;4;3;"45";"45208";2;0;0
4;1;1;1953;5;0;0;0;14;12;1;"87";"87085";2;1;0
3;1;1;2005;5;0;0;1;6;9;1;"21";"21682";1;1;0
3;80;1;1977;1;0;0;0;5;9;2;"37";"37139";1;0;0
3;80;2;1972;1;1;0;0;6;9;1;"06";"06152";1;1;0
4;1;1;1992;0;1;0;0;19;12;2;"69";"69276";1;0;0
3;1;1;1978;0;1;0;0;6;9;1;"45";"45155";1;0;0
4;80;2;1981;1;0;0;0;18;12;3;"67";"67482";2;1;0
3;1;1;1960;5;1;0;0;6;9;1;"05";"05118";2;0;0
3;80;1;1954;5;1;0;0;25;8;1;"19";"19146";1;1;0
4;1;2;1998;5;0;0;0;14;4;1;"75";"75115";2;0;0
3;1;1;1944;5;1;0;0;4;9;1;"27";"27412";1;1;0
4;1;1;1960;5;1;0;0;14;4;1;"75";"75120";2;0;0
4;1;1;1994;9;1;0;0;13;4;3;"75";"75110";2;0;0
3;1;1;1948;5;1;0;0;26;1;1;"13";"13100";1;1;0
4;1;1;1991;5;1;0;0;13;4;1;"75";"75110";2;0;0
4;1;1;1988;1;1;0;0;25;11;1;"59";"59350";2;1;0
2;1;1;1969;5;0;0;0;27;1;1;"86";"86024";2;1;0
3;1;1;2000;1;1;0;0;26;1;1;"72";"72154";2;0;0
4;1;2;1959;5;1;0;0;14;4;1;"93";"93050";2;1;0
4;1;1;1997;4;1;0;0;14;4;1;"92";"92020";2;1;0
3;1;1;2004;1;1;0;0;4;9;1;"974";"97416";1;0;0
4;1;1;1987;1;1;0;0;25;1;3;"89";"89387";2;0;0
4;80;2;1986;1;1;0;0;25;1;1;"78";"78029";2;1;0
3;1;1;2010;0;1;0;0;14;4;1;"47";"47273";1;0;0
4;1;1;2006;0;1;0;0;4;9;1;"80";"80261";2;1;0
4;1;1;1981;5;0;0;0;30;7;1;"71";"71377";1;1;0
4;1;1;1967;3;1;0;0;5;1;1;"68";"68166";2;0;0
4;1;2;1969;5;1;0;0;5;1;1;"68";"68166";2;0;0
4;1;1;1985;1;1;0;0;3;9;1;"64";"64445";2;0;0
4;1;2;2002;0;1;0;0;25;1;3;"67";"67482";2;0;0
4;1;1;1961;5;1;0;0;25;1;2;"67";"67482";2;0;0
4;80;1;2000;1;1;0;0;4;9;1;"56";"56260";2;0;0
3;1;1;1973;0;1;0;0;3;9;1;"51";"51454";2;0;0
4;1;2;2011;5;0;0;0;28;7;1;"29";"29155";1;0;0
4;1;1;1977;5;1;0;0;14;4;1;"42";"42005";2;1;0
3;1;2;1955;5;0;0;0;28;7;1;"05";"05068";2;1;0
4;1;1;1967;0;1;0;0;3;9;1;"10";"10387";2;1;0
3;1;1;2010;2;1;0;0;25;1;1;"47";"47323";2;0;0
3;1;1;2011;5;1;0;0;14;4;1;"76";"76727";1;0;0
4;1;2;1977;9;1;0;0;2;9;1;"75";"75115";2;0;0
4;80;1;1974;1;1;0;0;25;1;2;"29";"29019";2;1;1
4;1;1;2001;2;0;0;0;25;1;2;"29";"29019";2;1;1
4;1;1;1990;9;0;0;0;4;9;1;"75";"75110";2;0;0
4;1;1;1970;9;0;0;0;4;9;1;"75";"75107";2;1;0
3;1;1;1953;5;1;0;0;4;9;1;"68";"68162";1;0;0
4;80;1;1994;9;1;0;0;25;1;1;"75";"75111";2;0;0
4;1;2;2013;5;0;0;0;28;7;1;"22";"22210";2;0;0
4;1;2;1987;1;1;0;0;25;1;1;"92";"92020";2;1;0
4;1;1;1988;5;1;0;0;24;1;2;"92";"92020";2;0;0
4;80;2;1957;3;1;0;0;28;7;1;"83";"83144";2;1;0
4;1;1;1957;5;1;0;0;20;1;1;"11";"11164";1;1;0
4;80;1;1961;5;1;0;0;25;5;1;"42";"42092";1;1;0
3;1;2;2000;5;0;0;0;26;1;1;"42";"42029";1;1;0
3;1;1;2011;5;0;0;0;25;1;2;"10";"10019";1;0;0
3;1;1;1963;5;1;0;0;18;1;2;"40";"40002";2;1;0
4;1;1;2006;5;1;0;0;25;5;1;"06";"06041";1;1;0
3;1;2;1947;5;1;0;0;24;5;1;"60";"60291";1;0;0
4;1;1;1992;5;0;0;0;28;7;1;"75";"75116";2;1;0
4;1;1;1992;5;0;0;0;28;7;1;"75";"75116";2;0;0
4;1;1;1952;5;0;0;0;28;7;1;"75";"75116";2;1;0
4;1;1;1993;1;1;0;0;27;7;1;"93";"93045";2;0;0
4;1;1;1937;5;1;0;0;24;5;1;"13";"13027";2;0;0
3;1;1;1990;0;1;0;0;27;7;2;"01";"01401";1;0;0
3;80;1;2006;0;1;0;0;29;7;1;"30";"30282";2;0;0
4;1;2;1956;5;1;0;0;24;5;1;"62";"62014";2;0;0
4;1;1;1953;5;1;0;0;27;7;1;"56";"56251";1;1;0
4;1;1;1969;0;1;0;0;13;1;1;"84";"84031";2;1;0
3;1;2;1952;5;0;0;0;18;7;1;"39";"39470";1;1;0
4;1;1;2010;5;0;0;0;23;5;1;"974";"97409";2;0;0
3;1;1;1974;5;1;0;0;29;7;1;"01";"01123";1;0;0
4;1;1;1947;5;1;0;0;23;5;1;"2A";"2A004";2;0;0
4;1;1;2011;5;1;0;0;28;7;2;"64";"64133";1;1;0
3;1;1;1952;5;1;0;0;23;5;1;"91";"91201";2;1;0
2;80;1;1949;5;0;0;0;29;7;1;"88";"88037";1;0;0
3;1;1;1988;5;1;0;0;29;7;1;"35";"35210";1;0;0
4;80;1;1974;0;1;0;0;24;5;1;"88";"88087";2;0;0
3;1;2;2004;2;1;0;0;22;5;1;"85";"85194";2;1;0
4;1;1;2003;5;1;0;0;23;7;1;"66";"66103";1;1;0
4;1;2;2000;0;1;0;0;26;7;1;"38";"38382";2;1;0
4;1;1;2001;1;1;0;0;23;5;1;"37";"37261";2;0;0
4;1;1;2002;5;1;0;0;23;5;1;"31";"31557";2;1;0
3;1;2;2006;2;1;0;0;23;5;1;"19";"19031";2;0;0
4;1;2;1993;0;1;0;0;23;5;1;"13";"13203";2;0;0
4;1;1;1997;0;0;1;0;22;5;1;"06";"06030";2;0;0
3;1;1;1994;9;1;0;0;22;5;1;"75";"75111";2;0;0
4;1;1;1961;9;0;0;0;23;5;1;"75";"75116";2;0;0
4;1;1;2002;1;1;0;0;23;5;1;"75";"75111";2;1;0
4;1;2;1953;9;1;0;0;22;5;1;"75";"75111";2;0;0
4;80;1;1984;1;1;0;0;23;5;1;"75";"75105";2;0;0
4;80;1;1994;1;1;0;0;23;5;1;"94";"94068";2;1;0
4;1;1;2007;0;1;0;0;22;5;1;"94";"94068";2;0;0
4;1;1;1997;5;1;0;0;22;5;1;"94";"94068";2;0;0
3;80;2;1959;0;1;0;0;8;10;1;"51";"51454";2;0;0
3;1;2;1974;5;1;0;0;23;5;1;"92";"92012";2;1;0
4;1;1;1986;0;1;0;0;23;5;1;"92";"92004";2;1;0
4;1;1;2005;1;1;0;0;24;5;2;"57";"57028";1;1;0
4;1;1;1959;9;1;0;0;9;10;1;"45";"45208";2;0;0
4;1;1;1957;0;1;0;0;30;8;1;"44";"44114";2;1;0
4;1;1;1987;1;1;0;0;9;10;3;"37";"37261";2;0;0
4;1;1;1957;5;1;0;0;9;10;1;"13";"13056";2;1;0
4;1;1;2004;4;1;0;0;9;10;1;"75";"75105";2;0;0
4;1;1;1992;5;0;0;0;9;10;1;"75";"75118";2;0;0
4;1;1;1999;5;1;0;0;9;10;3;"75";"75110";2;0;0
4;1;1;1972;1;0;0;0;9;10;2;"75";"75101";2;1;0
4;1;1;2006;2;1;0;0;8;10;1;"75";"75101";2;0;0
4;1;1;1991;9;1;0;0;8;10;3;"75";"75103";2;0;0
4;1;2;1972;1;1;0;0;9;10;2;"93";"93005";2;0;1
4;1;2;1999;1;0;0;0;7;10;1;"92";"92049";2;0;0
4;80;1;1964;1;0;1;0;8;10;1;"974";"97411";2;1;0
4;1;1;1998;0;0;0;1;8;10;3;"973";"97302";2;0;0
4;1;1;1989;0;1;0;0;8;10;1;"69";"69383";2;0;0
4;1;1;1984;5;1;0;0;8;10;1;"95";"95197";2;1;0
3;1;1;2006;1;1;0;0;7;10;1;"83";"83062";2;0;0
4;1;1;1985;5;1;0;0;8;10;1;"59";"59350";2;1;0
4;1;2;1988;1;1;0;0;8;10;1;"56";"56121";2;0;0
4;1;1;1962;5;1;0;0;7;10;3;"49";"49246";2;0;0
2;80;2;1986;1;0;1;0;8;10;1;"37";"37261";2;1;0
4;1;1;2007;2;1;0;0;8;10;2;"37";"37261";2;0;0
4;1;1;1995;0;0;0;0;26;6;1;"69";"69386";2;0;0
3;1;1;1938;0;1;0;0;23;6;1;"83";"83069";2;0;0
3;1;1;1971;1;1;0;0;25;6;1;"51";"51108";2;1;1
4;1;1;1956;1;1;0;0;9;6;2;"49";"49099";2;1;1
4;1;1;1985;1;1;0;0;25;6;1;"37";"37214";2;0;0
4;1;2;2000;5;0;0;0;26;6;1;"35";"35238";2;0;0
4;1;1;1946;3;1;0;0;26;6;1;"33";"33318";2;0;0
3;1;2;1997;9;0;0;0;26;6;1;"75";"75105";2;0;0
3;1;1;1978;1;1;0;0;13;11;1;"67";"67282";2;0;0
4;80;1;1992;1;0;0;0;26;6;1;"75";"75119";2;1;0
4;1;1;1970;9;1;0;0;26;6;1;"75";"75116";2;0;0
4;1;2;2003;5;1;0;0;26;6;3;"75";"75112";2;0;0
4;80;1;2002;4;1;0;0;25;6;1;"75";"75112";2;0;0
4;80;2;1953;9;1;0;0;25;6;3;"75";"75107";2;0;0
4;80;1;1995;1;1;0;0;26;6;1;"93";"93066";2;0;0
4;1;1;2000;1;1;0;0;26;6;1;"93";"93055";2;1;0
4;1;2;1979;0;0;0;1;26;6;1;"93";"93032";2;0;0
4;1;1;2003;1;1;0;0;14;11;1;"69";"69386";2;0;0
4;1;1;1961;5;1;0;0;26;6;1;"37";"37031";1;1;0
2;1;1;1971;1;0;1;0;12;11;2;"95";"95607";2;1;0
3;1;1;2006;5;1;0;0;13;11;1;"64";"64125";2;1;0
3;1;1;1982;0;1;0;0;26;6;2;"63";"63146";1;1;0
4;1;1;2005;5;1;0;0;26;6;2;"02";"02014";2;0;0
4;1;2;1988;9;1;0;0;7;3;3;"77";"77284";2;1;0
4;80;1;1961;1;1;0;0;13;11;2;"49";"49246";2;0;0
3;1;2;1955;0;0;0;0;7;3;1;"74";"74010";2;0;0
4;1;1;1997;0;1;0;0;14;11;3;"33";"33063";2;0;0
4;1;2;1977;5;1;0;0;6;3;1;"56";"56098";2;1;1
3;1;2;1962;0;1;0;0;23;6;2;"84";"84092";2;1;1
4;1;1;2009;5;1;0;0;6;3;1;"39";"39198";2;0;0
4;1;2;2003;4;0;0;1;7;3;1;"37";"37261";2;1;0
4;1;2;2001;5;0;0;1;14;11;1;"75";"75120";2;1;0
4;1;1;2008;5;1;0;0;6;3;1;"33";"33009";2;1;0
4;1;1;1988;5;1;0;0;14;11;1;"75";"75116";2;0;0
4;1;2;1983;5;1;0;0;14;11;1;"75";"75113";2;1;0
4;1;1;1986;1;1;0;0;7;3;3;"25";"25462";2;0;0
4;1;2;1990;1;0;0;0;14;11;3;"75";"75108";2;1;0
3;1;1;1952;5;1;0;0;3;2;1;"13";"13056";2;1;0
3;1;1;1970;0;1;0;0;14;11;3;"93";"93050";2;0;0
4;1;1;1998;0;0;0;0;7;10;3;"92";"92035";2;0;0
3;1;1;1957;5;1;0;0;14;11;1;"83";"83087";1;1;0
3;1;1;2017;5;1;0;0;14;11;3;"02";"02227";2;1;0
2;1;1;1952;3;1;0;0;15;11;1;"09";"09056";1;0;0
4;1;1;2003;5;0;0;0;7;3;1;"75";"75105";2;0;0
4;1;1;1949;5;1;0;0;14;11;1;"07";"07117";1;1;0
4;1;1;1959;5;1;0;0;14;11;1;"07";"07117";1;1;0
4;1;1;1958;5;1;0;0;14;11;1;"07";"07117";1;1;0
4;1;1;1953;9;1;0;0;7;3;1;"75";"75115";2;0;0
4;1;1;1963;1;1;0;0;15;11;1;"84";"84092";2;0;0
4;1;2;1999;1;0;0;0;7;3;1;"75";"75103";2;0;0
4;1;1;1971;0;1;0;0;7;3;3;"92";"92023";2;0;0
4;1;2;1995;1;1;0;0;7;3;1;"92";"92012";2;1;0
4;1;1;2009;9;1;0;0;19;12;1;"43";"43041";2;0;0
3;1;1;1962;3;0;0;0;19;12;1;"37";"37261";2;1;0
3;1;2;1993;5;1;0;0;18;12;1;"36";"36044";2;1;0
4;1;2;2008;3;0;0;1;19;12;1;"31";"31555";2;0;0
4;1;1;1960;0;1;0;0;19;12;1;"29";"29039";2;1;0
4;1;1;1950;5;1;0;0;8;3;1;"08";"08188";2;1;0
4;1;1;1945;5;0;0;0;7;3;1;"42";"42041";1;1;0
4;1;1;2004;0;0;1;0;19;12;1;"25";"25056";2;0;0
4;1;1;2013;5;1;0;0;8;3;1;"60";"60395";2;0;0
4;1;2;1965;1;1;0;0;19;12;2;"75";"75105";2;1;0
4;1;2;2008;1;1;0;0;18;12;3;"75";"75106";2;0;0
4;1;2;1993;9;0;0;1;18;12;1;"75";"75105";2;0;0
4;1;2;1984;9;0;0;1;18;12;1;"75";"75116";2;0;0
4;1;1;1986;0;1;0;0;9;2;1;"44";"44190";2;0;0
4;1;1;1992;0;0;0;0;9;2;1;"44";"44190";2;0;0
4;1;2;1976;0;1;0;0;6;2;1;"44";"44109";2;0;0
3;80;2;1994;0;0;1;0;6;3;1;"974";"97416";2;1;0
3;1;1;1949;5;1;0;0;6;3;1;"69";"69034";2;0;0
4;1;2;2000;0;1;0;0;19;12;3;"92";"92051";2;1;0
4;1;1;2009;0;1;0;0;12;4;1;"91";"91109";1;0;0
3;80;1;1977;1;1;0;0;20;12;2;"85";"85008";1;0;0
4;1;2;1948;5;1;0;0;13;4;1;"35";"35238";2;0;0
4;1;1;1979;1;1;0;0;13;4;1;"34";"34172";2;1;0
3;1;1;1964;5;0;0;0;28;5;1;"91";"91546";2;1;0
4;1;1;2010;2;1;0;0;13;4;1;"06";"06069";2;0;0
4;1;1;1993;5;1;0;0;11;4;1;"75";"75106";2;1;0
4;1;1;1950;0;1;0;0;13;4;1;"75";"75110";2;0;0
4;1;1;2011;5;1;0;0;9;8;1;"62";"62737";2;0;0
4;1;2;1957;0;1;0;0;13;4;1;"92";"92051";2;0;0
4;1;2;1976;5;1;0;0;13;4;1;"92";"92040";2;1;0
4;1;1;1953;5;0;0;0;24;1;2;"69";"69381";2;1;0
4;1;2;1997;1;0;0;0;24;1;2;"69";"69381";2;1;0
3;1;1;2011;5;1;0;0;13;4;1;"68";"68009";2;0;0
2;1;1;1949;5;0;0;0;14;4;1;"19";"19140";1;1;0
4;1;1;1974;5;0;0;0;30;8;1;"973";"97302";2;0;0
3;1;1;1978;5;1;0;0;14;4;1;"76";"76577";1;1;0
4;1;2;1989;4;1;0;0;11;1;1;"89";"89387";2;0;0
4;1;1;1992;0;1;0;0;24;1;1;"80";"80021";2;0;0
3;1;1;1965;5;0;0;0;13;4;1;"63";"63008";1;1;0
4;1;1;1997;2;1;0;0;3;9;1;"91";"91377";2;0;0
3;1;1;1949;5;0;0;0;13;4;1;"31";"31552";1;1;0
4;1;1;2011;2;1;0;0;24;1;1;"54";"54431";2;1;0
4;1;1;1959;5;0;0;0;3;9;1;"79";"79329";2;1;0
3;1;2;1984;1;1;0;0;24;1;1;"41";"41018";2;1;1
3;1;1;1955;5;1;0;0;8;4;1;"64";"64100";2;1;0
4;1;1;1988;0;1;0;0;24;1;3;"37";"37261";2;0;0
3;1;1;1991;5;1;0;0;14;4;1;"07";"07010";2;1;0
4;1;1;1985;1;1;0;0;24;1;1;"35";"35238";2;0;0
4;1;1;2002;0;1;0;0;23;1;3;"29";"29019";2;1;0
4;1;1;1952;5;1;0;0;3;9;1;"63";"63113";2;0;0
4;1;1;1957;0;1;0;0;23;1;1;"10";"10081";2;0;0
3;1;2;1977;5;1;0;0;13;4;1;"68";"68296";2;1;0
4;1;1;1937;5;0;0;0;24;1;3;"75";"75117";2;0;0
4;1;1;2005;0;1;0;0;2;9;1;"54";"54526";2;1;0
4;1;2;1962;5;1;0;0;24;1;1;"75";"75115";2;0;0
3;1;1;1953;5;1;0;0;14;4;1;"85";"85019";2;1;1
4;1;2;1997;9;1;0;0;24;1;1;"75";"75111";2;1;0
4;1;2;1989;5;1;0;0;24;1;1;"75";"75111";2;0;0
4;1;1;1995;2;0;0;0;24;1;1;"75";"75108";2;0;0
4;1;2;1999;9;0;1;0;24;1;1;"75";"75108";2;0;0
4;1;1;1984;9;1;0;0;24;1;3;"75";"75107";2;1;0
4;1;1;1971;1;1;0;0;3;9;2;"37";"37195";2;0;0
4;1;1;1952;3;1;0;0;24;7;1;"86";"86194";2;0;0
4;1;1;2001;0;1;0;0;2;9;1;"10";"10362";2;0;0
3;1;2;1946;5;1;0;0;23;5;1;"33";"33229";2;0;0
3;1;2;2005;5;0;0;0;22;7;1;"61";"61006";2;0;0
2;1;1;1955;5;1;0;0;24;1;1;"26";"26108";1;1;0
4;1;1;1996;5;0;0;0;3;9;1;"75";"75110";2;0;0
2;1;1;1951;5;1;0;0;25;1;1;"07";"07343";1;1;0
4;1;1;2009;5;0;0;1;3;9;1;"75";"75108";2;0;0
4;1;1;1987;1;1;0;0;3;9;1;"75";"75108";2;0;0
4;1;1;1970;0;1;0;0;3;9;1;"93";"93014";2;1;0
3;1;1;1949;5;1;0;0;24;1;1;"85";"85161";1;1;0
3;1;1;1964;5;1;0;0;2;9;1;"974";"97415";2;0;0
4;80;2;2007;5;0;0;0;22;5;1;"88";"88160";2;0;0
4;80;1;1982;0;1;0;0;22;5;1;"84";"84007";2;0;0
4;1;1;1953;0;1;0;0;21;5;1;"84";"84007";2;0;0
3;1;2;1977;1;1;0;0;16;5;1;"77";"77251";1;1;0
3;1;1;2001;5;1;0;0;24;1;3;"69";"69387";2;0;0
4;1;2;1976;5;1;0;0;26;7;3;"75";"75110";2;0;0
4;1;1;2006;5;1;0;0;21;5;1;"54";"54547";2;0;0
4;1;1;1992;5;0;0;0;22;5;1;"45";"45075";2;1;0
3;1;1;1949;5;0;0;0;4;9;1;"05";"05084";1;1;0
3;1;2;1997;0;1;0;0;3;9;1;"37";"37214";1;1;0
4;1;2;1945;3;1;0;0;22;5;1;"37";"37122";2;0;0
3;1;1;1967;0;0;0;1;22;1;1;"84";"84007";2;0;0
4;1;1;2012;2;0;0;0;23;1;1;"83";"83069";2;0;0
4;80;1;1998;1;1;0;0;22;5;1;"33";"33522";2;0;0
3;1;1;1963;0;1;0;0;25;7;1;"51";"51649";2;0;0
2;1;1;1951;0;1;0;0;4;9;1;"13";"13089";1;1;0
2;1;1;1960;5;0;0;0;2;9;1;"73";"73123";1;1;0
3;1;1;1964;0;1;0;0;19;5;1;"12";"12176";1;1;1
4;80;1;1968;9;1;0;0;22;5;2;"75";"75120";2;0;0
4;1;1;1991;9;1;0;0;22;5;1;"75";"75109";2;0;0
4;1;1;1963;4;0;0;0;22;5;1;"94";"94016";2;1;0
2;80;1;1957;5;1;0;0;28;7;1;"42";"42081";2;1;0
3;80;1;1962;5;1;0;0;28;7;1;"42";"42081";2;1;0
3;1;1;1979;0;0;0;0;28;7;1;"38";"38126";1;0;0
4;1;1;2001;0;0;0;0;22;5;3;"92";"92020";2;0;0
3;1;1;2004;0;0;0;0;22;5;1;"92";"92048";2;0;0
3;80;1;1959;5;0;0;0;19;5;1;"47";"47278";1;1;0
4;1;1;2005;5;1;0;0;27;7;1;"971";"97112";1;1;0
4;1;2;2000;1;1;0;0;23;5;1;"68";"68332";2;1;0
4;1;1;1947;5;0;0;1;28;7;1;"30";"30130";1;0;0
3;1;1;1970;5;1;0;0;27;7;1;"70";"70205";2;1;0
3;1;1;1952;5;1;0;0;21;5;1;"24";"24563";1;1;0
4;80;1;1969;5;1;0;0;22;5;1;"27";"27165";2;0;0
4;1;1;1999;9;1;0;0;26;7;3;"973";"97302";2;0;1
4;1;1;1984;0;1;0;0;21;5;1;"69";"69387";2;1;0
4;1;2;1993;0;1;0;0;21;5;1;"69";"69383";2;0;0
4;1;2;1971;1;0;0;0;21;5;1;"69";"69386";2;1;0
4;1;1;1962;0;1;0;0;25;7;1;"80";"80021";2;0;0
4;1;1;1966;0;1;0;0;25;7;1;"72";"72181";2;1;0
4;1;1;1970;9;1;0;0;21;5;1;"64";"64024";2;0;0
4;1;1;1972;5;1;0;0;20;5;1;"62";"62126";2;0;0
3;1;2;1949;5;1;0;0;26;7;1;"68";"68066";2;0;0
4;1;1;1964;0;1;0;0;20;5;1;"60";"60175";2;0;0
3;1;1;2004;0;1;0;0;26;7;3;"54";"54482";2;1;0
4;1;1;1988;9;1;0;0;7;10;1;"75";"75111";2;0;0
4;1;1;1967;0;1;0;0;8;10;1;"94";"94076";2;0;0
4;1;1;1978;5;1;0;0;8;10;3;"92";"92050";2;1;0
4;80;2;1991;1;0;0;0;7;10;1;"92";"92020";2;1;1
3;1;1;1969;5;1;0;0;8;10;1;"81";"81002";1;1;0
3;1;1;1939;5;1;0;0;8;10;1;"47";"47252";2;0;0
3;1;1;1980;9;1;0;0;6;10;2;"38";"38422";2;0;0
3;80;1;2009;5;1;0;0;8;10;1;"26";"26063";2;0;0
4;1;2;1997;5;0;0;0;8;10;1;"69";"69140";2;1;0
4;1;1;1994;5;1;0;0;8;10;1;"69";"69052";2;0;0
3;1;1;1988;5;1;0;0;9;10;1;"14";"14762";2;0;0
2;1;1;1967;0;0;0;0;5;10;2;"44";"44131";2;0;0
4;1;1;1965;5;0;0;0;26;6;1;"29";"29150";2;1;0
2;1;1;1990;0;1;0;0;5;10;3;"971";"97101";1;1;0
4;80;1;1997;2;1;0;0;4;10;1;"87";"87085";2;0;0
4;1;1;1984;5;1;0;0;6;10;1;"54";"54395";2;0;0
4;1;1;1937;0;1;0;0;6;10;1;"54";"54578";2;0;0
4;1;2;1981;1;1;0;0;7;10;2;"22";"22278";2;1;1
4;1;1;1998;1;1;0;0;7;10;1;"75";"75115";2;0;0
4;80;2;1976;1;1;0;0;7;10;1;"75";"75108";2;0;0
4;1;2;1983;0;1;0;0;7;10;3;"94";"94003";2;1;0
3;1;2;1950;3;1;0;0;25;6;1;"81";"81060";2;0;0
3;1;1;2011;0;1;0;0;25;6;1;"78";"78383";2;0;0
3;1;1;1959;0;1;0;0;23;6;1;"76";"76351";2;0;0
4;1;1;1987;5;1;0;0;24;6;1;"74";"74281";1;0;0
4;1;2;2014;5;1;0;0;24;6;1;"67";"67482";2;0;0
3;1;1;1982;5;0;0;0;26;6;3;"64";"64445";2;0;0
4;80;1;1962;5;1;0;0;25;6;1;"63";"63113";2;1;0
3;1;1;1949;3;0;0;0;25;6;1;"51";"51108";2;1;0
4;1;2;2001;5;1;0;0;25;6;1;"33";"33281";2;0;0
4;1;1;2000;4;1;0;0;25;6;1;"25";"25056";2;0;0
4;1;1;1997;0;1;0;0;13;11;1;"30";"30351";2;0;0
3;1;1;1936;5;0;1;0;25;6;1;"01";"01289";1;1;0
4;1;1;1995;0;0;1;0;13;11;1;"69";"69256";2;0;0
4;1;1;1964;1;0;0;0;25;6;1;"75";"75114";2;0;0
4;80;2;1994;1;0;0;0;25;6;1;"75";"75110";2;0;0
4;80;1;1989;5;0;0;0;25;6;1;"75";"75110";2;0;0
4;1;1;1961;1;1;0;0;25;6;1;"75";"75101";2;1;0
4;1;1;1993;4;1;0;0;13;11;1;"57";"57463";2;0;0
3;1;1;2001;0;0;0;0;12;11;2;"28";"28085";2;0;0
4;1;1;1969;5;1;0;0;25;6;1;"60";"60539";2;1;0
4;1;1;2001;9;1;0;0;13;11;3;"75";"75119";2;0;0
4;1;2;2001;1;1;0;0;13;11;1;"75";"75117";2;0;0
4;1;1;1969;1;1;0;0;13;11;1;"75";"75111";2;0;0
4;1;2;1963;1;1;0;0;26;6;1;"30";"30034";2;1;0
4;1;1;1944;5;0;0;0;26;6;1;"22";"22251";2;1;0
4;1;1;2013;5;0;0;0;13;11;1;"92";"92050";2;0;0
3;1;1;1952;5;1;0;0;25;6;1;"64";"64160";2;1;0
4;80;2;1982;1;1;0;0;12;11;1;"44";"44071";2;1;0
2;80;2;1952;5;1;0;0;13;11;1;"82";"82125";1;1;1
3;1;1;1970;5;0;0;0;22;6;1;"04";"04156";1;1;0
3;80;2;1998;5;0;0;1;25;6;1;"69";"69116";1;1;0
3;1;1;1952;5;1;0;0;11;11;1;"27";"27017";1;1;0
4;1;1;1959;5;0;0;0;14;11;1;"50";"50298";1;1;0
4;1;1;2005;1;1;0;0;12;4;1;"972";"97213";1;0;0
4;1;2;1987;0;1;0;0;17;6;2;"44";"44109";2;0;0
3;1;2;1993;5;1;0;0;25;6;1;"988";"98818";2;0;0
3;1;1;2001;5;0;0;0;2;9;1;"74";"74299";2;0;0
3;1;2;1984;3;1;0;0;31;8;1;"74";"74112";2;1;0
3;80;2;1976;5;0;0;0;14;7;1;"74";"74005";1;0;0
3;1;1;2008;2;0;0;1;8;11;1;"85";"85194";2;0;0
4;1;1;1962;1;1;0;0;6;3;1;"61";"61001";2;1;0
4;1;2;1967;5;0;0;0;11;11;1;"64";"64132";2;1;0
4;1;1;1953;5;0;0;0;6;3;1;"45";"45068";2;1;0
4;1;1;1976;1;1;0;0;12;11;2;"59";"59368";2;1;1
4;1;1;2001;5;1;0;0;6;3;3;"37";"37261";2;0;0
4;80;2;2011;2;1;0;0;12;11;1;"44";"44184";2;0;0
4;1;2;1971;0;1;0;0;6;3;1;"33";"33063";2;0;0
4;1;1;2007;5;1;0;0;5;3;1;"29";"29039";2;1;0
4;1;1;1989;0;0;0;0;6;3;1;"27";"27681";2;0;0
4;1;1;1997;1;1;0;0;6;3;1;"75";"75113";2;1;0
4;80;1;1983;4;0;0;0;6;3;1;"75";"75109";2;0;0
4;80;2;1965;1;1;0;0;6;3;1;"75";"75101";2;0;0
4;1;2;1991;1;0;0;0;17;12;3;"87";"87085";2;0;0
4;1;1;1957;0;1;0;0;18;12;1;"85";"85191";2;1;1
4;80;2;1982;0;1;0;0;7;3;1;"78";"78356";2;0;0
4;1;1;1992;5;1;0;0;18;12;3;"66";"66136";2;0;0
4;1;2;1966;0;1;0;0;2;2;1;"44";"44109";2;0;0
4;1;2;1991;1;1;0;0;5;3;1;"973";"97302";2;0;1
4;1;1;1970;0;1;0;0;18;12;3;"58";"58194";2;0;1
4;1;1;1993;0;1;0;0;16;12;3;"51";"51454";2;1;0
4;1;1;1965;1;1;0;0;4;3;1;"86";"86194";2;1;0
3;1;2;1984;5;1;0;0;3;3;1;"86";"86194";2;1;0
3;1;1;1963;-1;1;0;0;17;12;1;"47";"47031";2;0;0
4;80;2;1957;0;1;0;0;17;12;1;"45";"45147";2;1;0
4;1;1;1997;0;1;0;0;12;4;3;"69";"69386";2;0;0
4;1;2;1954;0;1;0;0;12;4;1;"69";"69387";1;1;0
4;1;1;1976;0;1;0;0;4;3;1;"72";"72181";2;0;0
4;1;1;1984;0;0;0;1;18;12;3;"31";"31555";2;1;0
4;1;2;1952;5;1;0;0;23;1;1;"64";"64445";2;0;0
4;1;1;2005;0;1;0;0;18;12;3;"25";"25056";2;0;0
4;1;1;2002;4;1;0;0;12;4;1;"73";"73065";2;0;0
4;1;2;1991;1;1;0;0;12;4;1;"69";"69266";2;1;0
4;1;1;1991;1;1;0;0;23;1;3;"35";"35238";2;0;0
4;1;1;2011;2;1;0;0;18;12;3;"10";"10325";2;0;0
3;1;1;2006;5;1;0;0;12;4;1;"62";"62774";2;0;0
4;1;1;1973;4;1;0;0;12;4;1;"59";"59328";2;0;0
4;1;2;1975;9;0;0;0;18;12;2;"75";"75116";2;0;0
4;1;1;2005;5;1;0;0;12;4;3;"51";"51454";2;0;0
4;80;1;1994;4;1;0;0;12;4;3;"38";"38185";2;0;0
4;1;2;1976;1;0;0;1;5;3;1;"75";"75119";2;1;0
4;1;1;2003;5;0;0;0;13;4;3;"35";"35238";2;0;0
4;1;1;1967;1;1;0;0;12;4;1;"33";"33069";2;1;1
3;1;2;1974;0;1;0;0;5;3;1;"75";"75108";2;0;0
4;1;2;1993;0;0;0;0;18;12;3;"93";"93055";2;0;0
2;1;1;1969;0;0;0;0;12;4;1;"33";"33529";2;1;0
4;1;1;1993;9;0;0;1;23;1;3;"75";"75118";2;0;0
4;1;1;1966;1;0;0;1;18;12;2;"92";"92020";2;1;0
2;1;1;1972;0;1;0;0;12;4;1;"13";"13209";1;1;0
4;1;1;1977;0;0;0;1;12;4;1;"06";"06069";2;0;0
4;1;1;1966;0;0;1;0;23;1;1;"92";"92063";2;1;0
3;1;2;1989;0;1;0;0;23;1;1;"92";"92048";2;1;0
2;1;1;1957;5;0;0;0;24;1;1;"86";"86028";1;1;0
4;80;2;1957;5;1;0;0;24;1;1;"65";"65025";2;1;0
4;1;1;1977;2;1;0;0;23;1;1;"65";"65025";2;0;0
4;1;1;1987;4;0;0;0;12;4;1;"75";"75102";2;0;0
4;1;2;1987;1;1;0;0;12;4;1;"94";"94016";2;0;0
4;1;1;1984;0;0;0;0;12;4;2;"92";"92062";2;1;0
4;1;1;2008;0;1;0;0;20;5;1;"51";"51172";2;0;0
4;1;1;1997;0;1;0;0;15;8;1;"44";"44109";2;0;0
4;80;2;1969;0;1;0;0;14;8;1;"44";"44143";2;0;0
4;1;1;1966;1;1;0;0;21;5;2;"38";"38053";2;1;0
4;1;1;1986;0;1;0;0;11;8;1;"44";"44109";2;0;0
4;1;2;1960;0;0;0;0;10;8;1;"44";"44109";2;0;0
4;1;1;1963;0;1;0;0;21;5;1;"25";"25388";2;0;0
3;1;1;1980;5;1;0;0;12;4;1;"76";"76711";2;0;0
4;1;1;1983;0;1;0;0;30;7;2;"44";"44162";2;0;0
4;1;1;2008;5;1;0;0;12;4;1;"22";"22377";2;1;0
4;1;1;1994;0;1;0;0;30;7;3;"44";"44109";2;0;0
2;1;1;1977;9;1;0;0;13;4;1;"31";"31027";1;1;0
4;1;1;1975;9;0;0;1;21;5;1;"75";"75117";2;0;0
4;1;1;2006;5;1;0;0;2;9;1;"91";"91477";2;1;0
4;1;1;1970;9;1;0;0;21;5;1;"75";"75116";2;1;0
3;1;2;1993;1;1;0;0;22;1;1;"85";"85191";2;1;0
4;1;1;1967;5;1;0;0;31;8;1;"87";"87085";2;1;0
2;1;1;1973;5;1;0;0;1;9;1;"84";"84007";2;0;0
4;1;1;1949;5;0;0;1;24;7;1;"50";"50129";2;1;1
4;1;1;1994;1;0;0;0;21;5;1;"75";"75110";2;0;0
4;1;2;1986;1;0;0;0;21;5;1;"75";"75110";2;1;0
4;1;1;1992;0;1;0;0;27;7;3;"33";"33063";2;1;1
3;1;1;1950;0;0;0;0;29;8;1;"76";"76351";2;1;0
4;1;2;1987;9;0;0;0;21;5;1;"94";"94003";2;0;0
4;1;1;1959;5;1;0;0;26;7;1;"31";"31555";2;1;0
3;1;1;1972;5;1;0;0;12;4;1;"04";"04094";1;1;0
4;1;1;2006;0;1;0;0;20;1;3;"76";"76351";2;1;0
4;1;1;1948;5;0;0;0;26;7;1;"17";"17380";1;1;0
4;1;2;1981;5;0;0;0;26;7;1;"17";"17380";1;1;0
2;1;1;1966;5;0;0;0;10;4;1;"91";"91679";1;1;0
3;80;1;2010;9;1;0;0;2;9;1;"64";"64024";2;1;0
4;1;2;1980;0;1;0;0;21;1;1;"67";"67218";2;0;0
4;1;1;1972;0;1;0;0;2;9;1;"63";"63113";2;1;0
3;1;1;1972;5;1;0;0;13;4;1;"30";"30330";1;1;0
4;80;1;1966;1;1;0;0;2;9;1;"59";"59009";2;0;0
3;1;1;2008;5;0;0;0;13;4;1;"63";"63470";1;1;0
4;1;1;2006;0;1;0;0;19;1;1;"49";"49007";2;0;0
3;1;1;1938;5;1;0;0;26;7;1;"06";"06123";2;1;0
4;1;1;1943;5;0;0;0;1;9;1;"37";"37261";2;1;0
4;1;1;1980;1;0;0;0;22;1;3;"29";"29232";2;1;0
2;1;1;1956;5;1;0;0;22;5;1;"35";"35010";2;1;0
4;1;2;1963;9;0;0;0;26;7;1;"75";"75120";2;1;0
4;80;1;1996;5;0;0;0;26;7;1;"75";"75110";2;0;0
4;1;1;2006;5;1;0;0;2;9;1;"75";"75115";2;0;0
2;1;1;1954;5;1;0;0;21;5;2;"71";"71176";1;0;0
4;80;1;1979;5;1;0;0;2;9;1;"75";"75110";2;0;0
4;1;1;1995;5;0;0;0;22;1;3;"75";"75115";2;1;0
4;80;1;1988;1;0;0;1;26;7;1;"92";"92063";2;0;0
4;80;1;1987;3;1;0;0;2;9;1;"92";"92064";2;0;0
4;1;1;2002;9;0;0;0;2;9;1;"92";"92050";2;0;0
4;1;1;1994;0;1;0;0;2;9;1;"92";"92040";2;1;0
3;1;1;1954;5;1;0;0;5;2;1;"50";"50454";1;1;1
4;1;1;2010;5;1;0;0;2;9;1;"51";"51530";2;0;0
4;80;1;1954;9;0;0;0;31;8;1;"19";"19019";2;1;0
3;1;1;2000;0;1;0;0;20;5;1;"78";"78190";2;0;0
3;1;1;2001;5;1;0;0;2;9;1;"63";"63236";1;1;0
4;1;2;1974;5;1;0;0;2;9;1;"03";"03106";1;1;0
3;80;1;1961;5;0;0;0;2;9;1;"15";"15265";2;1;0
4;1;1;1970;5;1;0;0;20;5;1;"13";"13210";2;1;0
4;80;1;1994;5;0;0;0;20;5;1;"75";"75108";2;1;0
4;1;1;1958;5;0;0;0;27;7;1;"66";"66008";1;0;0
3;1;1;1983;5;1;0;0;2;9;2;"30";"30294";1;1;0
4;1;1;1969;5;1;0;0;27;7;1;"38";"38565";2;1;0
2;1;1;1954;0;0;0;0;20;5;1;"68";"68162";2;0;0
4;1;2;1955;5;0;0;0;21;5;1;"51";"51607";2;0;0
2;1;2;1952;5;0;0;0;21;5;1;"51";"51607";2;0;0
4;1;1;1999;0;1;0;0;25;7;1;"69";"69388";2;0;0
3;1;1;2000;4;1;0;0;24;1;1;"84";"84003";2;1;0
3;1;1;1946;5;1;0;0;25;7;1;"69";"69385";2;1;0
3;1;1;1972;5;1;0;0;19;5;1;"83";"83042";2;1;0
3;1;1;1974;5;1;0;0;1;9;3;"62";"62498";2;0;0
4;1;1;2008;5;0;1;0;31;8;1;"56";"56260";2;0;0
4;1;1;2008;5;0;0;0;25;7;1;"71";"71499";2;0;0
4;80;1;1975;4;1;0;0;25;7;1;"67";"67482";2;0;0
4;1;2;2003;0;0;0;0;24;7;1;"59";"59009";2;1;0
4;80;1;2004;0;1;0;0;25;7;1;"56";"56260";2;0;0
4;1;1;1995;0;1;0;0;24;7;1;"54";"54395";2;0;0
4;1;1;1941;5;1;0;0;25;7;1;"42";"42207";2;1;0
4;1;1;1984;4;0;0;0;7;10;1;"92";"92022";2;1;0
4;1;2;1960;0;1;0;0;7;10;3;"92";"92049";2;0;0
4;1;1;1992;0;0;0;1;25;7;1;"33";"33318";2;0;0
4;1;1;2012;2;1;0;0;7;10;1;"92";"92026";2;0;0
4;1;1;1980;5;1;0;0;25;7;1;"33";"33529";2;0;0
3;1;1;1987;5;0;1;0;25;7;1;"31";"31555";2;0;0
3;1;2;1978;5;0;0;1;24;7;1;"31";"31555";2;0;0
3;1;2;1971;0;0;0;0;7;10;1;"80";"80006";1;1;0
4;1;2;1953;5;1;0;0;7;10;1;"01";"01266";2;0;0
3;80;1;1955;5;1;0;0;3;10;1;"14";"14177";2;1;0
3;1;1;2013;2;1;0;0;7;10;1;"21";"21295";2;0;0
3;1;1;1984;5;1;0;0;7;10;1;"69";"69068";2;1;0
4;1;1;1986;1;1;0;0;16;5;1;"93";"93070";2;0;0
4;1;1;1996;5;1;0;0;5;10;1;"78";"78224";2;1;0
4;80;1;1975;0;1;0;0;6;10;3;"45";"45147";2;0;0
4;1;2;1993;5;1;0;0;6;10;3;"75";"75119";2;0;0
4;1;2;2008;9;0;0;1;5;10;3;"75";"75118";2;0;0
4;1;1;1971;9;1;0;0;5;10;1;"75";"75116";2;1;0
4;1;2;2000;5;1;0;0;6;10;3;"75";"75109";2;0;0
4;1;2;2000;5;1;0;0;6;10;3;"75";"75109";2;0;0
4;1;1;2001;5;0;0;0;6;10;1;"92";"92048";1;1;0
3;1;1;1974;5;1;0;0;5;10;1;"17";"17010";1;1;0
3;1;1;1969;5;1;0;0;27;9;1;"62";"62763";2;1;0
2;1;1;1963;5;1;0;0;5;10;1;"02";"02713";1;1;0
4;1;2;2009;2;0;0;0;24;6;1;"87";"87085";2;0;0
2;1;1;1966;5;0;0;0;24;6;3;"86";"86066";2;0;0
4;1;1;1970;0;0;0;1;23;6;1;"80";"80256";1;1;0
4;1;1;1961;5;1;0;0;21;6;1;"76";"76552";2;1;0
4;1;1;1985;0;1;0;0;22;6;1;"67";"67267";2;0;0
4;1;1;2005;5;0;1;0;24;6;1;"35";"35238";2;0;0
3;80;2;1964;5;0;0;0;20;6;1;"22";"22113";2;0;0
4;1;1;1992;5;1;0;0;23;6;1;"06";"06027";2;1;0
4;80;1;1981;9;1;0;0;24;6;1;"75";"75106";2;0;0
4;1;2;1997;1;0;0;0;24;6;1;"75";"75115";2;0;0
4;80;1;2002;4;1;0;0;23;6;1;"75";"75114";2;0;0
4;1;1;1976;5;1;0;0;23;6;1;"92";"92050";2;1;0
4;1;2;1991;0;1;0;0;18;6;1;"92";"92036";2;0;0
3;1;1;1946;5;0;0;0;24;6;1;"92";"92035";2;0;0
4;1;2;1999;1;0;0;0;12;11;1;"35";"35238";2;1;0
3;1;2;1957;5;0;0;0;24;6;1;"37";"37271";2;0;0
3;1;1;1996;5;0;1;0;25;6;1;"974";"97404";2;1;0
3;1;1;1971;5;0;0;0;23;6;1;"54";"54138";1;1;0
3;80;1;1987;0;0;0;0;25;6;1;"06";"06079";2;0;0
4;1;2;1998;5;1;0;0;20;6;1;"45";"45341";1;1;0
3;1;1;1998;5;1;0;0;24;6;1;"07";"07237";1;1;0
3;1;1;1988;0;1;0;0;12;11;2;"94";"94065";1;0;0
3;1;1;1936;5;1;0;0;23;6;1;"83";"83071";1;1;0
4;1;2;1965;1;0;0;0;12;11;1;"92";"92019";2;1;0
4;1;2;1957;5;1;0;0;12;11;1;"92";"92004";2;1;0
2;1;1;1992;0;1;0;0;6;2;2;"974";"97415";2;0;0
4;1;1;1971;0;0;0;0;11;11;3;"50";"50215";2;0;0
4;80;2;2009;5;1;0;0;13;11;1;"973";"97304";2;0;0
4;1;1;1996;5;0;0;0;23;6;1;"78";"78190";2;0;0
4;1;1;1994;5;1;0;0;23;6;1;"78";"78299";2;0;0
4;1;2;1987;0;0;0;0;12;5;1;"73";"73065";1;0;0
4;1;1;2003;5;1;0;0;18;6;2;"62";"62119";2;0;0
4;1;2;1956;5;1;0;0;23;6;1;"49";"49328";2;0;0
4;1;1;1980;0;1;0;0;11;11;2;"69";"69383";2;1;0
4;1;1;2010;0;1;0;0;23;6;1;"31";"31555";2;0;0
4;1;1;2003;5;0;0;0;22;6;2;"27";"27554";1;0;0
4;1;1;1999;5;1;0;0;21;6;3;"27";"27681";2;0;0
3;80;1;1972;3;0;0;0;11;11;1;"33";"33069";2;1;0
4;1;1;2005;0;1;0;0;11;11;3;"29";"29232";2;0;0
4;1;1;1978;5;1;0;0;11;11;1;"75";"75106";2;0;0
4;1;1;1988;5;0;0;1;11;11;3;"75";"75115";2;0;0
4;1;2;1987;5;1;0;0;11;11;3;"75";"75110";2;1;0
3;1;1;1966;5;1;0;0;10;11;1;"79";"79355";2;1;0
4;80;1;1996;1;1;0;0;30;11;1;"63";"63284";2;0;0
4;1;1;1955;5;1;0;0;18;12;1;"01";"01275";1;1;0
4;1;2;2010;2;1;0;0;5;3;1;"93";"93051";2;0;0
3;80;1;1963;0;0;0;1;17;12;2;"78";"78073";1;1;0
4;80;1;1991;5;0;0;0;5;3;1;"92";"92020";2;0;0
3;1;2;1944;5;1;0;0;5;3;1;"35";"35239";2;0;0
4;1;2;2003;0;1;0;0;16;12;3;"69";"69387";2;0;0
4;1;1;1997;5;1;0;0;16;12;3;"95";"95203";2;1;0
3;1;1;1954;0;1;0;0;5;3;1;"85";"85128";2;1;0
4;80;2;1989;5;1;0;0;13;12;3;"87";"87085";2;0;0
4;1;1;1977;5;1;0;0;13;12;1;"87";"87085";2;0;0
4;1;1;1987;0;1;0;0;16;12;1;"84";"84007";2;0;0
4;1;1;1934;0;1;0;0;16;12;1;"84";"84007";2;0;0
4;1;2;1967;0;0;1;0;16;12;2;"74";"74012";2;1;0
3;1;2;1965;1;1;0;0;6;3;1;"42";"42094";2;0;0
4;1;2;1993;0;1;0;0;16;12;1;"64";"64445";2;1;0
4;1;1;2003;2;1;0;0;16;12;1;"56";"56260";1;1;1
4;1;1;1955;5;1;0;0;15;12;1;"56";"56121";2;1;0
4;1;1;1978;0;1;0;0;30;1;1;"44";"44109";2;0;0
4;1;1;1983;0;1;0;0;21;1;3;"44";"44109";2;0;0
4;1;1;1987;5;1;0;0;16;12;1;"33";"33522";2;0;0
4;1;1;1966;1;1;0;0;4;3;1;"95";"95063";2;1;0
4;1;2;1978;1;1;0;0;17;12;3;"75";"75113";2;1;0
4;1;1;1995;9;1;0;0;17;12;3;"75";"75113";2;0;0
4;1;1;2010;5;1;0;0;17;12;3;"94";"94003";2;1;0
4;1;1;1998;0;1;0;0;25;2;1;"71";"71076";2;0;0
4;1;1;2011;2;1;0;0;17;12;1;"93";"93051";2;1;0
3;1;1;1963;5;1;0;0;12;12;1;"35";"35120";1;0;0
2;1;1;1960;5;0;0;0;17;12;1;"16";"16316";1;1;0
3;1;1;2010;0;1;0;0;18;12;2;"42";"42313";1;0;0
4;80;1;1996;1;1;0;0;4;3;1;"75";"75105";2;0;0
4;1;1;2004;1;1;0;0;11;4;1;"88";"88160";2;0;0
4;1;2;1992;9;0;0;0;4;3;3;"75";"75115";2;1;0
4;1;1;1980;0;1;0;1;11;4;1;"83";"83137";2;0;0
4;1;1;1983;0;1;0;0;11;4;1;"83";"83137";2;0;0
4;1;2;1959;9;1;0;0;10;4;1;"80";"80021";2;0;0
4;1;1;1987;1;1;0;0;4;3;1;"94";"94076";2;0;0
4;1;2;1989;1;1;0;0;4;3;1;"93";"93070";2;1;1
4;1;2;2006;0;1;0;0;11;4;2;"74";"74010";2;0;0
4;1;1;1981;0;1;0;0;10;4;1;"69";"69264";2;0;0
4;1;1;1991;0;0;0;0;4;3;1;"92";"92048";2;1;0
3;1;1;2006;0;1;0;0;11;4;2;"59";"59378";2;0;0
4;1;1;2015;5;1;0;0;11;4;1;"54";"54431";2;0;0
3;80;1;1949;3;0;0;0;11;4;1;"54";"54431";2;1;0
4;1;2;1981;5;0;0;0;22;1;3;"75";"75101";2;0;0
4;1;1;1973;1;0;0;0;21;1;3;"75";"75104";2;0;0
4;1;2;2002;0;1;0;0;22;1;1;"94";"94073";2;1;0
4;1;2;1970;0;1;0;0;11;4;2;"25";"25056";2;1;0
4;1;1;2001;0;1;0;0;11;4;1;"25";"25056";2;1;0
4;1;1;1998;1;1;0;0;22;1;3;"92";"92002";2;0;0
2;1;1;1970;5;0;0;0;21;1;1;"06";"06095";2;1;0
3;1;1;1999;5;1;0;0;10;4;1;"10";"10343";2;1;0
3;1;1;1944;5;1;0;0;22;1;1;"80";"80253";2;0;0
4;1;2;1986;1;1;0;0;11;4;3;"75";"75119";2;1;0
4;80;1;1990;5;1;0;1;10;4;1;"75";"75120";2;0;0
4;1;1;1993;9;1;0;0;11;4;3;"75";"75113";2;0;0
2;1;1;1945;5;1;0;0;22;1;1;"30";"30133";2;0;0
4;1;1;1967;9;1;0;0;11;4;1;"75";"75112";2;0;0
3;1;1;2000;9;0;0;1;11;4;3;"75";"75111";2;0;0
4;1;1;1998;5;1;0;0;11;4;1;"75";"75107";2;0;0
4;1;1;2002;5;0;0;0;10;4;3;"75";"75107";2;0;0
3;1;1;2003;5;1;0;0;21;5;1;"59";"59524";2;0;0
4;80;2;1986;1;1;0;0;11;4;1;"94";"94033";2;0;0
4;1;1;1972;0;0;0;1;10;4;1;"94";"94018";2;1;0
4;1;2;1996;5;1;0;0;10;4;3;"92";"92063";2;0;0
4;1;2;1997;5;1;0;0;19;5;1;"69";"69034";2;1;0
4;80;2;1983;5;0;0;1;19;5;1;"69";"69381";2;1;0
4;1;1;1995;0;1;0;0;20;1;1;"38";"38151";2;1;0
3;1;2;2013;5;1;0;0;19;5;1;"83";"83034";2;1;0
4;1;1;2006;5;1;0;0;21;1;1;"22";"22360";2;1;0
3;1;1;1986;5;1;0;0;19;5;1;"59";"59350";2;1;0
4;1;1;1983;1;1;0;0;1;9;2;"18";"18033";1;1;1
4;1;1;2003;0;1;0;0;19;5;1;"54";"54395";2;0;0
2;1;1;1996;1;1;0;0;11;4;3;"10";"10268";2;0;0
3;80;1;1998;5;1;0;0;1;9;3;"13";"13206";2;0;0
4;1;1;2013;-1;1;0;0;21;1;3;"93";"93031";2;0;0
3;1;1;2008;5;1;0;0;11;4;1;"971";"97118";2;0;0
3;80;2;1967;5;1;0;0;1;9;1;"03";"03101";2;1;0
3;1;1;1954;5;1;0;0;11;4;1;"13";"13005";1;1;0
3;1;1;1958;5;1;0;0;20;1;1;"33";"33081";2;1;0
4;1;2;1996;9;1;0;0;18;5;1;"75";"75115";2;1;0
4;1;2;1995;9;0;0;1;1;9;1;"75";"75114";2;1;0
4;1;1;2004;1;1;0;0;22;1;1;"56";"56243";2;1;0
4;1;1;1963;5;0;0;0;19;5;1;"75";"75110";2;0;0
4;1;2;1998;9;1;0;0;19;5;3;"75";"75102";2;0;0
4;1;2;1961;9;1;0;0;18;5;3;"75";"75104";2;0;0
4;1;2;1996;5;0;0;0;22;1;3;"03";"03264";2;0;0
4;1;1;1990;5;0;0;0;1;9;1;"94";"94069";2;0;0
4;1;1;1978;5;1;0;0;1;9;1;"94";"94075";2;1;0
4;1;1;1969;0;0;0;0;19;5;1;"93";"93057";2;0;0
2;80;1;1970;5;1;0;0;19;1;3;"35";"35353";2;1;1
4;1;2;1979;5;1;0;0;18;5;1;"92";"92078";2;0;0
3;1;1;1942;5;1;0;0;30;8;1;"42";"42338";1;0;0
4;1;1;1986;5;1;0;0;2;9;1;"14";"14579";1;1;0
4;1;1;1970;0;1;0;0;10;4;1;"78";"78224";2;1;0
4;1;1;2006;5;0;0;0;20;5;1;"65";"65388";1;1;0
4;1;1;2000;5;1;0;0;25;7;1;"75";"75119";2;0;0
4;1;2;1970;5;0;0;0;24;7;1;"75";"75113";2;0;0
4;1;1;2000;1;0;0;0;24;7;1;"75";"75107";2;1;0
3;1;1;2006;5;1;0;0;20;5;2;"38";"38338";1;0;0
4;1;1;1995;0;1;0;0;25;7;1;"94";"94054";2;1;0
4;1;1;1954;9;1;0;0;25;7;1;"93";"93046";2;0;0
2;1;1;1970;5;0;0;0;1;9;1;"29";"29130";1;1;0
3;1;1;1972;5;1;0;0;1;9;1;"38";"38504";1;0;0
4;1;1;1962;1;0;0;1;25;7;1;"92";"92026";2;1;0
3;1;1;1958;5;1;0;0;31;8;1;"58";"58031";2;1;0
4;1;2;1944;5;1;0;0;20;1;1;"45";"45147";2;0;0
3;1;1;1979;4;0;0;0;26;7;1;"51";"51030";2;1;0
3;1;1;1974;5;0;0;0;25;7;1;"65";"65291";1;1;0
3;1;1;1976;1;1;0;0;2;9;1;"53";"53136";1;0;0
4;1;1;2014;5;1;0;0;20;5;1;"26";"26220";2;0;0
2;1;1;1946;5;1;0;0;2;9;1;"13";"13044";1;1;0
3;1;1;1942;5;1;0;0;25;7;1;"14";"14020";1;1;0
3;1;1;1950;5;1;0;0;26;7;1;"40";"40046";2;1;0
3;1;1;1965;5;1;0;0;31;8;1;"57";"57445";1;1;0
2;1;1;1946;4;0;1;0;26;7;1;"13";"13042";1;1;0
3;1;1;1947;5;1;0;0;26;7;1;"73";"73179";2;1;0
4;1;2;1971;9;1;0;0;18;5;1;"63";"63075";2;1;0
4;1;1;2009;5;1;0;0;18;5;1;"59";"59350";2;0;0
3;1;2;1990;0;0;1;0;18;5;1;"56";"56260";2;0;0
4;1;1;1990;5;1;0;0;31;8;3;"974";"97407";2;0;0
4;1;1;1949;5;1;0;0;24;7;1;"87";"87050";2;0;0
4;1;1;1990;1;1;0;0;23;7;1;"69";"69259";2;0;0
4;1;1;2004;-1;1;0;0;24;7;1;"51";"51431";1;0;0
4;1;2;1971;0;1;0;0;31;8;1;"54";"54395";2;1;0
3;80;2;1966;5;0;0;0;31;8;1;"41";"41018";2;1;0
4;1;1;2000;9;1;0;0;24;7;1;"33";"33522";2;0;0
3;1;1;1957;3;1;0;0;30;8;1;"35";"35238";2;0;0
4;1;1;1948;9;0;0;0;24;7;3;"75";"75106";2;0;0
4;1;1;1995;0;1;0;0;31;8;3;"75";"75111";2;0;0
4;1;2;1986;9;0;0;1;30;8;2;"75";"75102";2;0;0
3;80;2;1965;4;0;1;0;23;7;1;"75";"75114";2;0;0
4;1;2;1997;5;0;0;0;24;7;1;"75";"75109";2;0;0
4;1;1;1996;5;0;0;0;24;7;1;"75";"75109";2;0;0
3;1;2;1970;5;1;0;0;31;8;1;"08";"08357";1;0;0
3;1;1;1954;-1;1;0;0;23;7;1;"93";"93057";2;0;0
4;80;2;2001;0;0;0;0;24;7;1;"92";"92072";2;0;0
4;1;1;1983;5;0;0;0;1;9;2;"05";"05161";1;1;0
4;1;2;1976;0;1;0;0;24;7;1;"92";"92050";2;1;0
3;1;1;1971;1;0;0;0;7;10;2;"60";"60282";2;0;0
4;80;2;1992;5;1;0;0;2;8;1;"74";"74012";2;0;0
3;80;1;1945;5;0;0;0;17;7;1;"74";"74108";2;0;0
3;1;1;1947;5;1;0;0;14;7;1;"74";"74278";2;1;0
4;1;1;1980;1;1;0;0;11;7;1;"74";"74293";2;1;0
4;1;1;1992;5;1;0;0;5;10;1;"78";"78224";2;1;0
4;80;1;2006;5;1;0;0;5;10;1;"63";"63113";2;1;0
4;1;1;1967;0;0;0;1;5;10;1;"56";"56121";2;1;0
4;1;2;1978;5;1;0;0;5;10;3;"51";"51454";2;0;0
4;1;2;1972;0;0;0;0;5;10;1;"49";"49007";2;0;0
3;1;2;1996;9;1;0;0;5;10;1;"75";"75119";2;0;0
4;80;1;2001;9;0;0;0;5;10;3;"75";"75107";2;0;0
4;80;1;2010;9;1;0;0;5;10;3;"75";"75107";2;0;0
4;1;1;1995;1;1;0;0;5;10;3;"94";"94038";2;1;0
4;1;1;1967;5;1;0;0;13;7;1;"29";"29056";2;1;0
4;1;1;1960;5;0;0;1;5;10;1;"73";"73162";1;1;0
3;1;1;1950;5;1;0;0;4;10;1;"16";"16039";2;0;0
3;1;1;1977;5;0;0;0;5;10;2;"85";"85047";2;0;0
4;1;1;1964;5;0;0;0;10;11;1;"29";"29204";1;1;0
3;1;2;1984;1;1;0;0;12;11;1;"29";"29220";1;0;0
3;1;1;1997;5;0;0;0;10;11;1;"84";"84014";2;1;0
4;1;1;1958;5;1;0;0;23;6;1;"95";"95351";2;1;0
3;1;1;1960;1;1;0;0;4;6;1;"44";"44110";2;1;0
4;1;1;1984;1;1;0;0;6;11;2;"68";"68118";2;0;0
3;1;1;1982;5;0;0;0;11;11;1;"06";"06157";1;1;0
3;1;1;2004;5;0;0;1;28;7;3;"84";"84003";2;0;0
4;1;1;1976;5;1;0;0;21;6;1;"76";"76108";2;1;0
4;1;2;2006;9;1;0;0;10;11;1;"80";"80021";2;0;0
4;1;1;1969;0;1;0;0;10;11;1;"64";"64269";2;1;0
4;1;1;1991;1;1;0;0;22;6;1;"19";"19031";2;0;0
4;1;1;2000;5;1;0;0;22;6;3;"75";"75111";2;0;0
4;1;1;1993;1;1;0;0;22;6;1;"75";"75118";2;0;0
4;1;1;1970;0;1;0;0;10;11;1;"29";"29232";2;1;0
4;1;2;1998;5;0;0;1;22;6;1;"75";"75115";2;0;0
3;80;2;1967;9;0;0;0;22;6;1;"75";"75112";2;0;0
4;1;1;1994;9;0;0;1;22;6;3;"75";"75107";2;1;0
4;1;1;1962;5;1;0;0;10;11;1;"75";"75115";2;0;0
4;1;2;1997;5;1;0;0;10;11;1;"75";"75115";2;0;0
4;80;1;2004;5;0;0;1;21;6;1;"971";"97132";2;0;0
4;1;2;2006;5;1;0;0;9;11;3;"75";"75102";2;1;0
4;1;1;1991;5;0;0;0;23;6;2;"56";"56234";1;0;0
4;80;1;2000;0;0;0;0;8;6;3;"974";"97411";2;0;0
3;1;2;1988;5;1;0;0;16;12;3;"75";"75116";2;0;0
4;1;1;1977;0;1;0;0;8;11;2;"81";"81004";2;0;0
4;1;1;1997;1;0;1;0;16;12;2;"92";"92040";2;0;0
4;1;1;2003;0;1;0;0;9;11;3;"47";"47032";2;1;0
4;1;1;2007;5;1;0;0;9;11;3;"33";"33119";2;0;0
3;1;1;2009;5;1;0;0;15;12;2;"06";"06157";2;1;0
4;1;1;2008;5;1;0;0;15;12;2;"06";"06157";2;1;0
4;1;2;2008;5;0;0;0;8;11;1;"75";"75120";2;0;0
4;1;1;1998;5;0;1;0;8;11;3;"75";"75115";2;0;0
4;1;1;1986;5;1;0;0;9;11;3;"75";"75109";2;0;0
4;1;2;1971;5;1;0;0;15;12;1;"91";"91477";1;1;0
4;1;2;1996;9;1;0;0;15;12;1;"64";"64102";2;0;0
4;1;1;1992;5;1;0;0;15;12;3;"75";"75119";2;1;0
3;1;1;2005;5;1;0;0;5;3;1;"22";"22093";2;1;0
4;1;1;2000;0;0;0;0;15;12;1;"92";"92040";2;1;0
4;1;1;2006;0;0;0;1;15;12;3;"92";"92026";2;0;0
4;1;1;1992;5;1;0;0;3;3;1;"35";"35278";1;1;0
4;1;2;1999;0;1;0;0;3;3;1;"31";"31555";2;1;0
4;1;2;1998;1;1;0;0;3;3;1;"75";"75114";2;0;0
3;1;1;1981;5;1;0;0;4;3;1;"79";"79216";1;1;0
3;1;1;1968;4;1;0;0;8;4;1;"65";"65440";2;0;0
4;1;1;1943;3;1;0;0;9;4;1;"54";"54547";2;0;0
3;80;2;2006;5;1;0;0;9;4;2;"44";"44184";1;0;0
4;1;1;1957;5;0;0;0;10;4;2;"37";"37261";2;1;0
4;1;2;1966;5;1;0;0;2;3;3;"92";"92025";2;0;0
4;1;2;1979;5;1;0;0;10;4;1;"37";"37261";2;1;0
4;1;1;1978;5;1;0;0;26;2;1;"84";"84031";2;0;0
4;80;1;1955;0;1;0;0;2;3;1;"78";"78551";2;1;0
4;1;1;1987;4;1;0;0;10;4;1;"25";"25462";1;1;0
4;1;1;1997;0;1;0;0;10;4;1;"25";"25056";2;1;0
4;1;2;1976;0;1;0;0;10;4;1;"25";"25056";2;1;0
4;1;1;2001;1;1;0;0;20;1;3;"75";"75114";2;0;0
3;80;2;1972;9;1;0;0;20;1;1;"94";"94033";2;1;0
3;1;1;1957;5;1;0;0;2;3;1;"25";"25056";2;1;0
4;1;1;1995;5;0;0;0;10;4;1;"75";"75110";2;0;0
4;1;2;1995;1;0;0;1;10;4;1;"75";"75108";2;0;0
4;80;2;1990;5;0;0;0;10;4;1;"75";"75102";2;1;0
4;1;1;1998;9;1;0;0;18;5;3;"75";"75120";2;0;0
4;80;1;1970;5;1;0;0;2;3;1;"75";"75106";2;0;0
4;1;1;2004;5;1;0;0;2;3;3;"75";"75117";2;0;0
4;1;2;1969;9;1;0;0;18;5;1;"75";"75112";2;0;0
4;1;2;2000;1;0;0;1;10;4;1;"92";"92073";2;1;0
4;1;2;2001;5;1;0;0;18;5;1;"75";"75110";2;0;0
4;1;2;1978;5;1;0;0;29;2;3;"75";"75114";2;0;0
4;1;1;1992;0;1;0;0;17;5;1;"75";"75110";2;0;0
4;1;1;1970;1;1;0;0;2;3;3;"75";"75104";2;0;0
4;1;1;1989;4;1;0;0;2;3;1;"75";"75102";2;1;0
4;1;2;1993;9;1;0;0;18;5;1;"92";"92048";2;1;0
4;1;1;1982;0;1;0;0;11;4;1;"07";"07078";2;0;0
3;1;1;1979;5;1;0;0;5;4;1;"34";"34116";2;1;0
4;1;1;1949;5;0;0;0;20;1;1;"988";"98818";2;1;0
4;1;1;1991;0;0;0;1;10;4;1;"13";"13027";2;0;0
4;1;1;1945;0;1;0;0;19;1;1;"72";"72181";1;1;0
4;1;1;1959;0;1;0;0;18;1;1;"69";"69290";2;1;0
4;80;2;1961;5;1;0;0;18;1;1;"56";"56121";2;1;0
4;1;2;1989;1;1;0;0;9;4;1;"69";"69388";2;0;0
4;1;1;2004;5;1;0;0;18;1;1;"49";"49007";2;0;0
2;1;1;1954;5;0;0;0;13;7;1;"56";"56102";1;1;0
4;80;1;2001;4;1;0;0;8;4;1;"80";"80021";2;0;0
4;1;1;1996;9;0;0;0;19;1;2;"75";"75117";2;1;0
4;1;1;1995;5;0;1;0;21;1;3;"75";"75110";2;0;0
4;1;1;1965;9;0;0;0;19;1;3;"75";"75108";2;1;0
4;1;2;1959;3;1;0;0;8;4;1;"67";"67482";2;0;0
4;1;2;1996;5;0;0;0;18;1;3;"75";"75103";2;0;0
4;1;1;1951;0;0;1;0;16;5;1;"84";"84007";2;0;0
4;1;1;1945;5;1;0;0;25;7;1;"29";"29105";2;1;1
4;1;1;1945;0;1;0;0;16;5;1;"76";"76552";2;0;0
4;1;1;1986;0;1;0;0;19;1;1;"92";"92048";1;0;0
3;80;1;1971;5;1;0;0;16;5;1;"69";"69199";2;0;0
4;1;2;1970;1;1;0;0;15;5;2;"37";"37018";2;0;0
3;1;1;2010;5;1;0;0;1;9;1;"03";"03212";2;0;0
4;80;2;1954;9;0;0;0;16;5;1;"64";"64125";2;1;0
4;1;2;1949;5;0;0;0;8;4;1;"54";"54395";1;1;0
4;1;1;1968;1;1;0;0;17;5;2;"56";"56098";2;0;0
4;1;2;1984;1;1;0;0;8;4;1;"49";"49007";2;0;0
3;1;2;1958;0;0;1;0;16;5;1;"54";"54395";2;0;0
3;1;1;1976;5;1;0;0;1;9;1;"07";"07225";1;1;0
4;1;1;1971;5;1;0;0;4;4;1;"38";"38053";2;1;0
4;1;2;1963;1;1;0;0;17;5;2;"37";"37233";2;0;0
4;1;1;1994;0;1;0;0;17;5;3;"34";"34172";2;0;0
4;1;2;1993;0;1;0;0;9;4;1;"33";"33162";2;1;0
4;1;1;1966;0;1;0;0;19;1;1;"972";"97228";1;0;0
3;80;1;1993;5;0;0;0;23;7;1;"76";"76053";2;1;1
4;1;1;1984;5;0;0;0;24;7;3;"80";"80561";1;0;0
4;1;1;1999;0;1;0;0;17;5;1;"27";"27229";2;1;0
4;80;2;1973;1;1;0;0;19;3;1;"73";"73011";2;1;0
3;1;1;1965;9;1;0;0;17;5;1;"11";"11262";2;0;0
3;1;2;1961;5;1;0;0;31;8;1;"21";"21200";2;0;0
4;1;1;1990;9;1;0;0;17;5;1;"75";"75114";2;0;0
4;1;2;1969;1;1;0;0;17;5;1;"75";"75113";2;0;0
4;1;2;1993;5;0;0;0;17;5;3;"75";"75108";2;0;0
4;1;1;1968;0;1;0;0;23;7;1;"73";"73065";2;1;0
4;1;2;1981;1;0;0;0;22;7;1;"71";"71270";1;1;0
2;1;1;1985;9;0;1;0;23;7;1;"69";"69092";2;1;0
4;1;2;2000;1;1;0;0;22;7;1;"67";"67447";2;0;0
4;1;1;1972;1;1;0;0;30;8;3;"974";"97411";2;1;0
4;1;1;1986;0;1;0;0;14;7;1;"59";"59272";2;1;0
4;1;2;2001;1;0;1;0;30;8;1;"69";"69387";2;0;0
4;1;1;1947;5;0;0;0;30;8;1;"64";"64125";2;0;0
4;1;1;1970;4;1;0;0;30;8;1;"51";"51454";2;1;0
4;1;2;1968;0;1;0;0;29;8;3;"51";"51454";2;1;0
4;1;1;2011;5;1;0;0;23;7;1;"25";"25204";2;1;0
4;1;2;1967;0;1;0;0;30;8;1;"17";"17415";2;0;0
4;1;1;1988;5;1;0;0;23;7;1;"75";"75119";2;1;0
4;1;1;1950;9;1;0;0;23;7;1;"75";"75119";2;0;0
4;1;1;2005;5;1;0;0;23;7;2;"75";"75117";2;0;0
4;1;2;1960;3;1;0;0;30;8;1;"75";"75115";2;0;0
4;1;1;1996;9;1;0;0;30;8;1;"75";"75108";2;0;0
4;1;1;2001;5;1;0;0;30;8;1;"93";"93072";2;0;0
4;80;1;1997;1;0;0;0;23;7;1;"92";"92049";2;1;0
4;1;2;1972;1;1;0;0;22;7;1;"92";"92035";2;0;0
4;1;1;1938;5;0;1;0;24;7;1;"68";"68300";1;1;1
2;1;1;1966;5;1;0;0;31;8;1;"2A";"2A276";1;1;0
4;1;1;1969;4;0;0;0;31;8;1;"06";"06114";2;1;0
3;1;1;2015;5;0;0;1;24;7;1;"71";"71346";1;0;0
3;1;1;1990;5;0;0;0;30;8;1;"29";"29272";1;0;0
2;1;1;1946;5;1;0;0;30;8;1;"54";"54105";1;1;0
4;1;1;1953;5;0;0;1;30;8;1;"33";"33199";2;0;0
4;1;1;1989;1;1;0;0;4;10;3;"2B";"2B033";2;1;1
4;1;1;2012;0;1;0;0;4;10;2;"84";"84007";2;1;0
4;80;1;1946;5;0;0;0;3;10;1;"64";"64445";2;1;0
4;1;1;1995;1;1;0;0;4;10;1;"56";"56260";2;0;0
4;80;2;1970;1;0;0;0;4;10;1;"44";"44109";2;1;0
4;1;1;1972;1;0;0;0;4;10;1;"44";"44109";2;1;0
4;1;1;1995;4;1;0;0;5;10;3;"34";"34172";2;0;0
4;1;1;1974;1;1;0;0;30;9;1;"34";"34032";2;1;0
4;1;1;2000;1;1;0;0;4;10;3;"75";"75119";2;0;0
4;80;2;1978;5;1;0;0;4;10;1;"75";"75114";2;1;0
4;1;2;1991;5;1;0;0;3;10;1;"75";"75114";2;0;0
4;1;1;2017;0;1;0;0;2;10;1;"94";"94068";2;1;0
4;1;2;1994;1;0;0;0;4;10;1;"92";"92040";2;1;0
3;1;1;1973;5;1;0;0;5;10;1;"91";"91363";1;1;1
3;1;1;1983;5;1;0;0;22;6;1;"29";"29047";2;1;0
3;1;1;1999;5;1;0;0;23;6;1;"84";"84123";1;1;0
3;1;1;1957;0;0;0;1;23;6;1;"45";"45118";1;0;0
4;1;1;2004;5;1;0;0;21;6;1;"64";"64313";1;1;0
2;1;2;1942;3;1;0;0;22;4;1;"45";"45232";2;0;0
4;80;1;1978;1;1;0;0;21;6;1;"69";"69383";2;1;1
4;80;1;1974;5;0;0;1;21;6;1;"69";"69381";2;0;0
4;1;1;1997;0;1;0;0;21;6;1;"69";"69389";2;1;0
4;1;1;1990;0;1;0;0;21;6;1;"80";"80021";2;0;0
4;1;1;2009;0;0;0;0;21;6;1;"78";"78029";2;1;0
4;1;1;1979;5;1;0;0;7;6;1;"73";"73011";2;1;0
4;80;2;1986;1;1;0;0;21;6;1;"72";"72181";2;1;0
3;1;1;1965;5;1;0;0;10;11;1;"63";"63453";2;1;0
3;1;1;1962;5;0;0;0;9;11;1;"61";"61194";1;1;0
4;1;1;1961;0;1;0;0;20;6;2;"59";"59636";2;0;0
4;1;1;1987;1;1;0;0;20;6;1;"59";"59350";2;0;0
4;1;2;1973;0;0;0;0;20;6;1;"56";"56121";2;0;0
3;1;1;1964;5;1;0;0;9;11;3;"38";"38193";2;0;0
4;1;1;1990;9;1;0;0;21;6;1;"75";"75118";2;1;0
4;1;2;1990;1;0;0;0;21;6;1;"75";"75107";2;0;0
4;1;2;1971;9;1;0;1;21;6;1;"94";"94081";2;1;0
4;1;2;1989;0;1;0;0;20;6;1;"93";"93032";2;0;0
3;1;1;1949;5;1;0;0;7;11;1;"85";"85194";2;0;0
3;1;1;1954;5;0;0;0;1;6;1;"54";"54597";1;1;0
3;1;1;1971;5;0;0;0;16;12;1;"78";"78087";1;1;0
4;1;1;1972;5;1;0;0;8;11;1;"77";"77438";2;1;0
4;1;2;1989;4;1;0;0;7;11;1;"72";"72095";2;1;0
2;80;1;1987;5;1;0;0;8;11;3;"62";"62250";2;0;1
3;1;2;1981;5;1;0;0;5;11;2;"62";"62119";2;0;0
4;1;1;2005;0;1;0;0;8;11;1;"51";"51454";2;0;0
4;1;1;1947;5;1;0;0;14;12;1;"91";"91114";2;1;0
4;1;1;1971;0;1;0;0;7;11;1;"27";"27229";2;1;0
4;80;1;2003;4;0;0;0;8;11;1;"10";"10387";2;1;1
4;1;2;1992;5;0;0;0;8;11;1;"75";"75120";2;0;0
4;1;1;1970;1;1;1;0;8;11;1;"75";"75118";2;1;0
4;80;2;1996;5;1;0;0;7;11;3;"75";"75109";2;0;0
4;1;2;1995;9;1;0;0;14;12;3;"75";"75119";2;0;0
4;80;1;2004;5;0;0;0;8;11;1;"75";"75115";2;0;0
4;1;2;1997;5;1;0;0;8;11;1;"75";"75109";2;0;0
4;1;1;1991;9;1;0;0;14;12;3;"75";"75113";2;0;0
4;1;1;2002;9;1;0;0;14;12;1;"75";"75110";2;0;0
3;1;1;1969;9;1;0;0;8;11;2;"93";"93048";2;1;0
3;1;2;1958;3;1;0;0;13;12;1;"67";"67025";2;0;0
2;1;1;1945;5;0;0;0;15;12;1;"29";"29271";1;1;0
4;1;1;1953;5;1;0;0;13;12;1;"29";"29259";2;1;0
3;80;1;1974;5;1;0;0;15;12;1;"29";"29190";2;1;0
3;1;1;1937;3;0;0;0;3;3;1;"37";"37282";2;0;0
2;1;1;1952;5;1;0;0;24;2;2;"13";"13081";1;0;0
3;1;1;1965;5;1;0;0;2;3;1;"14";"14753";2;1;0
3;1;2;1978;0;0;1;0;29;2;2;"987";"98736";2;0;0
4;1;1;1989;9;1;0;0;8;4;1;"75";"75108";2;0;0
4;1;1;1998;9;1;0;0;8;4;1;"75";"75108";2;0;0
4;80;1;2001;4;0;0;0;9;4;1;"75";"75104";2;0;0
4;1;1;1993;1;0;0;0;9;4;1;"75";"75104";2;1;0
4;80;1;1984;5;0;0;0;9;4;3;"75";"75101";2;0;0
4;1;2;1971;0;0;0;0;17;5;1;"94";"94017";2;0;0
4;1;1;2002;0;1;0;0;17;5;1;"93";"93055";2;0;0
4;1;2;1948;5;1;0;0;1;3;1;"82";"82121";2;1;0
4;80;2;2008;2;1;0;0;1;3;1;"78";"78650";2;0;0
4;1;2;1966;0;1;0;0;8;4;1;"92";"92020";2;1;0
4;1;1;1987;9;1;0;0;5;4;1;"92";"92009";2;1;0
2;1;1;1947;5;0;0;0;18;5;1;"84";"84137";1;1;0
4;1;2;2001;9;1;0;0;29;2;1;"69";"69029";2;0;0
3;1;2;1973;5;1;0;0;18;5;1;"59";"59553";2;0;0
4;1;1;1987;1;1;0;0;17;1;3;"49";"49267";2;0;0
4;1;1;1984;1;1;0;0;18;1;3;"45";"45234";2;1;0
4;1;2;1995;5;1;0;0;17;5;1;"21";"21650";1;1;0
4;1;2;1994;5;1;0;0;17;5;1;"21";"21650";1;1;0
3;1;1;2009;5;0;0;0;6;4;1;"21";"21496";2;0;0
3;1;2;1997;1;0;1;0;18;1;1;"34";"34172";2;1;0
2;1;1;1963;5;1;0;0;9;4;3;"971";"97106";2;0;0
4;1;1;2007;0;1;0;0;10;4;1;"63";"63284";2;1;0
4;1;1;1999;1;1;0;0;10;4;1;"59";"59611";2;0;0
4;1;1;1976;1;1;0;0;8;3;3;"29";"29019";2;1;1
4;1;1;2006;5;1;0;0;29;2;3;"15";"15012";2;0;0
3;1;2;1955;5;1;0;0;29;2;1;"15";"15014";2;1;0
4;1;1;1988;9;0;0;0;27;2;2;"75";"75119";2;1;0
4;1;1;1972;9;1;0;0;1;3;3;"75";"75118";2;0;0
4;1;1;1991;4;1;0;0;1;3;1;"75";"75116";2;1;0
4;80;1;2003;4;1;0;0;1;3;1;"75";"75116";2;1;0
3;80;2;1997;1;1;0;0;1;3;1;"75";"75108";2;1;0
4;1;2;1997;5;0;1;0;1;3;2;"75";"75101";2;1;0
4;1;1;1978;5;0;0;0;19;1;1;"50";"50394";2;1;0
3;1;1;1974;5;0;0;0;19;1;1;"50";"50394";2;1;0
4;1;1;1993;0;1;0;0;16;5;3;"69";"69386";2;0;0
4;1;1;1961;5;1;0;0;1;3;1;"92";"92063";2;1;0
4;1;1;1974;0;0;0;0;1;3;1;"92";"92020";2;0;0
4;1;1;1987;1;1;0;0;1;3;3;"92";"92024";2;1;1
4;1;1;1964;1;1;0;0;7;4;1;"72";"72181";2;0;0
4;1;1;1985;1;1;0;0;18;1;1;"85";"85178";2;0;0
4;1;1;2015;5;1;0;0;8;4;2;"67";"67482";2;0;0
4;1;1;1982;5;1;0;0;16;5;1;"67";"67447";2;1;0
4;80;2;1990;1;1;0;0;16;5;1;"67";"67482";2;0;0
4;1;1;1969;5;0;0;0;5;4;1;"56";"56098";2;1;0
4;1;1;1985;0;1;0;0;15;5;1;"67";"67482";2;1;0
4;1;1;1977;1;1;0;0;8;4;1;"51";"51454";2;1;0
4;1;1;1963;5;1;0;0;1;3;1;"36";"36192";2;0;0
4;1;1;1992;0;1;0;0;8;4;1;"51";"51454";2;0;0
4;1;1;1995;0;1;0;0;8;4;1;"51";"51454";2;1;0
4;1;1;2012;5;1;0;0;17;1;1;"972";"97209";2;0;0
4;1;2;1985;1;1;0;0;17;1;3;"69";"69149";2;0;0
3;1;2;2014;5;0;0;0;21;7;1;"85";"85294";1;1;0
4;1;2;1996;1;1;0;0;16;1;1;"87";"87085";2;1;0
4;1;1;1983;1;1;0;0;8;4;1;"33";"33318";2;1;0
3;1;1;1969;0;0;0;0;8;4;1;"31";"31069";2;0;0
3;1;1;1984;5;1;0;0;23;7;3;"91";"91599";2;0;0
4;1;2;1986;5;0;1;0;24;7;1;"04";"04195";1;1;0
4;1;2;1974;1;1;0;0;17;1;3;"69";"69266";2;1;0
4;1;1;1953;5;0;1;0;23;7;1;"38";"38565";1;1;0
4;1;1;1999;0;1;0;0;16;1;1;"67";"67482";2;0;0
4;1;2;1991;5;1;0;0;10;1;3;"64";"64445";2;0;0
4;80;1;1990;9;0;0;0;8;4;1;"75";"75120";2;0;0
4;1;1;2007;5;1;0;0;8;4;1;"75";"75119";2;0;0
4;80;2;1957;5;1;0;0;15;5;3;"75";"75117";2;0;0
4;1;1;1997;1;1;0;0;17;1;3;"51";"51454";2;0;0
3;1;1;1944;0;1;0;0;17;1;2;"38";"38185";2;0;0
4;1;1;2009;5;1;0;0;17;1;1;"37";"37261";2;0;0
3;1;1;1959;9;1;0;0;17;1;1;"33";"33281";2;0;0
4;1;2;1980;0;1;0;0;16;5;1;"94";"94018";2;1;0
4;1;1;1967;1;1;0;0;15;5;1;"94";"94017";2;0;0
4;1;1;1991;5;1;0;0;17;1;3;"31";"31555";2;1;0
3;1;1;1983;1;1;0;0;6;3;1;"76";"76540";2;0;0
4;1;1;1987;1;1;0;0;15;5;1;"93";"93031";2;1;0
4;1;2;1982;5;1;0;0;16;5;1;"92";"92020";2;1;0
4;80;1;1953;0;1;0;0;21;7;1;"72";"72181";2;0;0
4;1;1;1961;5;0;0;0;22;7;1;"64";"64122";2;0;0
4;1;1;1960;5;1;0;0;18;7;1;"62";"62498";2;0;0
4;1;1;1945;0;1;0;0;22;7;1;"42";"42044";2;0;0
4;1;1;1990;1;1;0;1;29;8;1;"69";"69387";2;0;0
4;1;1;1975;0;0;0;1;17;7;1;"30";"30189";2;0;0
4;1;1;1970;1;1;0;0;29;8;1;"69";"69383";2;0;0
4;1;1;1984;5;1;0;0;29;7;1;"69";"69382";2;0;0
4;1;1;1979;9;1;0;0;22;7;1;"75";"75106";2;0;0
4;1;1;1998;1;1;0;0;22;7;1;"75";"75117";2;0;0
4;1;1;1956;0;1;0;0;28;8;1;"83";"83069";1;1;0
4;80;2;1970;5;0;0;0;22;7;1;"75";"75107";2;0;0
4;1;2;1961;0;1;0;0;22;7;1;"94";"94054";2;0;0
4;1;1;1991;0;0;0;0;22;7;1;"93";"93066";2;0;0
3;1;2;1959;0;1;0;0;28;8;1;"64";"64445";2;0;0
3;1;1;1944;5;1;0;0;18;7;1;"82";"82112";1;0;0
3;1;1;1966;5;1;0;0;23;7;1;"32";"32359";1;1;0
4;1;1;1998;0;0;0;1;28;8;1;"54";"54274";2;0;0
3;1;1;1962;5;0;0;0;18;7;1;"39";"39390";2;1;0
3;1;2;1994;5;1;0;0;22;7;1;"38";"38229";2;0;0
3;1;1;1948;5;1;0;0;21;7;1;"14";"14102";1;1;0
4;1;1;1994;1;0;0;0;29;8;1;"38";"38185";2;0;0
4;1;1;2006;5;0;0;0;22;7;1;"14";"14274";1;1;0
3;1;1;1984;5;0;0;0;22;7;1;"14";"14274";1;1;0
4;1;1;1974;5;0;0;0;22;7;1;"14";"14274";1;1;0
3;1;1;1970;5;0;0;0;22;7;1;"14";"14274";1;1;0
4;1;2;1985;5;0;0;0;22;7;1;"14";"14274";1;1;0
4;1;2;1968;1;1;0;0;22;7;1;"73";"73067";2;1;0
3;1;1;2008;2;1;0;0;11;7;1;"85";"85204";1;0;0
3;1;1;1958;0;1;0;0;21;7;1;"24";"24206";1;0;0
4;1;1;1998;3;1;0;0;28;8;1;"10";"10387";2;0;0
3;1;1;1977;5;1;0;0;29;8;1;"06";"06159";1;1;0
4;1;2;1974;9;0;0;0;29;8;1;"75";"75115";2;0;0
3;1;1;1976;0;1;0;0;18;7;1;"60";"60141";1;1;0
4;1;1;1994;1;1;0;0;3;10;2;"69";"69387";2;1;0
4;1;1;2003;0;1;0;0;3;10;1;"69";"69387";2;0;0
4;1;1;1960;1;1;0;0;21;7;1;"974";"97416";1;1;0
4;1;1;1981;5;1;0;0;27;8;1;"72";"72008";2;1;0
4;80;1;1965;5;1;0;0;30;8;1;"30";"30060";2;1;0
3;1;1;1946;5;1;0;0;29;8;1;"63";"63003";1;1;0
4;1;1;1991;5;1;0;0;27;8;1;"86";"86293";1;1;0
3;80;1;2000;0;1;0;0;21;7;3;"69";"69290";2;0;0
3;1;1;1946;5;1;0;0;30;8;1;"34";"34147";1;1;0
3;80;1;1933;5;0;0;0;27;8;1;"29";"29293";1;1;0
4;1;1;1960;5;0;0;1;29;8;1;"07";"07330";1;1;0
4;1;1;2008;2;1;0;0;2;10;1;"67";"67180";2;0;0
3;1;1;1952;0;1;0;0;30;8;1;"27";"27284";2;0;0
3;1;2;1996;5;0;0;0;29;8;1;"26";"26307";1;1;0
4;1;1;1968;5;1;0;0;30;8;1;"59";"59254";1;1;0
3;1;2;2000;1;1;0;0;30;8;1;"59";"59019";2;1;0
4;1;2;1991;5;1;0;0;3;10;3;"34";"34172";2;0;0
4;1;1;2012;0;1;0;0;28;8;1;"974";"97411";2;0;0
4;1;1;2010;0;1;0;0;28;8;1;"974";"97411";2;0;0
4;1;1;1979;9;0;0;0;3;10;1;"75";"75115";2;1;0
4;1;2;1963;9;0;0;1;3;10;3;"75";"75111";2;1;0
4;1;1;1987;4;1;0;0;3;10;1;"75";"75101";2;0;0
4;1;1;1961;1;1;0;0;3;10;1;"94";"94017";2;0;0
3;1;1;2017;2;1;0;0;4;10;1;"62";"62613";2;1;0
3;1;1;1952;5;0;1;0;1;10;1;"76";"76263";1;1;0
4;1;1;1953;5;1;0;0;4;10;1;"02";"02788";1;1;0
3;1;1;2012;2;0;0;1;3;10;1;"973";"97309";2;0;0
3;1;1;1977;0;1;0;0;16;9;1;"38";"38111";2;0;0
3;80;2;1996;0;1;0;0;8;11;1;"93";"93008";2;0;0
4;80;1;2010;2;0;0;0;8;11;1;"92";"92012";2;0;0
4;1;2;2009;2;1;0;0;2;10;1;"73";"73065";2;1;0
4;1;1;1971;9;1;0;0;2;10;1;"71";"71076";2;1;0
4;1;1;2019;5;1;0;0;19;6;1;"78";"78440";2;0;0
4;1;1;2004;2;0;0;0;20;6;1;"76";"76351";2;0;0
3;1;2;2008;5;1;0;0;19;6;1;"69";"69266";2;0;0
4;1;2;1990;1;1;0;0;19;6;1;"54";"54395";2;1;0
2;1;1;2009;5;1;0;0;9;11;1;"28";"28422";2;0;0
2;1;1;1950;0;1;0;0;8;11;2;"87";"87063";1;0;0
4;1;2;1986;5;1;0;0;20;6;1;"33";"33063";2;0;0
4;1;1;2001;3;1;0;0;19;6;1;"29";"29019";2;0;0
3;1;1;1967;5;0;0;0;17;6;1;"30";"30032";2;1;0
4;80;2;1991;9;0;1;0;20;6;1;"75";"75111";2;1;0
4;1;1;1995;1;1;0;0;19;6;1;"75";"75114";2;1;0
4;1;1;1963;5;0;1;0;20;6;1;"75";"75101";2;1;1
4;1;2;1994;1;1;0;0;20;6;1;"93";"93014";2;1;0
4;1;1;1964;5;1;0;0;20;6;1;"92";"92040";2;0;0
4;1;2;2005;1;1;0;0;21;6;1;"68";"68249";2;0;0
4;1;1;2008;1;1;0;0;20;6;1;"67";"67315";2;1;0
3;1;1;2016;5;1;0;0;20;6;1;"22";"22015";1;0;0
4;1;1;2009;5;1;0;0;7;11;3;"973";"97302";2;0;0
2;1;1;1945;5;0;0;0;20;6;1;"02";"02336";2;1;0
4;1;2;1987;5;0;0;0;7;11;3;"69";"69387";2;0;0
3;1;1;1941;0;0;0;0;20;6;1;"67";"67389";2;0;0
3;1;1;2007;0;1;0;0;7;11;3;"79";"79191";2;1;0
3;1;1;1979;1;1;0;0;7;11;2;"61";"61001";2;0;0
3;1;1;1955;5;0;1;0;6;11;1;"42";"42207";2;1;0
4;1;1;2003;0;0;0;0;7;11;3;"38";"38185";2;0;0
4;1;2;1973;3;1;0;0;7;11;1;"37";"37214";2;1;0
4;1;1;1991;1;1;0;0;13;12;2;"66";"66136";2;1;1
4;1;1;1953;9;1;0;0;13;12;1;"64";"64024";2;1;0
4;1;2;1998;5;1;0;0;6;11;1;"75";"75106";2;0;0
4;1;2;2004;5;0;0;0;7;11;1;"75";"75113";2;0;0
4;1;1;1966;5;0;0;0;7;11;3;"75";"75112";2;0;0
4;1;1;1980;5;1;0;0;7;11;3;"75";"75111";2;1;0
4;1;1;1975;9;0;1;0;13;12;1;"47";"47001";2;0;0
4;1;2;1952;0;1;0;0;7;11;1;"94";"94019";2;0;0
4;80;2;1987;0;1;0;0;7;11;1;"93";"93045";2;0;0
4;1;1;1993;0;1;0;0;7;11;1;"92";"92051";2;0;0
4;1;1;1971;9;1;0;0;7;11;1;"92";"92019";2;0;0
4;80;2;1957;5;1;0;0;7;11;1;"40";"40065";2;1;0
4;80;1;1997;9;0;0;0;13;12;3;"75";"75119";2;0;0
4;1;1;2001;5;0;0;0;13;12;3;"75";"75117";2;1;0
3;1;2;2012;2;1;0;0;28;11;3;"78";"78160";2;1;0
3;1;1;2012;2;1;0;0;13;12;1;"31";"31203";2;1;0
4;1;2;1986;0;1;0;0;10;12;3;"26";"26011";2;1;1
4;1;1;1988;0;1;0;0;14;12;2;"80";"80561";2;0;0
3;1;1;1973;5;1;0;0;17;1;1;"06";"06027";2;0;0
3;1;1;1981;9;0;1;0;16;1;1;"75";"75116";2;0;0
4;1;2;1967;5;1;0;0;7;3;1;"91";"91553";2;0;0
4;1;1;1991;9;0;0;0;16;1;3;"75";"75116";2;0;0
4;1;1;1996;5;1;0;0;6;4;1;"74";"74123";1;1;0
4;1;1;2013;2;1;0;0;9;4;1;"71";"71221";2;1;0
4;1;1;1961;5;1;0;0;15;5;1;"60";"60245";2;1;0
4;80;1;1985;0;1;0;0;17;1;3;"93";"93066";2;1;0
4;1;1;2004;0;1;0;0;29;2;1;"973";"97302";1;0;0
3;1;1;1962;0;1;0;0;29;2;1;"69";"69383";2;1;0
4;1;1;1960;5;0;0;0;7;4;1;"85";"85051";2;1;0
3;1;1;1975;1;1;0;0;16;1;3;"31";"31044";2;0;0
4;1;1;2012;2;1;0;0;17;5;1;"64";"64422";2;1;0
2;1;1;1947;5;1;0;0;18;1;1;"77";"77406";1;1;1
3;1;1;2001;1;1;0;0;8;4;2;"45";"45202";1;0;0
3;1;1;1940;5;1;0;0;8;4;1;"73";"73051";2;1;0
2;80;2;1973;3;1;0;0;8;4;1;"27";"27008";1;1;0
3;1;1;1957;5;0;0;0;18;1;1;"66";"66065";2;1;0
4;1;2;1994;9;1;0;0;29;2;3;"59";"59350";2;1;0
4;1;1;1969;1;0;0;0;29;2;3;"49";"49328";2;1;0
4;1;1;2006;5;0;0;0;29;2;1;"43";"43157";2;1;0
4;1;1;2006;5;1;0;0;29;2;1;"38";"38053";2;0;0
4;1;1;1988;9;1;0;0;29;2;3;"75";"75120";2;0;0
4;1;2;1976;5;1;0;0;10;5;1;"57";"57221";2;1;0
4;80;1;1994;4;0;0;1;15;5;3;"51";"51454";2;0;0
4;1;1;2008;2;1;0;0;29;2;1;"75";"75118";2;0;0
4;80;2;2004;5;0;0;0;29;2;1;"75";"75110";2;0;0
3;1;1;1948;5;0;0;0;6;4;1;"33";"33063";2;0;0
2;1;1;2008;2;0;1;0;15;5;1;"45";"45234";2;0;0
4;1;1;1992;4;1;0;0;29;2;1;"75";"75110";2;0;0
4;1;1;2004;5;0;0;0;29;2;3;"75";"75107";2;0;0
4;1;1;2001;0;1;0;0;14;5;2;"42";"42127";2;0;0
4;1;2;1978;0;1;0;0;15;1;3;"72";"72181";2;1;0
4;1;1;1967;0;1;0;0;15;1;1;"69";"69290";2;0;0
4;1;2;2003;0;1;0;0;10;1;3;"64";"64445";2;1;0
4;80;1;1978;1;1;0;0;16;1;1;"64";"64445";2;1;0
4;80;1;1948;5;1;0;0;16;1;1;"64";"64269";1;1;0
4;1;1;1968;1;1;0;0;29;2;3;"92";"92007";2;0;0
4;1;1;2006;0;1;0;0;15;1;3;"63";"63113";2;1;0
3;1;1;1999;9;0;0;1;5;4;1;"75";"75110";2;0;0
4;1;1;1996;5;1;0;0;7;4;1;"75";"75120";2;0;0
4;1;1;1997;1;0;0;1;15;5;1;"75";"75117";2;0;0
4;1;2;1994;1;1;0;0;7;4;1;"75";"75117";2;0;0
4;80;2;1988;9;1;0;0;15;5;1;"75";"75111";2;0;0
4;1;1;1976;0;0;1;0;7;4;3;"75";"75106";2;1;0
4;1;1;1977;1;1;0;0;13;1;3;"50";"50129";2;1;0
4;1;2;2000;9;0;0;0;7;4;1;"75";"75115";2;0;0
4;80;2;2005;9;0;1;0;14;5;3;"93";"93063";2;0;0
4;1;1;1994;5;0;0;0;7;4;1;"75";"75104";2;1;0
4;80;1;2000;1;0;0;1;15;5;1;"93";"93032";2;0;0
4;1;1;1973;5;1;0;0;21;7;1;"43";"43157";2;0;0
3;1;1;1946;5;1;0;0;29;2;1;"38";"38466";2;1;0
4;1;1;1993;4;1;0;0;15;5;3;"92";"92040";2;0;0
3;1;1;2003;0;0;1;0;16;1;2;"21";"21355";2;0;0
4;1;2;1968;5;1;0;0;6;4;1;"92";"92073";2;1;0
4;1;1;1943;3;1;0;0;16;1;1;"18";"18279";2;0;0
4;1;2;1992;9;1;0;0;7;4;1;"92";"92026";2;0;0
4;1;1;1974;1;1;0;0;21;7;1;"06";"06088";2;1;0
4;1;1;1986;9;1;0;1;15;1;1;"13";"13210";2;0;0
4;1;1;1947;5;1;0;0;16;5;1;"38";"38140";2;1;0
3;1;1;1954;0;1;0;0;20;7;1;"03";"03185";2;0;0
4;1;1;2012;2;1;0;0;15;1;3;"02";"02168";2;1;0
3;1;1;1996;5;0;0;0;21;7;2;"75";"75113";2;0;0
3;1;1;1958;5;0;0;0;7;4;1;"56";"56116";2;0;0
4;1;1;2002;9;1;0;0;21;7;3;"75";"75120";2;0;0
4;1;1;1996;4;1;0;0;21;7;1;"75";"75117";2;0;0
4;1;1;1985;9;1;0;0;22;2;1;"974";"97416";2;0;0
4;1;2;1992;5;1;0;0;21;7;3;"75";"75114";2;1;0
4;1;1;1989;0;1;0;0;21;2;1;"974";"97416";1;1;0
4;1;1;2009;5;0;0;0;21;7;1;"75";"75104";2;0;0
4;1;1;1991;1;1;0;0;16;1;2;"94";"94003";2;1;0
4;1;2;1986;1;1;0;0;21;7;1;"75";"75111";2;0;0
4;1;1;1980;1;1;0;0;22;2;1;"974";"97407";2;1;0
4;1;1;1997;5;1;0;0;21;7;2;"92";"92040";2;0;0
4;1;1;1999;5;0;0;0;21;7;1;"14";"14713";1;1;0
4;1;1;1997;0;0;0;0;16;1;1;"93";"93008";2;0;0
4;1;2;1980;0;1;0;0;28;2;1;"69";"69383";2;0;0
4;1;2;1976;0;1;0;0;20;2;2;"69";"69386";2;0;0
3;1;1;1993;5;1;0;0;22;7;1;"63";"63381";1;1;0
4;80;1;1988;1;0;0;0;26;8;1;"64";"64122";2;0;0
2;1;1;1963;5;1;0;0;21;7;1;"04";"04094";1;1;0
4;1;1;1978;1;1;0;0;19;7;1;"971";"97103";1;0;0
3;1;1;2000;1;1;0;0;28;8;1;"31";"31555";2;1;0
3;1;1;2008;5;1;0;0;22;7;1;"73";"73054";1;1;0
2;1;1;1994;5;0;0;0;21;7;1;"65";"65145";1;1;0
3;1;1;1957;5;1;0;0;21;7;1;"22";"22045";1;1;0
4;80;2;1999;9;0;0;0;28;8;1;"75";"75119";2;0;0
4;1;1;1960;9;1;0;0;28;8;1;"75";"75111";2;0;0
4;80;1;1999;0;1;0;0;28;8;1;"93";"93066";2;0;0
3;1;2;1965;5;1;0;0;28;8;1;"68";"68315";2;0;0
4;1;1;1986;5;0;0;0;29;8;1;"51";"51210";2;0;0
3;80;1;1948;5;1;0;0;27;8;1;"65";"65025";2;1;0
4;80;2;1971;0;1;0;0;19;7;1;"92";"92073";2;0;0
2;1;1;1988;5;0;0;0;13;8;1;"22";"22166";2;0;0
4;80;1;1961;5;1;0;0;28;8;1;"29";"29037";2;1;0
4;1;1;1998;0;1;0;0;20;7;1;"83";"83137";2;0;0
3;1;1;1972;5;0;0;0;29;8;1;"73";"73240";2;1;0
4;1;1;2000;4;1;0;0;20;7;1;"72";"72181";2;0;0
3;1;2;1976;1;0;1;0;27;8;1;"67";"67296";2;1;0
4;1;2;2013;5;1;0;0;20;7;1;"49";"49007";2;0;0
3;1;1;1959;5;0;0;0;27;8;1;"55";"55170";1;1;0
4;1;1;2008;2;1;0;0;2;10;1;"41";"41018";2;0;0
4;1;2;1956;5;0;1;0;1;10;1;"33";"33063";2;1;0
4;1;1;1996;5;1;0;0;2;10;3;"32";"32013";2;0;0
4;1;1;1983;1;1;0;0;27;8;1;"95";"95268";2;1;0
4;1;1;1997;5;0;0;1;2;10;1;"13";"13210";2;0;0
3;1;1;1939;5;1;0;0;26;8;1;"76";"76351";1;1;0
3;1;1;1948;0;1;0;0;27;8;1;"70";"70513";1;1;0
4;1;1;1962;5;1;0;0;10;9;1;"05";"05061";2;0;0
4;1;2;1970;3;0;0;0;29;9;1;"05";"05061";2;1;0
4;1;2;1988;1;1;0;0;26;8;1;"67";"67482";2;0;0
4;1;2;1995;0;1;0;0;27;8;1;"64";"64102";2;1;0
4;1;1;2000;5;1;0;0;1;10;3;"75";"75118";2;0;0
4;1;2;2004;5;1;0;0;27;8;1;"62";"62737";2;0;0
4;80;1;1979;4;1;0;0;2;10;1;"75";"75109";2;0;0
4;1;2;1990;5;0;0;0;2;10;1;"75";"75104";2;0;0
3;1;1;2008;2;1;0;0;20;6;2;"33";"33483";2;0;0
4;1;2;1977;1;0;0;1;2;10;1;"92";"92050";2;0;0
4;80;1;1950;5;0;0;0;26;8;1;"33";"33013";2;1;0
4;80;1;2005;1;1;0;0;27;8;2;"22";"22278";2;0;0
2;1;1;1983;1;0;1;0;27;8;2;"11";"11069";1;0;0
3;1;1;1948;5;1;0;0;3;10;1;"34";"34051";2;1;0
4;1;2;1955;0;1;0;0;19;6;1;"71";"71270";2;0;0
4;1;2;1972;1;1;0;0;18;6;1;"67";"67482";2;1;0
4;80;1;1953;5;1;0;0;19;6;1;"64";"64545";1;1;0
4;1;2;1985;1;0;0;1;19;6;1;"64";"64445";2;0;0
3;1;1;1957;5;0;0;0;3;10;1;"2A";"2A215";2;1;0
4;1;1;2014;5;1;0;0;24;6;2;"56";"56121";2;1;0
4;80;1;1943;5;1;0;0;18;6;1;"56";"56121";2;0;0
4;1;2;1961;5;0;0;0;19;6;1;"31";"31555";2;0;0
3;1;1;2010;5;1;0;0;19;6;1;"29";"29169";2;0;0
4;1;1;1987;0;1;0;0;4;7;1;"93";"93077";2;1;0
4;1;1;1982;5;1;0;0;19;6;3;"03";"03185";2;0;0
4;80;1;1986;9;1;0;0;19;6;1;"75";"75119";2;0;0
4;1;1;1958;5;1;0;0;19;6;1;"75";"75116";2;1;1
4;1;1;2003;9;0;0;0;19;6;2;"75";"75107";2;1;0
4;1;1;1970;9;0;0;0;19;6;2;"75";"75107";2;0;0
4;80;1;1985;4;1;0;0;19;6;1;"75";"75102";2;1;0
4;1;1;1935;3;0;0;0;1;10;1;"77";"77284";2;0;0
4;1;1;1998;4;1;0;0;19;6;1;"93";"93070";2;0;0
4;1;2;1985;5;0;1;0;30;9;1;"76";"76351";2;0;0
3;1;1;1963;1;0;0;0;1;10;1;"73";"73065";2;1;0
4;1;1;1987;0;1;0;0;19;6;1;"92";"92012";2;1;0
4;1;1;1971;9;1;0;0;19;6;1;"92";"92007";2;0;0
3;1;2;1947;3;1;0;0;8;11;1;"47";"47157";2;0;0
4;1;1;1993;9;1;0;0;1;10;1;"64";"64260";2;1;0
4;1;1;2012;5;1;0;0;5;11;3;"59";"59011";2;0;0
4;80;1;1950;5;0;0;0;20;6;1;"67";"67445";1;1;0
4;1;2;1970;5;0;0;0;20;6;1;"67";"67445";1;0;0
4;1;1;2007;0;1;0;0;30;9;1;"63";"63245";2;0;0
4;1;1;1966;5;1;0;0;19;6;1;"68";"68022";2;1;0
4;1;1;1985;0;1;0;0;20;6;1;"51";"51622";1;0;0
3;80;2;2000;0;1;0;0;1;10;3;"59";"59009";2;0;0
4;1;2;1999;0;1;0;0;1;10;1;"59";"59378";2;0;0
3;1;1;1994;5;1;0;0;1;10;3;"57";"57463";2;0;0
4;1;1;1958;0;1;0;0;28;4;1;"93";"93048";2;1;0
3;1;1;1977;5;0;0;0;19;6;1;"01";"01200";1;1;0
4;1;1;1982;1;1;0;0;24;9;2;"49";"49328";2;0;0
4;1;1;1999;1;0;0;0;6;11;3;"69";"69034";2;0;0
3;1;1;1985;9;1;0;0;19;6;1;"64";"64138";1;0;0
3;1;1;1945;5;0;0;0;6;11;1;"82";"82121";2;1;0
4;1;1;1971;5;1;0;0;1;10;3;"35";"35115";2;0;0
4;1;2;1995;5;1;0;0;1;10;1;"33";"33063";2;0;0
3;1;1;1966;0;0;0;1;19;6;1;"68";"68309";1;0;0
4;1;1;1974;1;1;0;0;30;9;1;"25";"25462";1;0;0
3;1;2;1997;2;1;0;0;12;12;1;"81";"81004";2;0;0
4;80;1;1993;0;1;0;0;12;12;1;"80";"80021";2;0;0
4;1;1;2006;0;0;0;0;6;11;1;"64";"64445";2;0;0
4;1;1;1971;1;1;0;0;11;12;3;"67";"67482";2;0;0
3;1;2;1943;5;0;0;0;6;11;1;"45";"45234";2;0;0
4;1;1;2004;1;1;0;0;6;11;2;"45";"45234";2;0;1
4;80;1;2004;0;1;0;0;5;11;1;"38";"38185";2;0;0
4;1;2;1970;1;0;0;1;12;12;2;"59";"59350";2;1;0
4;1;2;1982;1;1;0;0;6;11;1;"35";"35238";2;1;1
3;1;1;1975;1;0;0;0;6;11;3;"33";"33063";2;0;0
3;1;1;1975;9;1;0;0;5;11;3;"75";"75110";2;0;0
4;80;1;1980;5;0;0;0;5;11;3;"75";"75103";2;0;0
4;1;1;1996;9;1;0;0;11;12;3;"75";"75120";2;0;0
4;1;2;1984;5;1;0;0;12;12;3;"75";"75116";2;0;0
3;1;1;1952;5;1;0;0;6;11;2;"72";"72176";2;1;1
4;80;1;1984;1;0;0;0;11;12;1;"75";"75101";2;0;0
4;1;2;1994;0;1;0;0;12;12;3;"93";"93070";2;1;0
3;1;1;2013;5;1;0;0;6;11;1;"89";"89152";2;0;0
4;1;1;2010;5;1;0;0;12;12;3;"29";"29220";1;0;0
2;1;1;1996;5;1;0;0;15;10;1;"75";"75108";2;0;0
4;1;1;1986;5;0;0;0;4;12;3;"37";"37003";2;0;0
4;1;1;1988;0;1;0;0;23;11;1;"44";"44143";2;0;0
4;1;2;1977;0;1;0;0;18;11;3;"44";"44109";2;0;0
3;80;1;1960;9;1;1;0;10;12;1;"69";"69290";1;1;0
4;1;1;2016;2;1;0;0;9;12;3;"68";"68224";2;1;1
4;1;1;1981;1;1;0;0;16;1;3;"92";"92050";2;0;0
4;1;1;1984;5;0;0;0;16;1;1;"92";"92048";2;0;0
4;1;1;1982;0;1;0;0;16;1;1;"92";"92004";2;0;0
3;1;2;2004;0;0;0;0;23;2;1;"69";"69387";2;0;0
4;1;1;1981;0;1;0;0;13;5;1;"79";"79191";2;0;0
4;1;1;2014;5;1;0;0;13;5;1;"71";"71270";2;0;0
3;1;1;2002;0;1;0;0;14;5;1;"69";"69266";2;1;0
4;1;1;1980;1;1;0;0;14;5;2;"59";"59599";2;0;0
4;1;2;1999;0;1;0;0;13;5;1;"54";"54395";2;0;0
4;1;1;1988;0;1;0;0;13;5;1;"38";"38185";2;0;0
4;80;2;1964;1;1;0;0;14;5;1;"34";"34172";2;1;0
4;1;1;1996;9;1;0;0;15;1;1;"69";"69389";2;0;0
4;1;1;1966;0;1;0;0;23;2;1;"91";"91477";2;0;0
4;1;1;1965;0;1;0;0;5;4;1;"974";"97407";2;1;0
4;1;1;1948;0;1;0;0;13;1;1;"84";"84007";2;0;0
4;1;1;1988;1;1;0;0;6;4;1;"69";"69149";2;0;0
3;1;1;1981;5;1;0;0;5;4;3;"971";"97120";1;0;0
4;1;1;1953;5;1;0;0;13;5;1;"10";"10321";1;0;0
2;1;1;1991;5;1;0;0;4;4;3;"87";"87085";2;0;0
4;1;1;1998;1;0;1;0;14;5;1;"75";"75116";2;0;0
4;80;1;1980;1;1;0;0;5;4;1;"77";"77438";2;1;0
4;80;2;1993;9;0;0;0;13;5;3;"75";"75107";2;1;0
4;1;1;1996;4;0;0;0;13;5;1;"75";"75104";2;0;0
4;80;1;1966;0;1;0;0;14;5;1;"94";"94003";2;0;0
4;1;1;1997;0;0;0;1;6;4;1;"67";"67482";2;1;0
4;1;2;2005;5;1;0;0;15;1;3;"16";"16015";2;1;0
4;1;1;1993;1;1;0;0;6;4;1;"60";"60159";2;0;0
4;80;1;1944;0;1;0;0;13;5;1;"93";"93064";2;0;0
4;1;1;1978;9;1;0;0;15;1;1;"75";"75119";2;0;0
4;1;1;1983;0;1;0;0;6;4;1;"54";"54300";2;0;0
4;1;1;2007;2;1;0;0;26;2;1;"78";"78418";2;1;0
4;1;2;1976;5;1;0;0;13;5;1;"92";"92046";2;1;0
4;1;1;2008;2;1;0;0;15;1;3;"75";"75101";2;0;0
4;1;1;1960;0;1;0;0;14;5;1;"92";"92064";2;0;0
4;80;1;1990;5;1;0;0;6;4;1;"49";"49007";2;0;0
4;1;1;1982;5;0;0;0;15;5;1;"65";"65120";1;1;0
4;80;2;2009;2;1;0;0;20;2;1;"76";"76351";2;1;0
4;1;2;1980;0;1;0;0;20;2;1;"76";"76341";2;1;0
4;1;2;2006;2;0;0;0;19;2;1;"76";"76351";2;0;0
4;1;2;2006;2;0;0;0;19;2;1;"76";"76351";2;0;0
4;1;2;1983;5;1;0;0;6;4;1;"10";"10343";2;1;0
4;1;1;1992;0;1;0;0;21;2;1;"74";"74133";2;1;0
4;1;1;1971;0;1;0;0;5;4;1;"10";"10387";2;0;0
4;1;2;1972;0;1;0;0;23;2;1;"72";"72181";2;0;0
4;1;1;1948;5;1;0;0;15;5;1;"57";"57032";2;0;0
4;1;1;1983;5;0;0;0;12;5;1;"63";"63042";1;0;0
3;1;1;1973;5;1;0;0;11;5;1;"16";"16026";2;1;0
4;1;1;1981;5;0;0;0;6;4;3;"75";"75116";2;0;0
4;80;1;1983;5;0;0;0;6;4;1;"75";"75114";2;1;0
4;80;1;1976;5;1;0;0;6;4;1;"75";"75112";2;0;0
4;1;1;2000;5;1;0;0;20;2;1;"66";"66136";2;0;0
4;1;1;1988;5;0;0;0;6;4;1;"92";"92040";2;1;0
4;1;1;1964;3;1;0;0;26;2;1;"63";"63224";2;0;0
4;80;1;1954;1;1;0;0;14;1;3;"75";"75113";2;0;0
4;1;1;1980;1;0;1;0;20;7;1;"75";"75117";2;0;0
4;1;1;1963;0;1;0;0;20;7;1;"94";"94081";2;1;0
4;1;2;1989;0;1;0;0;19;2;1;"63";"63113";2;1;0
4;1;1;1977;5;0;0;0;11;5;1;"64";"64122";2;0;0
3;1;1;1970;5;1;0;0;6;4;1;"19";"19246";1;1;0
4;1;1;1981;4;1;0;0;13;5;1;"63";"63113";2;0;0
4;1;1;1988;5;1;0;0;21;2;3;"59";"59646";2;0;0
3;80;2;1952;3;0;0;0;21;7;1;"60";"60158";1;0;0
3;1;1;1990;5;1;0;0;19;7;1;"62";"62078";2;1;0
3;1;1;1954;0;0;1;0;23;2;1;"56";"56260";2;0;0
3;1;2;1987;5;1;0;0;12;5;1;"50";"50147";2;1;0
3;1;1;1961;5;1;0;0;21;7;1;"32";"32107";2;1;0
4;80;1;2010;5;1;0;0;17;2;1;"50";"50129";2;0;0
4;1;1;1973;5;0;0;1;6;4;1;"78";"78356";1;1;0
3;1;1;1942;5;1;0;0;21;7;1;"44";"44216";1;1;0
4;1;2;1962;0;1;0;0;16;7;1;"29";"29188";2;0;0
4;1;2;1960;1;0;0;0;27;8;1;"75";"75105";2;1;0
4;1;1;1969;5;1;0;0;6;4;1;"91";"91661";2;1;0
4;1;1;2006;0;0;0;1;27;8;1;"75";"75105";2;1;0
4;1;2;1965;9;1;0;0;27;8;1;"75";"75116";2;0;0
4;1;2;1984;1;1;0;0;27;8;1;"75";"75117";2;0;0
4;1;1;1983;9;0;0;0;27;8;1;"75";"75117";2;0;0
3;1;2;1992;5;1;0;0;20;7;3;"10";"10262";2;0;0
4;1;2;1982;1;1;0;0;27;8;1;"75";"75111";2;0;0
3;1;1;1994;5;0;0;0;20;7;2;"974";"97418";2;0;0
3;1;1;1972;5;1;0;0;22;8;1;"68";"68023";1;1;0
4;1;1;1976;0;1;0;0;19;7;1;"69";"69383";2;0;0
3;1;2;1965;5;0;1;0;28;8;1;"61";"61462";2;1;0
3;1;1;2020;9;1;0;0;19;7;1;"69";"69389";2;0;0
2;1;1;1974;5;1;0;0;18;7;1;"91";"91549";2;0;0
3;1;1;1940;5;1;0;0;26;8;1;"56";"56007";2;1;0
3;80;1;1948;5;0;0;0;27;8;1;"22";"22198";1;0;0
4;1;1;2007;0;1;0;0;19;7;1;"51";"51454";2;0;0
4;1;1;1979;3;1;0;0;18;7;1;"51";"51454";2;1;0
3;1;2;1953;5;0;0;0;17;7;1;"49";"49099";1;0;0
4;1;1;1949;5;1;0;0;28;5;1;"84";"84143";1;0;0
3;1;1;1942;5;1;0;0;26;5;1;"84";"84105";1;1;0
4;1;1;1996;5;1;0;0;19;7;1;"35";"35238";2;0;0
3;1;1;1966;0;0;0;1;19;7;1;"33";"33281";2;0;0
4;1;1;1987;0;1;0;0;18;7;1;"29";"29019";2;0;0
4;1;2;1976;5;1;0;0;30;9;1;"11";"11069";2;1;0
4;1;1;1984;5;1;0;0;19;7;3;"75";"75118";2;0;0
4;1;1;1980;5;1;0;0;19;7;1;"75";"75117";2;0;0
3;1;2;2004;1;1;0;0;24;8;1;"41";"41018";2;0;0
4;1;1;2008;0;0;0;1;1;10;3;"93";"93005";2;0;0
4;80;2;1980;0;1;0;0;19;7;1;"94";"94033";2;0;0
4;1;1;1987;5;1;0;0;25;8;1;"19";"19031";2;1;0
4;1;2;1998;0;1;0;0;18;7;1;"94";"94011";2;0;0
4;1;1;1978;9;1;0;0;19;7;1;"94";"94071";2;0;0
4;80;1;1994;1;0;0;0;25;8;1;"75";"75108";2;0;0
4;1;1;1956;1;0;1;0;18;6;1;"76";"76351";2;0;0
4;1;1;1961;-1;1;0;0;26;8;1;"93";"93066";2;0;0
4;1;1;1993;1;1;0;0;17;6;1;"67";"67043";2;0;0
3;1;2;1949;5;0;0;0;30;9;1;"03";"03239";1;1;0
3;1;1;1984;5;1;0;0;17;6;1;"61";"61006";2;0;0
3;80;1;1982;5;1;0;0;17;6;1;"61";"61006";2;0;0
3;1;1;1973;1;1;0;0;26;9;2;"83";"83023";1;1;1
3;1;2;1982;5;1;0;0;1;10;1;"85";"85011";2;0;0
4;1;2;1966;1;1;0;0;18;6;1;"35";"35238";2;1;0
4;1;1;1955;0;1;0;1;17;6;1;"29";"29151";2;1;0
3;1;2;2001;0;0;1;0;17;6;1;"13";"13004";2;0;0
3;1;2;1988;4;0;0;0;18;6;1;"13";"13001";2;0;0
4;1;1;1971;0;1;0;0;18;6;1;"11";"11069";2;0;0
4;1;1;1993;5;0;0;0;17;6;3;"75";"75106";2;1;0
4;80;1;1969;1;0;0;0;17;6;3;"75";"75106";2;1;0
4;80;1;2008;5;1;0;0;17;6;2;"75";"75115";2;0;0
4;1;1;1967;9;1;0;0;18;6;1;"75";"75111";2;0;0
4;80;2;2002;9;1;0;0;18;6;1;"75";"75108";2;1;0
4;1;1;1953;5;1;0;0;18;6;1;"75";"75102";2;0;0
4;1;1;1984;1;0;0;0;18;6;1;"75";"75101";2;1;0
4;1;2;1994;1;1;0;0;17;6;1;"94";"94081";2;0;0
4;1;2;2012;2;1;0;0;25;9;2;"44";"44190";2;0;0
4;1;1;1978;1;1;0;0;30;9;1;"69";"69388";2;1;0
4;1;1;2005;0;1;0;0;17;6;1;"92";"92004";2;0;0
4;1;1;1991;1;0;0;1;5;11;1;"67";"67482";2;0;0
3;1;1;1972;0;1;0;0;16;6;1;"73";"73121";1;1;0
4;1;2;1996;0;1;0;0;5;11;2;"64";"64445";2;0;0
4;1;1;1945;5;0;0;0;5;11;1;"64";"64122";2;1;0
4;1;1;1980;0;1;0;0;5;11;2;"59";"59410";2;0;0
4;1;1;1987;1;1;0;0;5;11;3;"38";"38185";2;1;0
4;1;1;1995;9;1;0;0;5;11;2;"38";"38053";2;0;0
3;1;1;1990;9;1;0;0;4;11;1;"34";"34172";2;0;0
4;1;1;2006;9;1;0;0;5;11;3;"33";"33522";2;0;0
4;1;1;1979;1;0;0;0;5;11;3;"29";"29232";2;1;0
4;1;1;2000;2;0;0;0;30;9;1;"75";"75119";2;0;0
4;1;1;1938;9;0;0;1;30;9;1;"75";"75116";2;0;0
4;1;1;2006;2;1;0;0;30;9;1;"75";"75113";2;1;0
4;1;2;2008;2;1;0;0;30;9;1;"92";"92075";2;0;0
4;80;2;1960;5;0;0;0;30;9;1;"92";"92064";2;0;0
4;1;1;1980;5;0;0;0;29;9;1;"92";"92047";1;0;0
4;1;1;2000;0;1;0;0;31;5;1;"44";"44109";2;0;0
4;1;1;1936;0;1;0;0;29;5;1;"44";"44114";2;0;0
4;1;1;1983;0;0;0;0;27;5;1;"44";"44114";2;0;0
4;1;1;1998;0;1;0;0;17;6;1;"69";"69383";1;0;0
4;1;2;1977;9;1;0;0;4;11;1;"75";"75114";2;0;0
4;80;2;1985;9;1;0;0;5;11;1;"75";"75108";2;1;0
4;1;1;1986;1;1;0;0;3;11;3;"75";"75101";2;0;0
4;1;1;1943;0;1;0;0;4;11;1;"94";"94068";2;0;0
4;1;1;1963;1;1;0;0;11;12;3;"35";"35238";2;0;0
4;1;2;1998;5;1;0;0;16;6;1;"49";"49007";1;0;0
4;1;1;1996;4;1;0;0;4;11;1;"92";"92036";2;1;0
4;1;2;1987;0;0;0;0;5;11;3;"92";"92002";2;0;0
3;1;1;1955;5;1;0;0;5;11;1;"30";"30209";1;1;0
4;1;1;1996;9;0;1;0;11;12;3;"93";"93063";2;0;0
3;1;1;1971;1;1;0;0;6;11;2;"59";"59189";1;1;1
4;1;1;1989;0;0;0;1;11;12;3;"92";"92026";2;1;0
2;1;1;1956;9;0;0;1;12;12;1;"30";"30006";1;0;0
4;1;1;2006;0;1;0;0;8;11;1;"44";"44109";2;0;0
4;1;1;1988;1;1;0;0;9;12;1;"974";"97407";2;0;0
4;1;1;2014;0;1;0;0;4;11;3;"69";"69383";2;1;0
4;1;1;2013;5;0;0;1;9;12;2;"973";"97302";2;0;0
4;1;1;1967;0;1;0;0;4;11;1;"77";"77237";2;0;0
4;1;1;1998;1;1;0;0;9;12;3;"64";"64445";2;1;0
4;1;1;1983;1;1;0;0;9;12;3;"49";"49328";2;0;1
4;1;1;1972;1;1;0;0;9;12;1;"49";"49246";2;0;0
4;1;1;1974;5;0;0;0;6;12;3;"07";"07102";2;1;0
4;1;2;1998;1;1;0;0;9;12;3;"75";"75114";2;1;0
4;1;2;1998;9;1;0;0;10;12;1;"75";"75109";2;0;0
4;1;2;1994;3;0;0;1;10;12;1;"75";"75108";2;1;0
4;1;1;1990;1;0;0;0;10;12;1;"75";"75108";2;1;0
4;1;1;1993;9;0;0;0;10;12;3;"75";"75107";2;0;0
4;80;1;1963;5;0;0;0;10;12;1;"75";"75107";2;1;0
4;80;2;1978;5;1;0;0;9;12;3;"94";"94046";2;1;0
4;80;1;1996;1;1;0;0;14;1;3;"93";"93050";2;1;0
4;1;1;1991;4;1;0;0;13;1;1;"91";"91228";2;1;0
4;1;1;1949;5;0;1;0;13;1;1;"82";"82033";2;0;0
4;1;1;2014;2;1;0;0;13;1;3;"69";"69266";2;1;0
3;1;2;1982;1;1;0;0;13;1;3;"69";"69266";2;1;0
3;1;1;1995;1;1;0;0;10;5;1;"30";"30189";2;0;0
3;1;2;1998;0;1;0;0;26;4;3;"28";"28085";2;0;0
4;1;1;1950;5;1;0;0;13;5;1;"17";"17306";2;1;0
4;80;2;1988;9;1;0;0;13;5;3;"75";"75118";2;0;0
4;1;1;1979;1;1;0;0;5;4;1;"85";"85191";2;0;0
4;1;2;2015;5;1;0;0;12;5;1;"75";"75115";2;1;0
4;80;1;2000;5;0;0;0;13;5;1;"75";"75110";2;0;0
4;1;2;1996;5;1;0;0;12;5;1;"75";"75102";2;0;0
4;1;2;2014;2;1;0;0;4;4;1;"76";"76351";2;0;0
4;1;1;1959;0;1;0;0;3;4;2;"71";"71270";2;0;0
4;1;2;1984;0;1;0;0;5;4;1;"69";"69264";2;0;0
4;1;1;1964;0;1;0;0;28;2;1;"37";"37261";2;1;0
3;80;1;2001;9;0;0;0;13;1;3;"75";"75106";2;0;0
4;1;1;1970;0;0;0;1;5;4;1;"64";"64445";2;1;0
4;80;1;1972;1;0;0;1;12;1;3;"75";"75109";2;1;0
4;1;1;2009;5;1;0;0;4;4;1;"62";"62498";2;1;0
4;1;1;1984;0;0;0;0;13;5;1;"92";"92002";2;0;0
4;1;1;2002;4;1;0;0;22;2;1;"37";"37261";2;1;0
3;1;1;1987;1;1;0;0;14;5;1;"31";"31116";2;1;0
3;1;1;2005;2;1;0;0;12;1;2;"35";"35094";1;1;1
4;1;1;2004;0;0;1;0;4;4;1;"49";"49007";2;0;0
4;1;1;1966;5;0;0;0;13;1;1;"83";"83019";2;1;0
2;1;1;1961;5;0;0;0;9;5;1;"2A";"2A098";2;1;0
4;1;1;1975;5;1;0;0;23;2;3;"34";"34172";2;1;0
3;1;1;1989;0;1;0;0;5;4;1;"13";"13209";2;1;0
4;1;1;1976;0;1;0;0;21;2;1;"33";"33063";2;0;0
4;1;1;1970;0;1;0;0;5;4;1;"06";"06029";2;1;0
4;1;2;1995;2;1;0;0;3;4;1;"05";"05061";2;1;0
4;1;1;1952;0;1;0;0;13;5;1;"38";"38072";2;1;0
4;1;1;1993;5;0;0;0;5;4;3;"75";"75114";2;0;0
4;1;1;1965;9;1;0;0;20;2;2;"31";"31555";2;1;0
4;1;1;1983;5;1;0;0;12;5;2;"974";"97411";2;0;0
4;1;1;1996;1;1;0;0;20;2;3;"29";"29232";2;1;1
4;1;2;1980;0;0;0;0;4;4;1;"92";"92024";2;0;0
4;1;1;1980;9;1;0;0;12;1;1;"69";"69386";2;0;0
4;1;1;1993;9;1;0;0;24;2;1;"25";"25056";2;1;0
3;1;1;1973;1;1;0;0;20;2;3;"19";"19275";2;0;1
4;1;2;2002;5;1;0;0;12;5;1;"77";"77373";2;0;0
3;80;1;1986;1;1;0;0;27;2;1;"15";"15014";2;0;1
4;1;2;1976;1;1;0;0;22;2;1;"14";"14118";2;0;0
4;1;1;1970;5;1;0;0;11;5;1;"38";"38053";2;0;0
3;80;1;1991;0;1;0;0;12;5;3;"33";"33063";2;0;0
4;1;1;2008;5;0;0;0;10;5;1;"22";"22113";2;0;0
3;1;1;1951;0;1;0;0;5;4;1;"84";"84122";2;0;0
4;1;1;2010;5;1;0;0;12;5;1;"01";"01289";1;1;0
4;1;1;1998;9;1;0;0;12;5;1;"75";"75120";2;0;0
4;1;1;2001;9;1;0;0;12;5;3;"75";"75117";2;0;0
4;1;1;1952;0;0;1;0;12;5;1;"92";"92012";2;0;0
3;1;2;1970;5;0;1;0;28;2;1;"75";"75108";2;1;0
2;1;1;1962;5;0;0;0;19;7;1;"56";"56198";1;1;0
4;1;1;1989;1;1;0;0;28;2;2;"94";"94075";2;0;0
3;1;2;1958;5;1;0;0;3;5;1;"56";"56130";2;1;0
4;1;2;2011;5;1;0;0;28;2;1;"93";"93005";2;0;0
4;1;1;2018;9;1;0;0;4;4;1;"974";"97416";2;0;0
4;1;1;2008;0;1;0;0;3;4;3;"973";"97302";2;0;0
3;1;1;1969;5;1;0;0;13;5;1;"01";"01196";2;1;0
3;1;1;1962;0;0;0;0;19;7;1;"06";"06009";1;1;0
4;1;1;1942;5;1;0;0;29;2;1;"71";"71295";1;0;0
3;1;1;1951;5;1;0;0;11;5;1;"27";"27622";1;1;0
3;1;1;1947;5;1;0;0;11;5;1;"27";"27622";1;1;0
3;1;1;1958;5;1;0;0;11;5;1;"27";"27622";1;1;0
3;1;1;1958;5;1;0;0;27;8;1;"65";"65295";2;1;0
3;1;1;1953;5;1;0;0;19;7;1;"30";"30249";2;0;0
3;1;2;2006;2;1;0;0;4;4;1;"91";"91174";2;0;0
4;1;1;1974;5;1;0;0;3;4;1;"87";"87085";2;1;0
4;1;1;1974;5;1;0;0;12;8;1;"85";"85243";2;1;0
4;1;1;1971;5;1;0;0;12;8;1;"85";"85243";2;1;0
3;1;1;1995;5;0;0;0;19;7;1;"04";"04096";1;1;0
3;80;1;1963;5;0;0;0;19;7;3;"21";"21292";2;0;0
3;1;1;2015;5;1;0;0;19;7;1;"88";"88206";2;1;0
4;1;1;1965;1;1;0;0;4;4;3;"69";"69259";2;1;1
3;1;1;2008;5;1;0;0;20;5;1;"74";"74236";2;1;0
3;1;2;1952;5;0;0;0;16;7;1;"31";"31327";1;1;0
4;1;1;1981;5;1;0;0;25;8;1;"85";"85191";1;1;0
4;1;1;2004;5;1;0;0;25;8;1;"64";"64348";2;1;0
4;1;2;1967;5;1;0;0;18;7;1;"62";"62774";2;0;0
4;1;1;1955;0;1;0;0;24;8;1;"47";"47001";1;0;0
4;1;1;1988;9;1;0;0;17;7;2;"42";"42186";2;1;0
4;1;1;1988;4;1;0;0;17;7;2;"38";"38185";2;1;0
3;1;1;1962;5;1;0;0;24;8;1;"01";"01451";2;0;0
3;80;1;1970;1;1;0;0;18;7;1;"34";"34172";2;1;0
4;80;2;1978;9;1;0;0;18;7;1;"33";"33063";2;1;0
3;1;1;1963;1;1;0;0;17;6;1;"02";"02738";2;0;0
4;1;2;1997;5;1;0;0;18;7;1;"33";"33063";2;1;0
4;1;1;1976;5;1;0;0;25;8;1;"75";"75116";2;1;0
4;1;2;2000;5;1;0;0;25;8;3;"75";"75110";2;0;0
4;80;1;1987;4;0;0;0;17;6;1;"75";"75119";2;1;0
4;1;1;2004;2;0;0;1;17;6;1;"75";"75105";2;0;0
4;1;1;2010;5;1;0;0;17;7;1;"29";"29232";2;1;0
4;80;1;1944;5;1;0;0;17;7;1;"14";"14338";2;0;0
4;1;1;2001;0;1;0;0;17;6;1;"92";"92063";2;1;0
4;1;2;1988;9;1;0;0;17;6;1;"92";"92044";2;1;0
4;80;2;1989;4;0;0;0;17;6;1;"92";"92032";2;1;0
3;1;1;1966;0;1;0;0;25;8;1;"2A";"2A085";1;0;0
3;1;1;1972;5;1;0;0;18;6;1;"51";"51147";1;0;0
4;1;2;1993;1;0;1;0;23;8;1;"68";"68270";2;0;0
3;1;2;1961;5;1;0;0;19;8;2;"68";"68129";1;1;0
2;1;1;1971;5;0;0;0;25;8;1;"29";"29031";1;1;0
4;80;2;1989;1;1;0;0;18;7;1;"75";"75117";2;1;0
4;1;1;2010;0;1;0;0;30;9;1;"77";"77176";2;0;0
4;80;1;1971;9;0;0;0;17;7;1;"75";"75116";2;1;0
4;1;1;1975;1;0;0;0;18;7;1;"75";"75113";2;1;0
3;1;2;1947;5;1;0;0;26;8;1;"50";"50272";1;1;0
4;1;1;2001;9;0;0;0;17;7;1;"75";"75112";2;0;0
4;1;1;1999;9;1;0;0;18;7;3;"75";"75110";2;0;0
4;1;1;1969;5;0;0;0;1;10;1;"50";"50564";1;1;0
3;1;1;1962;5;0;0;0;1;10;1;"50";"50564";1;1;0
3;1;1;1947;5;0;0;0;18;6;1;"73";"73128";1;1;0
4;80;1;2001;0;0;0;1;17;7;2;"94";"94043";2;0;0
3;1;2;1996;5;0;0;0;17;6;1;"976";"97617";1;1;0
3;1;1;1997;5;0;0;0;17;6;1;"976";"97617";1;1;0
3;1;2;1942;5;1;0;0;16;6;1;"66";"66037";2;0;0
3;1;1;2006;5;1;0;0;26;8;3;"66";"66008";2;0;0
3;1;2;2006;5;1;0;0;26;8;3;"66";"66008";2;0;0
2;80;1;1985;3;0;0;0;17;8;1;"73";"73160";1;0;0
4;1;1;1959;5;0;0;0;25;8;1;"01";"01249";2;0;0
4;80;2;1988;0;1;0;0;7;2;1;"93";"93072";2;0;0
4;1;2;1973;5;1;0;0;29;9;1;"91";"91312";2;1;0
3;1;2;1961;5;1;0;0;24;8;1;"91";"91114";2;1;0
4;1;1;1965;0;1;0;0;16;6;1;"09";"09225";1;0;0
3;1;2;1956;5;1;0;0;29;9;1;"17";"17306";2;0;0
3;1;1;1970;5;0;0;0;16;6;1;"06";"06088";2;0;0
4;1;1;1993;9;0;0;0;28;9;1;"75";"75102";2;1;0
4;1;1;1996;5;1;0;0;16;6;1;"75";"75116";2;1;0
4;1;1;1997;5;1;0;0;15;6;1;"75";"75116";2;1;0
4;1;1;1986;5;1;0;0;16;6;1;"75";"75115";2;0;0
4;1;1;1962;9;1;0;0;16;6;1;"75";"75115";2;1;0
4;1;2;2008;5;0;0;0;28;9;1;"75";"75116";2;1;0
3;1;1;1989;5;0;0;0;28;9;1;"75";"75116";2;1;0
4;1;1;1993;5;0;0;0;28;9;1;"75";"75116";2;1;0
4;1;1;1980;5;0;0;0;28;9;1;"75";"75116";2;1;0
4;1;1;1992;9;1;0;0;29;9;1;"75";"75113";2;0;0
4;1;1;1975;5;0;0;1;28;9;1;"75";"75113";2;1;0
3;1;1;1967;0;1;0;0;16;6;3;"94";"94046";2;0;0
4;1;1;1961;5;1;0;0;17;6;1;"63";"63425";2;1;0
4;1;2;1983;1;1;0;0;10;12;3;"92";"92040";2;0;0
3;80;1;1980;1;1;0;0;27;9;2;"59";"59261";2;1;0
4;1;1;1964;1;1;0;0;10;12;3;"92";"92023";2;0;0
3;80;1;1984;5;1;0;0;8;6;1;"2B";"2B281";1;0;0
3;1;1;1974;5;1;0;0;29;9;1;"22";"22245";1;1;0
3;1;1;2005;4;1;0;0;17;6;1;"71";"71014";2;0;0
4;1;1;1998;5;1;0;0;28;9;1;"06";"06020";2;1;0
3;1;1;2010;2;1;0;0;11;12;2;"44";"44161";2;0;1
3;80;1;1996;1;1;0;0;10;12;3;"29";"29171";2;0;0
3;1;1;2008;5;1;0;0;11;12;1;"53";"53062";2;0;0
3;1;1;2008;5;1;0;0;22;9;1;"11";"11262";2;1;0
3;1;1;1979;1;1;0;0;11;6;1;"33";"33199";2;1;0
4;80;1;1988;1;1;0;0;4;11;1;"35";"35238";2;1;1
4;80;2;1991;1;0;0;1;30;9;1;"35";"35334";1;1;1
4;1;1;2013;1;0;1;0;4;11;1;"28";"28404";2;0;0
4;1;1;1998;5;1;0;0;3;11;3;"75";"75108";2;0;0
4;1;2;1983;0;1;0;0;23;9;1;"44";"44109";2;0;0
4;1;1;1990;0;1;0;0;23;9;2;"44";"44109";2;0;0
4;1;1;2000;0;1;0;0;21;9;1;"44";"44109";2;0;0
4;1;2;1974;1;1;0;0;4;11;1;"92";"92023";2;1;0
4;1;1;1977;0;0;0;0;8;12;3;"973";"97302";2;0;0
3;80;1;1966;5;1;0;0;3;11;1;"2B";"2B123";1;0;0
4;1;1;2012;2;1;0;0;27;9;1;"77";"77333";2;0;0
3;1;1;1945;3;1;0;0;28;9;1;"69";"69282";2;0;0
4;1;1;1942;3;1;0;0;28;9;1;"64";"64445";2;1;0
4;1;1;2006;5;1;0;0;4;11;1;"21";"21390";2;1;0
3;1;2;1995;5;1;0;0;28;9;1;"54";"54395";2;0;0
4;1;2;2009;5;1;0;0;8;12;1;"47";"47027";2;0;0
4;1;2;1996;0;1;0;0;9;12;3;"75";"75116";2;1;0
4;1;2;2008;9;1;0;0;9;12;1;"75";"75116";2;0;0
3;1;2;1998;5;1;0;0;9;12;1;"75";"75110";2;0;0
4;1;1;1974;5;0;0;0;2;11;3;"19";"19031";2;0;0
4;1;1;2011;5;1;0;0;3;11;1;"11";"11262";2;1;0
3;1;1;1949;5;1;0;0;8;12;1;"06";"06161";1;1;0
3;1;1;2006;5;0;0;0;3;11;1;"56";"56008";1;0;0
3;1;1;1972;1;0;0;0;9;12;2;"29";"29293";2;0;1
3;1;1;1952;5;1;0;0;28;10;1;"42";"42249";2;1;0
3;1;1;1955;5;1;0;0;4;11;1;"38";"38027";1;1;0
3;1;2;1959;5;1;0;0;9;12;1;"14";"14326";2;0;1
4;1;1;1956;5;0;0;0;3;11;1;"90";"90052";2;1;0
3;80;1;1954;5;1;0;0;1;11;1;"43";"43051";1;1;0
2;1;1;1973;1;0;1;0;4;11;1;"974";"97418";1;0;0
4;1;1;1982;5;1;0;0;4;11;1;"66";"66037";2;1;0
4;1;1;1963;1;1;0;0;3;12;3;"51";"51250";2;0;1
2;1;1;1948;5;0;0;0;28;10;1;"67";"67458";2;0;0
2;1;1;1944;5;0;0;1;1;11;1;"01";"01012";1;1;0
4;1;1;1963;0;1;0;0;19;10;1;"44";"44143";2;0;0
4;1;1;1964;1;1;0;0;12;1;3;"37";"37261";2;0;0
4;80;2;1980;1;1;0;0;12;1;3;"29";"29019";2;1;1
4;1;2;1989;0;1;0;0;11;1;1;"10";"10343";2;0;0
4;1;1;1939;5;1;0;0;12;1;2;"75";"75119";2;1;0
4;80;2;1994;1;0;0;0;12;1;1;"75";"75110";2;0;0
4;1;1;1998;9;0;0;1;12;1;3;"75";"75108";2;1;0
4;1;2;1993;9;1;0;0;12;1;3;"75";"75114";2;0;0
2;1;1;1956;5;1;0;0;13;1;1;"26";"26334";1;0;0
4;1;2;1993;1;1;0;0;13;1;3;"86";"86174";1;1;1
4;1;2;1990;1;1;0;0;4;4;1;"67";"67482";2;0;0
3;1;2;1991;5;1;0;0;18;2;1;"57";"57221";1;1;0
3;1;1;1967;5;1;0;0;13;1;1;"04";"04001";1;1;0
4;1;2;1965;1;0;0;0;4;4;1;"35";"35238";2;0;0
3;1;2;1958;5;0;0;0;11;5;1;"17";"17375";2;0;0
3;1;2;1992;0;0;0;1;4;4;1;"33";"33119";2;0;0
4;1;1;2001;1;1;0;0;3;4;1;"33";"33063";2;1;0
4;1;2;1995;1;1;0;0;3;4;1;"33";"33039";2;0;1
4;1;1;2015;5;1;0;0;4;4;1;"25";"25204";2;0;0
3;1;1;1941;5;1;0;0;3;3;1;"17";"17306";2;0;0
4;1;1;1976;1;1;0;0;4;4;1;"14";"14118";2;1;0
4;1;1;2006;9;0;0;1;11;1;1;"973";"97302";2;0;0
4;1;1;2003;1;0;0;0;11;5;1;"69";"69386";2;0;0
4;1;1;2008;2;1;0;0;11;1;3;"69";"69034";2;1;0
4;80;2;1986;1;1;0;0;4;4;1;"75";"75117";2;1;0
3;1;1;1963;9;0;1;0;11;1;1;"91";"91477";2;0;0
4;1;2;1997;1;1;0;0;3;4;1;"75";"75114";2;1;0
3;80;1;2001;4;1;0;0;26;2;3;"75";"75114";2;0;0
4;1;1;1993;9;0;0;0;4;4;1;"75";"75111";2;0;0
4;1;1;1991;0;1;0;0;10;5;1;"74";"74118";1;1;0
4;80;2;1969;5;1;0;0;4;4;1;"75";"75108";2;0;0
4;1;2;1981;5;1;0;0;27;2;3;"75";"75107";2;0;0
4;1;1;1950;0;0;0;0;11;1;1;"76";"76351";2;1;0
4;1;2;2001;5;0;0;0;4;4;3;"75";"75107";2;0;0
4;80;1;2006;0;1;0;0;11;5;1;"54";"54197";1;0;0
4;1;1;1961;0;1;0;0;26;2;1;"94";"94011";2;0;0
3;1;1;1965;0;1;0;0;10;1;3;"69";"69266";2;0;0
4;1;1;1991;1;0;0;0;27;2;3;"92";"92026";2;0;0
4;1;1;1978;1;1;0;0;11;5;3;"19";"19031";2;0;0
3;1;2;1976;1;1;0;0;27;2;3;"92";"92020";2;1;1
4;1;1;2008;0;1;0;0;3;4;1;"92";"92044";2;0;0
4;1;2;1988;1;1;0;0;11;1;2;"35";"35278";2;0;0
3;1;2;1997;0;1;0;0;11;1;3;"33";"33063";2;1;0
2;1;1;1954;5;0;0;0;27;2;1;"68";"68155";2;0;0
4;1;1;1963;5;1;0;0;27;2;1;"29";"29241";1;1;0
3;1;1;1967;1;0;0;0;11;1;1;"31";"31555";2;0;0
4;1;1;1965;1;1;0;0;18;7;1;"93";"93045";2;0;0
4;1;1;1959;5;0;0;0;11;5;1;"75";"75116";2;0;0
4;1;1;2002;1;1;0;0;4;4;1;"09";"09265";2;0;0
4;1;1;1999;9;1;0;0;11;5;1;"75";"75115";2;0;0
4;1;1;1986;0;0;0;1;11;5;1;"93";"93066";2;1;0
3;1;1;1949;5;1;0;0;18;7;1;"37";"37010";1;1;0
4;80;1;1978;3;1;0;0;11;1;1;"06";"06069";2;0;0
3;1;1;1958;5;0;0;0;12;5;1;"71";"71146";2;1;0
4;1;1;2006;0;0;0;1;26;2;3;"94";"94042";2;0;0
3;1;1;1996;1;1;0;0;20;3;2;"13";"13003";2;0;0
3;80;2;1963;5;0;0;0;11;5;1;"29";"29284";1;1;0
3;1;1;1968;5;1;0;0;17;7;1;"29";"29137";1;1;0
3;1;2;1957;5;0;0;0;11;5;1;"15";"15027";1;1;0
4;1;1;2001;5;1;0;0;18;7;1;"68";"68380";1;1;0
4;80;2;1971;5;1;0;0;12;5;1;"26";"26111";1;1;0
4;1;1;1955;5;1;0;0;19;7;1;"29";"29193";2;1;0
3;1;2;1981;5;0;0;0;12;5;1;"58";"58306";2;1;0
3;80;1;1951;5;1;0;0;19;7;1;"70";"70428";2;1;0
3;1;1;1972;5;1;0;0;27;2;1;"974";"97415";2;1;0
3;1;1;1978;5;0;0;0;9;5;1;"85";"85127";2;1;0
4;1;1;2011;5;1;0;0;19;7;1;"88";"88165";2;1;0
4;1;1;1934;0;1;0;0;2;4;1;"71";"71076";2;0;0
4;1;1;1998;5;1;0;0;18;7;1;"987";"98747";1;0;0
3;1;2;1957;5;0;0;0;12;5;1;"50";"50041";1;1;0
3;1;1;1956;5;1;0;0;10;5;1;"80";"80212";2;1;0
3;1;2;1990;9;1;0;0;16;7;1;"72";"72154";2;0;0
4;1;1;1968;0;0;0;1;25;2;1;"75";"75116";2;0;0
4;1;1;1998;5;0;0;0;24;2;3;"75";"75115";2;0;0
4;1;2;2004;9;1;0;0;25;2;1;"75";"75111";2;0;0
4;1;1;1995;5;1;0;0;24;8;1;"01";"01053";2;0;0
4;1;1;2006;0;1;0;0;25;2;1;"93";"93077";2;0;0
4;1;2;1986;0;0;0;0;26;6;1;"44";"44190";2;0;0
4;1;1;1974;5;1;0;0;24;8;1;"75";"75116";2;1;0
3;1;1;1995;5;1;0;0;10;5;1;"74";"74224";2;1;0
4;1;1;1997;9;0;0;0;23;8;3;"75";"75115";2;1;0
3;80;2;1969;1;1;0;0;22;3;1;"01";"01160";2;1;1
2;1;1;1946;5;1;0;0;26;2;1;"26";"26234";1;1;0
4;1;1;1997;5;0;0;1;24;8;1;"68";"68097";1;1;0
3;80;1;1974;1;1;0;0;17;7;1;"64";"64260";2;1;1
4;80;2;1967;1;1;0;0;17;7;1;"63";"63113";2;0;0
4;1;1;1976;3;1;0;0;24;8;1;"81";"81220";2;0;0
3;1;1;1941;5;1;0;0;13;6;1;"73";"73099";1;1;0
3;80;1;1964;5;0;0;0;17;6;1;"26";"26074";1;0;0
4;1;2;2019;5;1;0;0;17;7;1;"11";"11262";2;0;0
4;1;2;2005;1;0;0;0;17;7;3;"07";"07102";2;0;0
4;80;2;2000;5;1;0;0;17;7;1;"75";"75104";2;0;0
4;1;2;1992;1;0;0;0;17;7;1;"75";"75102";2;1;0
4;1;1;2009;5;1;0;0;17;7;1;"94";"94074";2;0;0
3;1;2;1989;5;1;0;0;25;8;1;"73";"73306";1;1;0
3;1;1;1969;5;1;0;0;17;2;1;"84";"84132";2;1;0
3;80;2;1951;5;1;0;0;25;8;1;"29";"29104";1;1;0
4;1;1;1990;0;1;0;0;15;6;3;"973";"97302";2;0;0
4;1;2;2005;5;1;0;0;15;6;1;"69";"69382";2;0;0
3;1;2;1970;5;1;0;0;18;7;1;"35";"35077";1;0;0
4;1;1;1970;5;1;0;0;18;7;1;"35";"35077";1;0;0
3;1;1;1964;5;1;0;0;14;6;1;"78";"78418";2;0;0
4;1;1;2002;5;1;0;0;18;7;1;"67";"67202";1;1;0
3;1;1;1953;0;1;0;0;17;7;1;"42";"42253";1;0;0
4;1;1;2009;0;1;0;0;23;8;2;"973";"97302";2;0;0
4;1;1;1974;0;0;0;0;15;6;1;"64";"64260";2;1;0
4;1;1;2007;2;0;0;0;14;6;1;"63";"63113";2;1;0
4;1;1;1992;0;1;0;0;14;6;1;"59";"59009";2;0;0
3;1;1;1954;0;1;0;0;20;8;1;"83";"83069";2;0;0
4;1;1;1974;5;1;0;0;15;6;1;"35";"35238";2;1;0
4;1;2;1990;5;1;0;0;22;8;1;"69";"69271";1;1;0
4;1;1;2010;5;0;1;0;15;6;1;"33";"33063";2;0;0
4;1;2;1972;5;0;0;0;28;9;1;"75";"75119";2;1;0
4;1;1;2012;2;0;0;0;14;6;1;"27";"27229";2;0;0
4;80;1;1983;5;1;0;0;28;9;1;"75";"75117";2;0;0
4;1;1;2004;5;1;0;0;28;9;3;"75";"75113";2;0;0
4;1;1;2001;1;1;0;0;21;8;2;"56";"56098";2;0;0
3;1;1;1970;5;0;0;1;15;6;1;"06";"06088";2;1;0
4;1;1;1989;9;1;0;0;27;9;1;"75";"75108";2;0;0
4;1;1;1965;9;0;0;0;27;9;1;"75";"75108";2;1;0
4;1;2;1993;1;0;0;0;28;9;3;"75";"75103";2;1;0
4;1;1;2001;5;1;0;1;12;6;1;"75";"75118";2;0;0
4;1;1;2001;5;1;0;0;22;8;1;"37";"37261";2;1;0
4;1;1;1964;9;0;0;0;27;9;1;"75";"75104";2;1;0
4;1;1;1991;9;1;0;0;15;6;3;"75";"75118";2;0;0
4;1;1;1993;9;1;0;0;14;6;3;"75";"75109";2;0;0
4;1;2;1952;5;0;0;0;15;6;1;"75";"75107";2;0;0
4;1;1;1974;5;1;0;0;23;8;2;"25";"25462";2;1;0
3;1;1;1991;1;1;0;0;22;8;2;"21";"21231";2;0;0
4;1;1;2007;0;1;0;0;27;9;3;"92";"92046";2;0;0
4;1;1;1995;9;0;0;0;23;8;3;"75";"75108";2;0;0
3;1;2;1949;5;1;0;0;9;12;1;"44";"44198";2;0;1
3;1;1;1962;0;0;0;0;15;6;1;"32";"32462";2;0;0
4;1;1;1986;9;1;0;0;23;8;1;"93";"93014";2;0;0
3;1;1;2005;5;1;0;0;15;6;1;"22";"22015";1;1;0
4;1;1;1995;5;0;0;0;23;8;1;"60";"60553";1;1;0
3;1;1;2009;5;1;0;0;15;6;1;"85";"85042";1;0;0
2;1;1;1982;0;0;0;0;17;10;3;"44";"44109";2;1;0
4;1;2;1962;5;1;0;0;21;9;1;"74";"74010";2;0;0
3;1;1;1942;5;1;0;0;15;6;1;"34";"34146";1;0;0
2;1;1;1963;5;1;0;0;30;6;1;"14";"14658";1;1;0
4;1;1;2014;5;1;0;0;13;6;1;"68";"68012";2;0;0
3;1;1;2010;5;1;0;0;15;6;1;"68";"68334";2;0;0
4;1;1;1997;5;1;0;0;2;11;1;"974";"97409";2;0;0
4;1;1;1991;5;1;0;0;8;12;1;"971";"97101";2;1;0
3;1;1;1960;5;1;0;0;29;9;1;"89";"89206";2;1;0
3;1;1;1982;5;1;0;0;2;11;1;"64";"64483";2;1;0
4;1;1;2007;0;1;0;0;3;11;3;"59";"59350";2;0;0
4;1;2;1954;0;0;0;0;2;11;2;"44";"44143";2;1;0
4;1;1;1997;9;1;0;0;1;11;3;"75";"75101";2;0;0
4;1;1;1967;5;1;0;0;3;11;1;"83";"83070";2;1;0
3;1;1;2009;5;1;0;0;2;11;1;"63";"63322";1;1;0
4;1;1;1981;5;1;0;0;2;11;1;"63";"63322";1;1;0
4;1;1;2009;0;1;0;0;27;9;1;"78";"78551";2;0;0
3;1;1;1968;5;1;0;0;3;11;1;"63";"63353";1;1;0
4;1;1;1967;5;1;0;0;27;9;1;"78";"78440";2;0;0
4;1;1;1946;5;1;0;0;2;11;1;"35";"35027";2;1;0
3;80;2;1972;5;1;0;0;24;10;1;"31";"31183";1;1;0
4;1;1;1974;5;0;0;0;30;10;1;"15";"15096";1;0;0
4;1;1;1975;9;1;0;0;27;9;1;"69";"69290";2;0;0
4;1;2;1997;1;1;0;0;2;11;2;"17";"17043";1;0;1
4;1;1;2003;2;1;0;0;27;9;1;"51";"51454";2;0;0
4;1;1;2003;5;1;0;0;6;12;1;"50";"50615";2;1;0
3;80;1;1974;5;1;0;0;6;12;3;"37";"37027";2;0;0
4;1;2;1998;1;0;1;0;27;9;1;"75";"75116";2;1;0
4;1;2;1964;1;0;0;0;27;9;1;"75";"75113";2;0;0
4;80;1;2007;2;1;0;0;27;9;1;"75";"75107";2;0;0
4;1;1;1959;9;1;0;0;27;9;1;"75";"75101";2;0;0
4;1;1;2000;0;1;0;0;1;11;3;"35";"35238";2;1;0
4;1;1;1965;5;1;0;0;1;11;1;"75";"75111";2;0;0
2;1;1;1950;5;0;0;0;2;11;1;"54";"54125";1;1;0
3;1;1;2011;5;0;0;0;1;11;2;"33";"33392";1;1;0
2;1;1;1954;5;1;0;0;2;11;1;"84";"84069";1;1;0
3;1;1;2010;5;0;0;0;2;11;1;"82";"82030";1;1;0
3;80;2;1946;5;1;0;0;1;11;1;"03";"03145";1;1;1
4;1;1;1980;1;0;0;0;11;1;3;"75";"75111";2;0;0
4;1;2;1964;1;0;0;0;11;1;1;"93";"93049";2;1;0
4;1;1;1970;9;1;0;0;11;1;3;"93";"93063";2;1;0
4;1;1;2001;2;0;0;0;11;1;1;"92";"92035";2;0;0
4;1;1;1985;0;0;0;1;11;1;3;"92";"92026";2;0;0
4;1;1;1954;9;1;0;0;10;1;1;"973";"97302";2;0;0
3;1;1;1987;1;0;0;1;3;4;1;"06";"06027";2;1;0
4;1;1;1989;9;1;0;0;3;4;3;"75";"75113";2;0;0
4;1;1;1975;0;1;0;0;10;1;1;"59";"59350";2;0;0
4;1;1;1997;1;1;0;0;3;4;1;"75";"75104";2;1;0
4;1;1;1994;1;0;0;0;3;4;2;"94";"94028";2;1;0
4;1;1;1987;1;0;0;1;3;4;2;"94";"94019";2;1;1
2;1;1;1965;5;0;0;0;9;5;1;"83";"83118";2;0;0
4;80;2;2006;0;1;0;0;10;5;1;"80";"80021";2;0;0
4;1;2;1965;0;0;0;0;8;5;1;"76";"76552";2;0;0
4;1;1;1999;5;1;0;0;3;4;1;"92";"92012";2;0;0
4;1;1;2003;0;0;0;0;8;5;1;"56";"56121";2;1;0
2;80;1;1972;5;0;0;0;3;4;1;"66";"66020";2;0;0
4;80;1;1951;5;1;0;0;4;4;1;"13";"13051";2;1;0
3;1;1;2012;0;1;0;0;3;4;1;"973";"97309";2;1;0
3;1;1;2012;0;1;0;0;3;4;1;"973";"97309";2;1;0
4;1;1;1973;0;1;0;0;3;4;1;"973";"97309";2;1;0
4;1;1;1972;0;0;0;0;10;5;1;"92";"92007";2;0;0
4;1;1;2007;5;0;0;0;3;4;1;"33";"33118";2;1;0
3;1;1;1975;5;0;0;0;3;4;1;"33";"33118";2;1;0
3;1;1;2010;5;1;0;0;10;5;1;"30";"30278";1;0;0
4;1;1;1982;5;1;0;0;10;5;1;"83";"83097";1;1;0
3;1;1;2014;5;1;0;0;10;5;1;"67";"67187";2;0;0
3;1;1;1978;5;1;0;0;11;5;1;"82";"82151";1;1;0
2;1;1;1949;5;1;0;0;4;4;1;"33";"33022";1;1;1
2;80;1;1957;5;0;0;0;8;5;1;"29";"29155";1;0;0
4;1;1;1977;5;1;0;0;10;5;3;"38";"38175";2;0;0
4;1;1;2007;5;0;0;1;26;6;1;"42";"42108";2;0;0
2;1;1;1971;9;1;0;0;7;1;2;"971";"97101";1;0;0
4;1;1;1974;5;1;0;0;10;5;1;"33";"33535";2;1;0
2;1;1;1948;3;1;0;0;18;7;1;"38";"38012";1;0;0
3;1;1;2007;5;0;0;0;17;7;2;"66";"66093";1;0;0
4;1;1;1992;5;0;0;0;18;7;1;"06";"06119";1;1;0
4;1;2;2005;9;0;0;1;23;2;3;"75";"75102";2;0;0
4;1;1;1974;5;1;0;0;8;5;2;"973";"97302";2;1;0
3;1;1;1993;5;1;0;0;2;4;1;"86";"86194";2;0;0
4;1;1;2002;0;0;0;1;9;5;1;"69";"69382";2;0;0
2;1;1;1945;5;0;0;0;9;5;1;"76";"76576";1;1;0
3;1;1;1953;5;0;0;0;2;4;1;"83";"83069";1;1;0
4;1;1;1970;5;1;0;0;9;5;1;"74";"74200";2;1;0
4;1;1;2015;0;1;0;0;9;5;1;"72";"72181";2;1;0
4;1;1;2009;5;0;0;0;17;7;1;"52";"52377";1;1;0
4;1;1;2003;5;1;0;0;9;5;1;"47";"47001";2;0;0
4;1;1;2001;1;1;0;0;9;5;2;"37";"37122";2;0;0
4;80;2;1981;4;1;0;0;2;4;1;"63";"63075";2;1;0
3;1;1;1976;5;0;0;0;17;7;1;"65";"65059";1;1;0
3;1;1;1994;5;0;0;0;16;7;1;"65";"65059";1;1;0
3;1;1;2015;5;0;0;0;25;2;1;"70";"70056";1;1;0
4;1;2;1976;1;1;0;0;17;7;1;"72";"72154";2;0;0
4;80;1;2004;5;0;0;0;2;4;1;"45";"45302";2;0;0
4;1;1;2009;5;1;0;0;8;5;1;"13";"13210";2;0;0
3;1;1;1971;5;1;0;0;18;7;1;"59";"59608";1;1;0
4;1;1;1974;5;1;0;0;18;7;1;"59";"59608";1;1;0
4;1;1;1978;5;1;0;0;18;7;1;"59";"59608";1;1;0
4;1;1;1993;5;1;0;0;18;7;1;"59";"59608";1;1;0
4;1;2;1998;5;1;0;0;18;7;1;"59";"59608";1;1;0
4;1;1;2002;5;1;0;0;18;7;1;"59";"59608";1;1;0
4;1;1;1993;5;1;0;0;18;7;1;"59";"59608";1;1;0
4;1;1;2006;5;1;0;0;18;7;1;"59";"59608";1;1;0
3;1;1;1983;9;1;0;0;9;5;1;"75";"75116";2;0;0
4;1;2;1959;5;0;0;0;2;4;1;"30";"30007";2;0;0
4;80;2;1950;0;1;0;0;22;8;1;"17";"17264";2;0;0
3;1;1;1967;3;1;0;0;1;4;1;"29";"29019";2;1;0
4;1;2;1975;1;1;0;0;18;8;2;"84";"84099";1;1;1
4;1;1;1994;5;0;0;0;8;5;1;"01";"01002";1;1;0
3;80;1;1947;3;1;0;0;8;5;1;"12";"12169";2;0;0
4;1;1;2002;2;0;0;0;2;4;1;"17";"17300";2;0;0
4;1;1;1962;5;0;0;1;24;8;1;"69";"69169";1;1;0
2;1;1;1965;5;0;0;1;24;8;1;"69";"69169";1;1;0
3;1;1;1971;5;0;0;1;24;8;1;"69";"69169";1;1;0
4;1;1;1966;5;0;0;1;24;8;1;"69";"69169";1;1;0
3;1;2;2000;5;0;0;1;17;7;3;"69";"69382";2;0;0
4;1;1;1973;5;1;0;0;20;8;2;"69";"69063";2;1;0
4;1;1;2005;0;0;0;0;1;4;1;"06";"06027";2;0;0
4;1;1;1960;0;1;0;0;16;7;1;"84";"84007";2;0;0
4;1;2;1981;1;1;0;0;2;4;1;"75";"75115";2;0;0
4;1;1;1999;5;1;0;0;1;4;1;"75";"75114";2;0;0
4;1;1;2002;1;1;0;0;2;4;1;"75";"75111";2;0;0
4;80;1;1984;1;1;0;0;2;4;1;"75";"75107";2;0;0
4;1;1;2008;1;0;0;0;16;7;1;"64";"64445";2;0;0
4;80;1;2001;5;1;0;0;15;7;1;"64";"64122";2;0;0
3;1;1;2007;2;1;0;0;23;2;1;"974";"97408";1;1;0
4;1;2;1992;5;0;0;0;15;8;1;"29";"29042";2;0;0
4;80;1;1996;0;1;0;0;14;6;2;"91";"91377";2;0;0
4;1;1;2011;5;0;0;0;15;7;1;"37";"37233";2;1;0
4;1;1;1996;1;0;0;0;16;7;1;"35";"35238";2;1;0
4;1;2;1955;5;1;0;0;14;6;1;"91";"91479";2;0;0
4;1;1;1968;0;1;0;0;13;6;1;"78";"78440";2;0;0
4;1;1;1976;0;1;0;0;14;6;1;"78";"78208";2;1;0
4;1;2;1976;9;1;0;0;16;7;1;"21";"21054";2;0;0
4;1;1;1993;0;1;0;0;22;8;1;"69";"69388";2;1;0
4;1;1;1967;5;1;0;0;22;2;1;"93";"93066";2;0;0
4;80;1;1948;0;1;0;0;14;6;1;"72";"72181";2;1;0
4;1;1;1963;5;0;0;0;20;8;3;"971";"97120";2;1;0
4;1;2;1999;1;0;0;0;21;2;3;"92";"92075";2;0;0
4;1;1;1987;0;1;0;0;16;7;2;"13";"13047";1;1;0
4;1;2;1965;0;1;0;0;22;2;1;"92";"92062";2;1;0
4;1;2;1965;1;1;0;0;20;2;1;"92";"92035";2;1;0
3;80;2;1962;0;0;0;0;14;6;1;"64";"64122";2;0;0
4;80;1;1949;0;1;0;0;22;8;1;"78";"78005";1;1;0
3;1;1;1951;5;1;0;0;23;2;1;"56";"56034";2;1;0
3;1;1;2012;5;0;0;0;22;8;1;"77";"77111";2;0;0
4;1;1;1967;9;1;0;0;16;7;1;"75";"75114";2;0;0
4;1;1;1976;1;1;0;0;22;8;1;"67";"67482";2;1;0
4;1;2;1962;3;1;0;0;14;6;1;"56";"56260";2;1;0
4;1;1;2009;2;0;0;0;14;6;1;"51";"51454";2;0;0
4;1;2;1995;5;1;0;0;15;7;3;"94";"94067";2;0;0
4;1;1;1974;0;1;0;0;16;7;1;"94";"94052";2;1;0
3;1;2;1995;9;1;0;0;20;2;1;"39";"39300";2;1;0
4;80;1;1993;0;1;0;0;16;7;1;"93";"93045";2;0;0
4;1;2;1986;0;1;0;0;22;8;1;"11";"11069";1;1;0
4;1;1;1940;5;0;0;0;13;6;1;"75";"75106";2;0;0
3;1;1;2006;4;1;0;0;22;8;1;"75";"75114";2;1;0
3;1;1;1962;5;1;0;0;17;7;1;"21";"21559";1;1;0
4;1;1;2004;5;0;0;0;16;7;3;"56";"56186";2;0;0
4;1;1;1995;5;1;0;0;21;8;1;"75";"75114";2;0;0
4;1;1;1972;5;1;0;0;14;7;1;"56";"56258";2;0;0
4;80;1;1990;9;1;0;0;14;6;1;"75";"75107";2;0;0
4;1;2;1996;9;0;0;0;14;6;3;"75";"75103";2;0;0
4;1;2;1991;9;1;0;0;22;8;1;"75";"75107";2;1;0
4;80;1;1981;1;0;0;0;22;8;1;"75";"75103";2;0;0
4;1;1;2006;1;0;0;0;21;8;1;"75";"75102";2;0;0
4;1;1;1998;0;1;0;0;22;8;1;"94";"94080";2;1;0
4;80;1;2002;5;1;0;0;13;6;3;"75";"75101";2;0;0
2;1;2;1957;5;1;0;0;27;9;1;"38";"38160";1;1;0
4;80;2;1957;5;1;0;0;27;9;1;"84";"84137";2;0;0
4;1;1;1972;5;0;0;0;23;8;1;"54";"54345";1;1;0
4;1;2;1989;1;0;0;0;14;6;1;"94";"94002";2;0;0
4;1;1;1964;1;1;0;0;13;6;1;"92";"92078";2;0;0
3;1;1;1972;5;0;0;0;22;8;2;"89";"89186";2;0;0
3;1;1;1960;5;0;0;0;22;8;1;"61";"61190";1;1;0
4;1;1;2000;4;1;0;0;7;12;3;"67";"67482";2;0;0
3;1;1;2001;5;0;0;0;15;8;1;"29";"29287";2;0;0
4;1;1;1980;0;1;0;0;13;6;1;"92";"92025";2;0;0
4;1;1;1998;5;1;0;0;7;12;3;"67";"67482";2;0;0
3;1;1;1989;5;1;0;0;23;8;1;"05";"05012";2;1;0
4;1;1;1988;5;1;0;0;23;8;1;"90";"90065";1;1;0
3;1;1;2013;5;1;0;0;28;9;1;"34";"34058";2;0;0
3;1;1;1957;5;0;0;0;6;6;1;"31";"31410";2;1;0
3;1;1;1947;5;0;0;0;22;8;1;"21";"21016";2;1;0
3;1;1;1986;5;1;0;0;15;6;2;"974";"97404";1;1;0
2;1;1;1973;1;1;0;0;28;9;1;"83";"83006";1;1;0
3;1;1;1961;5;1;0;0;22;8;1;"30";"30003";1;1;0
4;1;1;1994;3;1;0;0;15;6;1;"30";"30117";2;0;0
3;80;1;1981;5;1;0;0;15;6;2;"30";"30125";1;0;1
3;1;1;1977;5;0;1;0;14;6;1;"63";"63415";2;1;0
3;1;2;1975;0;1;0;0;15;5;1;"45";"45098";2;0;0
4;1;2;1967;0;1;0;0;6;12;3;"75";"75106";2;0;0
4;1;2;1965;5;1;0;0;7;12;1;"75";"75116";2;0;0
4;1;1;1967;5;1;0;0;7;12;3;"75";"75112";2;0;0
4;1;1;1947;0;1;0;0;31;7;1;"28";"28085";1;1;0
4;1;1;1985;9;0;0;1;7;12;1;"75";"75110";2;0;0
4;1;1;1938;5;1;0;0;14;6;1;"34";"34103";1;1;0
4;1;2;2003;1;1;0;0;31;10;1;"973";"97302";2;0;0
4;1;1;1993;9;1;0;0;6;12;1;"75";"75104";2;1;0
4;1;1;1980;0;1;0;0;31;10;2;"69";"69383";2;1;0
4;80;1;1999;9;1;0;0;6;12;1;"94";"94022";2;0;0
4;1;1;2008;0;1;0;0;24;9;1;"971";"97107";2;0;0
4;1;1;1995;0;1;0;0;7;12;1;"92";"92019";2;1;0
4;1;1;1938;5;1;0;0;30;10;1;"87";"87050";2;0;0
3;1;1;1970;5;0;0;0;28;10;2;"31";"31467";2;0;0
4;80;1;1985;0;0;0;1;6;12;3;"974";"97405";2;0;0
4;1;1;1969;0;1;0;0;30;10;3;"72";"72181";2;0;0
4;1;2;1995;0;1;0;0;30;10;1;"72";"72003";2;0;0
4;1;1;1956;5;1;0;0;31;10;1;"69";"69091";2;1;0
4;1;2;1969;0;1;0;0;31;10;1;"64";"64445";2;0;0
4;80;1;1993;0;1;0;0;26;9;2;"63";"63032";2;1;0
3;1;1;1979;-1;1;0;0;25;9;1;"59";"59599";2;1;0
3;80;2;1951;5;1;0;0;25;10;2;"44";"44132";2;0;0
4;1;2;1989;3;1;0;0;3;12;1;"67";"67348";1;1;0
2;80;1;1946;5;1;0;0;6;12;1;"40";"40184";2;0;0
4;1;1;2012;2;0;0;1;6;12;1;"973";"97302";2;0;0
4;1;1;1985;4;0;0;1;25;9;1;"75";"75113";2;1;0
4;1;2;1968;0;1;0;0;31;10;1;"06";"06029";2;0;0
4;1;2;1991;5;0;0;0;26;9;1;"75";"75110";2;0;0
4;80;1;2004;1;1;0;0;5;12;3;"87";"87085";2;1;0
4;80;1;1994;9;1;0;0;30;10;3;"75";"75105";2;0;0
4;1;1;1997;1;1;0;0;31;10;1;"75";"75112";2;1;0
4;1;2;2001;1;1;0;0;26;9;1;"94";"94054";2;0;0
4;1;2;2002;0;1;0;0;25;9;1;"93";"93001";2;0;0
4;1;1;2011;2;1;0;0;26;9;1;"92";"92076";2;0;0
4;1;1;1990;0;1;0;0;30;10;3;"94";"94033";2;0;0
3;1;1;1976;0;1;0;0;26;9;1;"51";"51649";2;0;0
4;1;1;1997;0;1;0;0;5;12;3;"67";"67482";2;0;0
4;1;2;1962;0;1;0;0;5;12;1;"67";"67482";2;0;0
3;1;1;1970;5;0;0;0;27;9;1;"65";"65388";1;1;0
2;1;1;1996;5;1;0;0;1;11;2;"31";"31184";1;1;1
2;1;1;1945;5;0;0;0;31;10;3;"65";"65025";2;1;0
4;1;1;2010;2;0;0;0;5;12;1;"56";"56162";2;0;0
3;1;1;1953;5;1;0;0;1;11;1;"31";"31052";1;1;0
3;1;1;1989;5;1;0;0;1;11;1;"13";"13069";1;1;0
3;1;1;1978;5;1;0;0;1;11;1;"13";"13069";1;1;0
4;1;1;2002;0;1;0;0;5;12;3;"44";"44109";2;0;0
4;1;1;1937;5;1;0;0;6;12;1;"35";"35238";2;0;0
3;1;1;1958;5;0;0;0;29;10;1;"33";"33056";2;0;0
2;1;2;1963;1;0;1;0;9;1;3;"80";"80021";2;0;0
4;1;2;1993;5;1;0;0;8;1;1;"67";"67482";2;0;0
4;1;1;1967;0;0;0;0;9;1;1;"64";"64129";2;0;0
4;80;2;1969;4;1;0;0;9;1;1;"31";"31555";2;0;0
3;80;1;1966;1;1;0;0;9;1;2;"31";"31022";2;1;0
4;1;2;2008;2;1;0;0;2;4;1;"74";"74267";2;0;0
4;80;1;2001;1;1;0;0;3;4;2;"80";"80368";1;0;0
4;1;1;1974;1;0;0;0;9;1;1;"75";"75119";2;1;0
4;1;1;1964;1;0;0;0;9;1;3;"75";"75115";2;0;0
4;1;2;2001;5;1;0;0;8;1;3;"75";"75114";2;0;0
4;1;1;1983;5;1;0;0;9;1;3;"75";"75103";2;1;0
4;1;2;1959;5;0;0;0;9;1;2;"75";"75101";2;0;0
4;1;2;1984;5;0;0;1;9;1;1;"75";"75101";2;0;0
4;1;2;1992;4;0;0;0;9;1;1;"75";"75104";2;1;0
4;1;1;2006;1;1;0;0;3;4;2;"37";"37242";1;0;0
3;1;1;1995;5;1;0;0;9;5;1;"61";"61194";1;1;0
4;1;1;1969;5;0;0;0;9;5;1;"03";"03273";1;1;0
3;1;2;1966;5;0;0;1;9;5;1;"48";"48166";1;1;0
4;1;1;1950;5;1;0;0;10;1;1;"58";"58004";2;0;0
3;80;1;1958;0;1;0;0;9;5;3;"66";"66037";2;0;0
4;1;1;1969;0;1;0;0;25;3;1;"44";"44184";2;0;0
2;1;1;1962;5;0;0;0;10;5;1;"65";"65451";1;1;0
3;1;1;2009;5;1;0;0;9;5;1;"50";"50032";2;0;0
4;1;1;1971;3;1;0;0;1;4;1;"74";"74012";2;1;0
3;1;1;1946;0;1;0;0;1;4;1;"69";"69013";2;0;0
4;1;1;2006;0;1;0;0;6;5;1;"987";"98736";2;0;0
3;1;1;1979;5;0;0;0;30;3;3;"75";"75104";2;0;0
4;1;2;2021;5;0;1;0;1;4;1;"93";"93070";2;0;0
4;1;1;1954;5;1;0;0;15;2;1;"77";"77091";1;1;0
2;1;1;1948;5;0;0;0;3;5;1;"76";"76108";1;1;0
4;1;1;1974;0;1;0;0;1;4;1;"93";"93046";2;1;0
3;1;1;1972;5;1;0;0;7;1;1;"972";"97213";1;1;0
4;1;2;1956;5;1;0;0;17;2;1;"33";"33262";2;0;0
4;80;2;1956;0;1;0;0;8;5;1;"64";"64445";2;1;0
4;1;1;1993;5;1;0;0;8;5;1;"54";"54395";2;0;0
3;1;1;1999;5;1;0;0;16;7;2;"29";"29026";1;1;0
3;1;1;2010;5;1;0;0;16;7;3;"01";"01370";2;0;0
4;1;1;1975;5;1;0;0;5;7;1;"45";"45166";1;1;0
2;1;2;1960;5;0;0;0;14;7;1;"64";"64110";1;0;0
4;1;2;1967;5;1;0;0;30;3;1;"12";"12254";1;1;1
4;1;1;2009;5;1;0;0;1;4;1;"68";"68305";2;0;0
2;1;1;1953;5;0;1;0;17;7;1;"07";"07176";2;1;0
4;1;2;1992;1;0;0;0;8;5;1;"75";"75115";2;0;0
4;1;1;2005;0;1;0;0;8;5;2;"94";"94046";2;1;0
4;1;1;1961;1;0;0;0;21;2;1;"75";"75104";2;1;0
4;1;1;2012;5;1;0;0;17;7;1;"66";"66065";2;0;0
4;1;1;2002;5;1;0;0;8;5;3;"93";"93046";2;0;0
4;1;1;1953;5;0;0;0;21;2;2;"94";"94041";2;0;0
3;1;2;2008;5;0;0;0;16;7;1;"86";"86123";2;0;0
4;80;1;1973;5;1;0;0;8;1;3;"35";"35051";2;1;1
4;1;1;1982;0;1;0;0;8;5;1;"92";"92024";2;0;0
4;80;2;2007;5;0;0;0;17;7;1;"29";"29042";2;0;0
4;80;1;1966;0;1;0;0;7;5;1;"35";"35236";2;0;0
3;1;1;1980;5;0;1;0;2;4;1;"69";"69071";2;1;0
2;1;1;1954;5;0;0;0;9;5;1;"67";"67478";2;0;0
3;1;1;1963;5;1;0;0;8;5;1;"76";"76254";1;0;0
2;1;2;1978;5;0;1;0;21;2;1;"40";"40065";2;0;0
4;1;1;1990;1;1;0;0;8;1;3;"75";"75117";2;1;0
4;1;2;1993;5;0;0;0;8;1;3;"75";"75117";2;1;0
4;1;1;1977;0;0;0;0;18;3;1;"44";"44109";2;0;0
3;1;1;1946;5;1;0;0;15;4;1;"68";"68267";2;0;0
4;80;2;1986;5;1;0;0;25;1;1;"74";"74014";2;0;0
3;1;1;1940;5;1;0;0;31;3;1;"988";"98818";2;1;0
2;1;1;1942;5;0;0;0;20;2;1;"29";"29276";1;1;0
4;1;1;1991;1;1;0;0;31;3;1;"69";"69383";2;1;0
3;1;1;1950;5;1;0;0;21;2;1;"03";"03283";1;1;0
4;1;1;1946;5;1;0;0;21;2;1;"03";"03283";1;1;0
3;1;1;1992;0;1;0;0;12;6;1;"80";"80021";2;0;0
4;1;1;1978;5;1;0;0;14;7;1;"974";"97409";2;0;0
4;1;2;2013;5;1;0;0;26;5;1;"76";"76540";2;1;0
4;1;2;1985;0;1;0;0;15;7;1;"69";"69383";2;0;0
4;1;1;2000;4;1;0;0;13;6;1;"67";"67482";2;0;0
2;1;1;1943;0;1;0;0;12;6;1;"67";"67482";2;1;0
4;1;1;2009;5;1;0;0;12;6;1;"62";"62457";2;0;0
3;1;1;1977;0;1;0;0;21;2;1;"42";"42094";2;0;0
4;1;1;1991;5;1;0;0;12;6;1;"62";"62119";2;0;0
4;1;1;1992;1;1;0;0;3;6;1;"56";"56260";2;1;0
4;1;1;1979;1;0;0;0;12;6;1;"56";"56121";2;0;0
4;1;1;1983;0;1;0;0;13;6;1;"54";"54395";2;0;0
4;1;2;1954;5;1;0;0;7;5;1;"988";"98818";2;1;0
3;1;2;1985;1;1;0;0;13;6;1;"49";"49099";2;1;0
4;1;1;1996;5;1;0;0;15;7;1;"73";"73065";2;0;0
3;1;1;1946;5;0;0;0;20;2;1;"75";"75116";2;1;0
3;1;1;1987;5;0;0;0;20;2;1;"75";"75116";2;1;0
4;1;1;2004;0;1;0;0;15;7;1;"67";"67482";2;0;0
4;1;1;1963;0;0;1;0;19;2;3;"94";"94068";2;0;0
4;1;1;1964;1;1;0;0;7;5;1;"69";"69389";2;1;1
4;1;1;1972;5;1;0;0;7;5;1;"95";"95607";2;1;0
4;1;1;1995;5;1;0;0;15;7;3;"54";"54395";2;0;0
4;1;1;1970;0;1;0;0;27;6;1;"76";"76322";2;1;0
4;1;1;1982;5;1;0;0;21;8;2;"60";"60159";2;1;0
4;1;1;2012;5;0;0;0;12;7;1;"49";"49007";2;0;0
2;1;1;1946;5;0;0;0;18;2;1;"30";"30003";2;0;0
4;1;2;1982;1;1;0;0;13;6;1;"75";"75119";2;1;0
4;80;1;1986;1;1;0;0;21;8;2;"33";"33281";2;1;0
4;1;2;1980;1;0;0;0;13;6;1;"75";"75117";2;0;0
3;1;1;1982;0;1;0;0;21;8;1;"31";"31555";2;0;0
4;1;1;2003;5;0;0;0;13;6;3;"75";"75115";2;1;0
4;1;2;1974;9;1;0;0;13;6;1;"75";"75112";2;0;0
4;1;1;2018;0;1;0;0;13;7;1;"28";"28134";2;0;0
4;1;2;1980;1;0;0;0;13;6;1;"75";"75107";2;0;0
4;1;2;1999;0;0;0;0;21;8;1;"75";"75114";2;0;0
4;1;2;1948;3;1;0;0;14;7;1;"10";"10387";2;0;0
4;1;1;1995;1;0;0;1;12;6;1;"75";"75101";2;0;0
3;80;1;1995;1;0;0;0;21;8;1;"75";"75107";2;0;0
4;1;1;1975;0;1;0;0;11;7;1;"05";"05061";2;0;0
4;80;2;1990;9;0;0;0;21;8;1;"75";"75102";2;0;0
4;1;1;1967;5;1;0;0;13;7;1;"05";"05023";2;1;0
4;1;1;1981;5;0;0;0;5;7;1;"64";"64371";2;0;0
4;1;1;1995;1;1;0;0;13;6;1;"94";"94037";2;1;0
3;1;1;2010;5;1;0;0;25;9;1;"40";"40230";1;1;0
4;1;2;1957;0;0;0;1;21;8;1;"92";"92024";2;1;0
4;80;1;1995;1;1;0;0;21;8;1;"92";"92014";2;0;0
4;1;1;1994;5;1;0;0;14;7;3;"75";"75118";2;0;0
4;1;2;1957;5;1;0;0;17;8;1;"31";"31022";2;0;0
4;1;1;1997;5;1;0;0;15;7;1;"75";"75111";2;0;0
4;1;1;1989;1;1;0;0;19;2;1;"75";"75116";2;1;0
4;1;1;2004;5;0;0;0;15;7;2;"75";"75107";2;0;0
4;1;2;2011;5;1;0;0;13;6;1;"92";"92025";2;0;0
4;1;2;1979;0;1;0;0;19;2;1;"75";"75112";2;0;0
4;1;2;1981;0;0;0;1;13;6;1;"92";"92012";2;0;0
3;1;1;1961;5;0;0;1;22;8;1;"85";"85259";1;0;0
4;1;1;1991;1;1;0;0;19;2;1;"94";"94044";2;0;0
3;1;1;1935;5;1;0;0;14;6;1;"22";"22206";1;1;0
3;1;1;2014;2;1;0;0;24;9;1;"49";"49023";2;1;0
3;1;2;1950;5;0;0;0;22;8;1;"33";"33485";1;0;0
3;1;1;1972;5;0;0;0;22;8;1;"33";"33485";1;0;0
3;80;1;1937;5;0;0;0;14;6;1;"65";"65465";2;1;0
4;1;1;1958;5;0;0;0;19;2;1;"22";"22025";1;1;0
4;80;1;1962;5;0;0;0;12;7;1;"35";"35272";1;0;1
3;80;2;1955;5;0;0;0;12;7;1;"35";"35272";1;1;1
3;1;1;1971;5;0;0;1;15;7;1;"72";"72231";1;1;0
4;1;1;1969;5;0;0;0;14;6;1;"44";"44043";2;0;0
4;80;2;2004;1;0;0;0;22;8;1;"50";"50111";1;0;0
3;1;1;1976;5;1;0;0;13;7;1;"2B";"2B251";1;1;0
2;1;1;1953;5;0;0;0;14;6;1;"50";"50550";1;1;0
4;1;1;1952;5;1;0;0;16;7;1;"38";"38198";1;1;0
4;80;1;1942;5;1;0;0;12;6;1;"88";"88213";2;1;0
4;1;2;2008;5;1;0;0;9;7;1;"02";"02361";2;0;0
3;1;2;1967;5;1;0;0;21;8;1;"68";"68269";2;0;0
4;1;2;2006;5;1;0;0;5;12;3;"75";"75118";2;0;0
4;1;1;2010;0;1;0;0;25;9;1;"973";"97302";2;0;0
4;1;2;1981;5;1;0;0;6;12;1;"75";"75117";2;0;0
4;1;1;2007;0;1;0;0;30;10;1;"73";"73222";2;0;0
4;1;1;1966;0;1;0;0;30;10;1;"73";"73065";2;1;0
4;1;1;2017;5;1;0;0;27;10;1;"72";"72181";2;0;0
3;1;1;1998;9;0;0;0;6;12;3;"75";"75108";2;0;0
4;1;2;1969;4;1;0;0;25;9;1;"86";"86194";2;1;0
4;1;1;2018;2;0;0;0;29;10;3;"67";"67218";2;1;0
4;1;2;2004;9;0;0;0;6;12;3;"75";"75102";2;0;0
3;1;1;1998;5;1;0;0;27;10;1;"63";"63113";2;1;0
3;1;1;2007;0;1;0;0;25;9;1;"76";"76351";2;0;0
4;1;1;1964;1;1;0;0;30;10;1;"61";"61001";2;1;0
4;1;1;1998;0;1;0;0;23;9;3;"76";"76351";2;0;0
4;1;2;1984;1;1;0;0;6;12;3;"94";"94022";2;1;0
4;1;1;1983;5;1;0;0;19;8;1;"95";"95424";2;1;0
4;1;1;2009;0;1;0;0;25;9;1;"54";"54547";2;0;0
4;1;1;1947;9;1;0;0;6;12;1;"92";"92050";2;0;0
2;1;1;1976;0;1;0;0;25;9;1;"49";"49267";2;0;0
3;1;1;2001;1;1;0;0;6;12;1;"92";"92071";2;0;0
4;80;1;1987;0;1;0;0;29;10;2;"10";"10387";2;1;0
3;1;1;1968;5;1;0;0;19;8;1;"64";"64269";2;1;0
4;1;1;1973;5;1;0;0;30;10;1;"75";"75111";2;0;0
4;1;1;1988;9;1;0;0;20;8;1;"56";"56260";2;0;0
4;80;2;2000;1;0;0;0;24;9;1;"75";"75120";2;1;0
4;1;1;1999;5;1;0;0;20;8;1;"47";"47001";2;0;0
4;1;2;1991;0;1;0;0;20;8;1;"42";"42044";2;0;0
3;1;1;1961;0;1;0;0;19;8;1;"30";"30189";2;1;0
4;80;1;1992;4;0;0;0;25;9;1;"75";"75114";2;0;0
4;1;2;2010;5;1;0;0;24;9;3;"75";"75112";2;0;0
4;1;1;1984;5;0;0;0;25;9;1;"75";"75103";2;0;0
4;1;2;1997;9;0;0;0;24;9;2;"75";"75104";2;0;0
4;1;1;1990;1;0;1;0;25;9;3;"94";"94052";2;1;1
4;1;2;1991;5;0;0;0;25;9;1;"94";"94073";2;0;0
3;1;1;2012;5;1;0;0;30;10;3;"02";"02558";2;0;0
4;1;2;2002;1;1;0;0;25;9;1;"92";"92049";2;0;0
4;1;1;1971;5;1;0;0;30;10;1;"30";"30062";2;1;0
3;1;1;2003;0;1;0;0;30;10;2;"69";"69134";1;1;0
4;1;1;1953;5;1;0;0;25;9;1;"47";"47185";2;0;0
3;1;1;2005;5;1;0;0;23;9;1;"44";"44194";2;0;0
3;1;1;1948;0;1;0;0;30;11;1;"74";"74010";2;1;0
3;1;1;1942;5;1;0;0;19;9;1;"34";"34332";1;1;0
4;1;2;2009;5;1;0;0;25;9;1;"33";"33519";2;0;0
4;1;2;2005;1;1;0;0;5;12;2;"51";"51454";2;0;0
3;1;1;1961;5;0;0;0;20;7;1;"84";"84069";1;0;0
4;1;1;1982;5;0;0;0;6;7;1;"84";"84060";1;0;0
4;1;2;1963;0;0;0;0;4;12;1;"49";"49007";2;0;0
3;1;1;1973;9;0;0;0;4;12;1;"38";"38516";2;1;1
4;1;1;2006;0;1;0;0;5;12;3;"35";"35238";2;0;0
4;1;1;2004;0;1;0;0;24;9;3;"69";"69386";2;1;0
4;1;1;1957;5;1;0;0;24;9;1;"69";"69383";2;1;0
4;1;2;1971;1;0;1;0;29;10;1;"67";"67482";2;0;0
4;1;1;1986;5;1;0;0;28;10;1;"67";"67482";2;0;0
4;1;1;1939;5;1;0;0;29;10;1;"63";"63113";2;1;0
4;1;1;1939;0;1;0;0;5;12;1;"06";"06088";2;0;0
3;1;1;1989;9;1;0;0;5;12;3;"06";"06123";2;1;0
4;1;1;1967;9;0;0;1;8;1;3;"75";"75108";2;1;0
3;1;2;1967;1;1;0;0;8;1;1;"93";"93066";2;0;0
4;1;1;1963;5;1;0;0;30;3;1;"75";"75101";2;0;0
4;1;1;1947;5;1;0;0;7;5;1;"49";"49328";1;0;0
3;80;1;1967;5;0;0;0;31;3;1;"65";"65045";1;1;0
4;1;1;1986;5;1;0;0;31;3;1;"49";"49248";2;1;0
3;1;1;1956;5;0;1;0;7;5;1;"34";"34172";2;1;0
4;80;1;1984;0;1;0;0;7;5;1;"29";"29019";2;1;0
4;1;1;2004;0;1;0;0;6;1;1;"973";"97302";1;0;0
4;80;2;1999;9;1;0;0;7;5;1;"75";"75106";2;0;0
4;80;2;1999;9;0;0;0;7;5;1;"75";"75115";2;0;0
4;1;1;1986;4;1;0;0;6;5;1;"75";"75114";2;0;0
4;1;2;1977;1;1;0;0;7;5;1;"75";"75111";2;0;0
3;1;1;1974;0;1;0;0;7;1;1;"53";"53130";2;1;0
4;1;1;1998;4;0;0;0;6;5;1;"75";"75102";2;0;0
4;1;2;1963;5;0;1;0;6;5;1;"75";"75103";2;0;0
4;1;2;1982;5;1;0;0;6;5;1;"94";"94058";2;0;0
4;1;2;1985;0;1;0;0;7;5;1;"94";"94076";2;1;0
4;1;1;2009;5;1;0;0;5;1;1;"15";"15014";2;0;0
4;1;1;1999;5;1;0;0;30;3;3;"69";"69387";2;0;0
3;1;2;1952;5;1;0;0;19;2;1;"62";"62473";2;0;0
4;80;1;1989;5;0;0;0;19;2;1;"56";"56013";2;0;0
3;80;2;1995;0;0;0;0;7;5;2;"47";"47077";1;0;0
4;1;1;2010;5;1;0;0;30;3;1;"51";"51454";2;0;0
4;1;1;1964;5;1;0;0;7;1;1;"13";"13011";1;1;0
4;1;2;1954;0;1;0;0;30;3;1;"33";"33063";2;1;0
3;1;1;1962;1;1;0;0;4;1;2;"80";"80442";1;0;1
3;1;1;1976;5;0;0;0;20;2;1;"06";"06070";1;1;0
4;1;1;1956;5;1;0;0;6;1;1;"974";"97409";2;0;0
4;1;1;2011;0;1;0;0;6;1;2;"69";"69387";2;0;0
4;1;1;1958;5;0;0;0;8;5;1;"22";"22214";1;1;0
4;1;1;1983;0;1;0;0;19;8;1;"29";"29019";2;0;0
4;1;2;1950;5;1;0;0;20;8;1;"17";"17306";2;0;0
4;1;2;2006;5;1;0;0;29;3;1;"75";"75116";2;0;0
3;1;1;1957;1;1;0;0;16;7;1;"13";"13076";1;0;0
4;1;2;1998;1;1;0;0;30;3;3;"75";"75111";2;0;0
4;1;1;1993;5;1;0;0;20;8;1;"75";"75116";2;0;0
4;1;1;1991;1;1;0;0;30;3;1;"75";"75111";2;1;0
2;80;2;2004;0;1;0;0;11;6;3;"69";"69382";2;0;0
4;1;2;1969;5;0;0;0;20;8;1;"75";"75107";2;1;0
4;1;1;1971;1;1;0;0;30;3;3;"75";"75107";2;0;0
4;1;1;1994;5;1;0;0;20;8;1;"75";"75101";2;0;0
4;1;2;1968;5;0;1;0;29;3;1;"75";"75108";2;0;0
4;1;1;1990;5;0;0;0;6;1;1;"29";"29019";2;0;0
4;80;2;1988;5;0;0;0;30;3;1;"75";"75104";2;0;0
4;1;1;2005;5;0;0;0;29;3;1;"75";"75101";2;0;0
4;1;2;1983;1;1;0;0;20;8;1;"92";"92019";2;1;0
3;1;1;1938;5;1;0;0;15;8;1;"76";"76281";1;0;0
4;1;2;1998;5;0;0;0;4;1;3;"75";"75104";2;0;0
4;80;1;2006;5;1;0;0;29;3;3;"94";"94041";2;1;0
3;1;1;2008;5;1;0;0;23;4;1;"74";"74224";2;0;0
4;1;1;1948;0;1;0;0;12;6;1;"64";"64445";2;0;0
4;1;1;2007;5;1;0;0;12;6;1;"64";"64122";2;0;0
3;1;1;1954;0;0;0;0;10;4;1;"74";"74256";2;0;0
4;1;1;2001;1;1;0;0;28;3;3;"94";"94002";2;0;0
3;1;1;2009;5;1;0;0;21;8;2;"80";"80183";1;0;0
4;80;2;2006;5;0;0;0;10;6;2;"51";"51454";2;0;0
3;1;1;1983;5;1;0;0;18;2;1;"78";"78128";1;0;0
4;1;1;1952;5;0;0;0;11;6;1;"49";"49246";2;0;0
4;1;2;1979;5;1;0;0;5;5;1;"64";"64024";2;1;0
4;1;2;2001;0;1;0;0;11;6;1;"49";"49007";2;0;0
4;1;2;1949;3;1;0;0;6;2;1;"07";"07324";2;0;0
3;1;1;1977;1;1;0;0;24;9;2;"83";"83137";1;0;0
3;1;1;1990;1;1;0;0;6;5;1;"61";"61001";2;1;0
4;1;1;1982;1;0;0;1;28;3;1;"92";"92072";2;1;1
2;1;1;1952;5;0;0;0;17;2;1;"33";"33018";2;1;0
4;1;1;1954;5;1;0;0;3;5;2;"56";"56098";2;0;0
4;1;1;1987;0;1;0;0;12;6;1;"35";"35281";2;1;0
4;1;1;2002;0;1;0;0;6;5;1;"51";"51454";2;1;0
4;1;1;1977;5;1;0;0;3;5;3;"50";"50129";2;0;0
3;1;1;2000;5;1;0;0;21;8;2;"18";"18105";1;0;0
3;1;1;1949;0;1;0;0;30;5;1;"02";"02738";2;0;0
4;1;1;1982;1;1;0;0;6;5;2;"35";"35238";2;1;0
4;1;1;1965;1;1;0;0;12;6;1;"01";"01283";2;0;0
4;80;1;1989;1;1;0;0;17;2;2;"69";"69383";2;0;0
4;1;1;2007;0;1;0;0;23;9;1;"51";"51454";2;1;0
4;1;1;1991;5;1;0;0;20;8;2;"971";"97115";2;1;0
4;80;1;2008;0;1;0;0;23;9;1;"51";"51454";2;0;0
4;1;1;1995;4;1;0;0;24;9;1;"49";"49007";2;0;0
4;80;2;1967;1;1;0;0;12;6;1;"75";"75115";2;1;0
4;1;1;1974;1;1;0;0;21;8;1;"05";"05070";2;0;0
3;1;2;1970;5;1;0;0;17;2;1;"86";"86214";2;1;0
4;1;1;1997;9;0;0;0;12;6;1;"75";"75107";2;0;0
4;1;1;1979;1;0;0;0;24;9;1;"44";"44109";2;1;0
4;1;2;1980;1;0;0;0;24;9;1;"44";"44109";2;1;0
4;1;1;1998;9;1;0;0;12;6;3;"75";"75102";2;1;0
4;80;1;1986;0;1;0;0;12;6;1;"94";"94018";2;0;0
4;1;1;1959;0;1;0;0;24;9;1;"35";"35238";2;0;0
4;1;2;1982;9;1;0;0;24;9;1;"33";"33063";2;0;0
4;1;1;1991;0;0;0;0;12;6;1;"92";"92004";2;0;0
3;1;1;1942;5;0;0;0;12;6;1;"47";"47083";1;1;0
3;1;1;1969;5;0;0;0;12;6;1;"59";"59499";1;1;0
4;1;1;1939;0;1;0;0;17;2;1;"27";"27299";2;0;0
4;1;1;1961;5;1;0;0;13;6;1;"2A";"2A092";1;1;0
4;1;1;1978;1;1;0;0;11;6;1;"31";"31056";2;0;0
4;1;1;1964;5;0;1;0;13;6;1;"65";"65099";1;1;0
4;1;1;1965;5;1;0;0;12;6;1;"63";"63273";2;1;0
4;1;1;1966;0;1;0;0;31;5;1;"76";"76575";2;0;0
4;1;1;1985;5;0;0;0;17;2;3;"75";"75119";2;1;0
4;1;1;1995;5;1;0;0;5;12;1;"75";"75117";2;0;0
4;1;1;1968;9;1;0;0;24;9;1;"75";"75116";2;1;0
4;1;1;1951;-1;0;0;0;19;8;3;"971";"97120";2;0;0
4;1;2;1988;5;0;0;1;14;7;1;"75";"75107";2;0;0
4;1;2;1970;1;0;0;0;24;9;1;"75";"75107";2;1;0
4;80;1;1962;5;0;0;0;16;8;3;"87";"87085";2;0;0
4;1;1;1973;1;0;0;0;24;9;3;"75";"75105";2;1;1
3;1;1;1999;1;0;0;0;13;6;1;"07";"07010";2;0;0
4;1;2;1982;1;0;0;0;24;9;1;"75";"75111";2;0;0
4;1;2;1979;9;0;1;0;23;9;1;"75";"75108";2;0;0
4;1;1;1999;0;1;0;0;5;12;2;"94";"94041";2;0;0
4;1;1;1998;0;1;0;0;29;10;1;"33";"33063";2;0;0
4;1;1;1996;9;1;0;0;23;9;1;"75";"75107";2;0;0
4;1;2;1990;0;1;0;0;5;12;1;"93";"93070";2;1;0
4;80;2;1976;1;1;0;0;14;7;1;"92";"92004";2;1;0
4;1;2;1963;9;1;0;0;19;8;1;"71";"71486";2;1;0
4;1;1;1969;0;1;0;0;28;10;3;"28";"28085";2;0;0
2;1;1;1961;5;0;0;0;9;6;1;"971";"97129";1;1;0
4;80;1;1958;0;1;0;0;29;10;1;"25";"25056";2;0;0
4;1;1;1968;9;1;0;0;5;12;3;"92";"92064";2;0;0
3;1;1;1994;5;1;0;0;18;2;1;"43";"43110";1;1;0
3;80;1;1985;1;1;0;0;13;6;1;"83";"83047";1;1;1
4;80;1;1993;0;1;0;0;15;10;1;"12";"12202";2;1;0
4;1;2;1964;0;0;0;0;24;9;2;"92";"92024";2;1;0
4;1;1;1984;1;1;0;0;24;9;3;"92";"92012";2;1;0
4;1;1;1980;0;1;0;0;28;10;3;"75";"75117";2;0;0
3;1;1;1966;3;1;0;0;15;7;1;"39";"39189";1;1;0
4;80;1;2007;9;0;0;0;28;10;1;"75";"75114";2;0;0
4;1;1;1967;5;1;0;0;6;12;2;"71";"71543";2;0;0
4;1;1;1968;5;0;0;0;24;9;1;"62";"62866";2;1;0
4;1;1;1982;5;0;0;0;24;9;1;"62";"62866";2;1;0
4;1;2;1976;0;1;0;0;6;8;1;"15";"15014";2;1;0
4;80;1;1973;5;0;0;0;29;10;1;"75";"75108";2;0;0
3;1;1;1971;5;0;0;0;14;7;1;"29";"29206";1;1;0
4;1;1;2007;9;1;0;0;29;10;3;"75";"75103";2;0;0
4;1;2;1995;1;0;0;1;28;10;1;"75";"75102";2;0;0
2;1;1;1963;5;0;0;0;11;5;1;"76";"76423";1;1;0
3;1;1;1945;5;0;0;0;5;12;1;"47";"47203";2;1;0
4;1;2;2005;0;1;0;0;12;4;1;"67";"67482";2;0;0
3;80;1;1990;0;1;0;0;14;8;1;"75";"75101";2;0;0
3;1;1;1955;5;0;0;0;21;9;1;"25";"25036";2;1;0
4;1;2;1997;5;0;0;0;21;9;1;"25";"25036";2;1;0
4;1;1;1991;9;0;1;0;19;8;1;"75";"75119";2;0;0
4;1;1;1973;1;0;1;0;19;8;1;"75";"75116";2;1;0
3;1;2;2001;1;1;0;0;20;9;1;"29";"29061";2;1;1
3;80;1;1966;5;0;0;0;14;7;1;"07";"07292";1;0;0
4;1;1;1971;-1;1;0;0;28;10;2;"93";"93079";2;0;0
3;1;1;1951;5;0;0;0;15;7;1;"87";"87064";1;1;0
4;1;2;1952;0;1;0;0;29;10;1;"92";"92051";2;0;0
4;1;2;1973;1;1;0;0;29;10;2;"92";"92040";2;1;0
4;1;2;1980;0;0;0;0;6;6;1;"83";"83069";2;1;0
4;1;1;1974;1;1;0;0;5;12;2;"2B";"2B303";1;0;0
3;1;1;1945;5;1;0;0;19;8;1;"44";"44006";1;0;0
2;1;1;1980;-1;0;0;0;8;5;1;"77";"77294";2;0;0
3;1;1;1987;5;0;0;0;19;8;1;"29";"29205";1;1;0
3;1;1;1961;3;1;0;0;13;7;1;"31";"31421";2;0;0
3;1;1;2006;0;1;0;0;11;6;1;"76";"76451";2;0;0
3;1;1;1959;5;0;0;0;25;9;1;"73";"73150";2;0;0
4;1;1;1962;0;1;0;1;10;6;1;"70";"70513";2;1;0
3;1;1;1955;5;0;0;0;24;9;1;"01";"01259";2;1;0
4;1;1;1969;1;0;0;0;6;12;2;"80";"80442";1;0;1
3;1;2;1958;5;1;0;0;20;8;1;"24";"24571";1;1;0
3;1;1;1947;5;1;0;0;29;10;1;"07";"07239";1;1;0
3;1;1;2001;9;1;0;0;16;8;3;"67";"67046";2;0;0
3;1;1;1956;5;1;0;0;20;8;1;"26";"26129";1;1;0
3;1;1;2010;9;1;0;0;30;7;1;"976";"97614";1;0;0
3;1;1;1951;5;1;0;0;19;8;1;"64";"64422";2;1;0
4;1;1;2006;0;1;0;0;8;7;1;"987";"98735";1;1;0
3;80;1;2000;1;1;0;0;22;7;2;"57";"57368";2;0;0
3;1;2;1980;1;1;0;0;23;9;1;"974";"97411";2;1;0
3;1;1;2009;2;1;0;0;4;12;1;"84";"84031";2;0;0
4;1;1;1997;0;0;1;0;23;9;2;"91";"91347";1;0;0
4;1;1;1973;0;1;0;0;7;7;1;"85";"85191";2;1;0
4;1;2;2016;5;1;0;0;28;10;2;"974";"97409";2;0;0
3;1;1;1969;5;1;0;0;20;11;1;"62";"62528";2;0;0
4;1;1;1946;5;1;0;0;23;9;1;"33";"33063";2;0;0
3;1;1;1992;5;1;0;0;28;10;3;"68";"68224";2;1;1
4;80;1;1991;4;1;0;0;26;10;3;"67";"67482";2;0;0
4;1;2;1955;5;1;0;0;26;10;1;"56";"56098";2;1;0
4;1;2;1993;1;1;0;0;4;12;1;"75";"75117";2;0;0
4;1;1;2001;0;1;0;0;28;10;1;"33";"33522";2;0;0
4;1;1;1968;5;1;0;0;28;10;1;"32";"32013";2;1;0
4;80;1;1994;1;1;0;0;4;12;3;"75";"75107";2;1;0
4;80;2;2005;5;0;0;0;3;12;2;"75";"75104";2;0;0
4;1;1;1991;5;1;0;0;26;10;3;"29";"29019";2;0;0
4;80;1;1989;5;0;0;0;3;12;1;"75";"75104";2;1;0
4;1;2;1985;1;1;0;0;4;12;3;"93";"93051";2;0;0
4;1;1;1985;1;0;0;0;3;12;2;"93";"93046";2;0;0
4;1;1;2004;0;1;0;0;4;10;3;"12";"12202";2;0;0
4;1;2;2003;5;1;0;0;27;10;3;"75";"75106";2;1;0
4;1;2;2003;5;0;0;1;28;10;1;"75";"75107";2;0;0
4;80;1;1994;9;0;0;1;28;10;3;"75";"75102";2;0;0
4;1;1;1962;1;1;0;0;28;10;1;"92";"92040";2;1;0
3;1;1;1988;5;0;0;0;13;10;1;"33";"33176";2;1;0
3;1;1;1949;5;1;0;0;6;1;1;"53";"53153";1;1;0
3;1;1;1948;5;1;0;0;5;1;1;"22";"22136";2;0;0
4;80;2;1976;1;0;0;0;6;5;1;"75";"75120";2;1;0
4;1;2;1993;1;0;0;0;5;1;1;"974";"97407";2;0;0
3;1;2;1994;1;0;0;0;5;1;2;"69";"69383";2;0;0
4;80;1;1983;5;0;0;1;6;5;1;"75";"75110";2;1;0
4;1;2;2002;5;0;0;0;6;5;3;"75";"75107";2;0;0
3;1;1;1941;5;1;0;0;29;3;1;"11";"11262";2;0;0
4;1;1;1949;0;1;0;0;5;1;3;"66";"66136";2;0;0
3;1;1;1968;5;1;0;0;29;4;1;"47";"47080";1;1;0
3;80;1;1986;5;0;0;0;6;5;1;"68";"68338";2;0;0
4;1;1;1983;4;1;0;0;2;1;1;"39";"39300";2;0;0
3;1;1;1950;5;1;0;0;6;5;1;"24";"24581";2;0;0
4;1;1;2005;1;1;0;0;5;1;1;"14";"14118";2;1;0
3;1;1;1986;5;0;0;0;6;5;1;"63";"63038";1;1;0
4;1;1;1962;5;1;0;0;18;2;1;"972";"97221";1;1;0
4;1;1;1987;5;0;0;0;17;2;1;"19";"19123";2;0;0
4;1;1;1973;9;0;0;1;5;1;1;"75";"75118";2;0;0
2;80;1;1951;5;0;0;0;17;2;2;"07";"07053";2;1;0
4;1;1;2014;2;1;0;0;29;3;1;"69";"69256";2;1;0
3;1;1;2003;5;0;0;0;17;2;1;"07";"07132";2;1;0
4;1;2;1995;1;1;0;0;29;3;1;"64";"64445";2;0;0
3;1;1;1960;0;0;1;0;5;1;3;"94";"94052";2;0;0
4;1;1;2004;5;1;0;0;5;5;1;"974";"97409";2;0;0
4;1;1;2006;2;1;0;0;29;3;1;"59";"59508";2;0;0
3;1;1;1972;5;0;0;0;17;2;1;"91";"91630";2;0;0
4;80;2;1964;1;1;0;0;26;3;1;"50";"50129";2;1;0
4;1;1;1976;0;1;0;0;29;3;1;"45";"45234";2;0;0
4;1;1;1976;-1;1;0;0;11;6;1;"59";"59512";2;1;0
2;1;1;1948;5;1;0;0;5;1;1;"45";"45182";2;0;0
4;1;1;2013;2;1;0;0;11;6;1;"56";"56260";2;1;0
4;1;2;1958;0;1;0;0;4;5;1;"69";"69264";2;1;0
4;1;1;2008;3;1;0;0;11;6;1;"54";"54329";2;0;0
4;1;1;2008;5;0;0;0;4;5;1;"56";"56260";2;0;0
3;1;1;2009;5;1;0;0;16;2;2;"974";"97407";2;0;0
4;1;1;1984;5;1;0;0;28;3;1;"13";"13207";2;0;0
4;1;2;1985;9;1;0;0;5;5;3;"75";"75102";2;0;0
3;1;1;1982;1;1;0;0;13;7;1;"973";"97302";2;0;0
4;1;1;1961;3;1;0;0;11;6;1;"35";"35238";2;0;0
4;1;1;1987;0;1;0;0;16;2;1;"91";"91326";2;0;0
4;1;1;1992;0;1;0;0;5;5;2;"92";"92062";2;1;0
3;1;1;1965;5;1;0;0;30;3;1;"71";"71294";2;1;0
4;1;1;2006;5;1;0;0;23;9;1;"07";"07102";2;0;0
4;1;2;2007;0;1;0;0;26;4;1;"40";"40304";2;0;0
4;1;1;1991;0;1;0;0;4;1;1;"69";"69388";2;1;0
3;80;2;1981;9;1;0;0;23;9;2;"75";"75120";2;0;0
4;80;1;1995;5;0;0;0;23;9;1;"75";"75119";2;0;0
2;1;1;2001;5;0;0;0;29;3;1;"38";"38254";1;1;0
4;1;1;2001;5;0;0;0;29;3;1;"38";"38254";1;1;0
4;1;1;2015;0;1;0;0;18;8;1;"91";"91286";2;0;0
4;1;1;1962;5;1;0;0;29;3;1;"09";"09324";2;1;0
4;1;2;1966;1;1;0;0;11;6;1;"22";"22113";2;1;0
4;1;1;1983;1;0;0;0;23;9;2;"75";"75108";2;1;0
4;80;1;1992;4;0;0;0;23;9;1;"75";"75107";2;0;0
4;1;2;2000;1;0;0;0;23;9;1;"75";"75107";2;0;0
4;80;1;1974;1;1;0;0;11;6;1;"13";"13214";2;0;0
3;80;1;2009;9;1;0;0;23;9;1;"75";"75107";2;0;0
4;1;1;1998;5;1;0;0;7;7;1;"65";"65286";2;1;0
4;1;1;1985;1;1;0;0;11;6;1;"07";"07102";2;1;0
4;1;1;2001;0;1;0;0;12;7;1;"63";"63113";2;1;0
4;1;1;1975;1;1;0;0;16;2;1;"59";"59508";2;1;0
3;1;1;1955;0;1;0;0;3;1;1;"76";"76351";2;1;0
4;1;1;2014;5;1;0;0;11;6;1;"75";"75120";2;0;0
4;1;1;2002;0;1;0;0;13;7;1;"59";"59350";2;1;0
4;1;1;1959;1;1;0;0;10;6;1;"75";"75114";2;1;0
3;1;1;1992;0;0;0;0;16;2;1;"49";"49015";1;0;0
4;1;1;2006;0;1;0;0;13;7;3;"49";"49007";2;0;0
4;1;1;1963;5;1;0;0;18;8;1;"14";"14701";2;0;0
4;80;1;1993;0;1;0;0;13;7;1;"44";"44109";2;0;0
4;1;1;1985;1;1;0;0;15;2;1;"40";"40192";2;1;1
4;1;1;1982;9;1;0;0;23;9;1;"75";"75115";2;0;0
4;1;2;1997;5;1;0;0;23;9;1;"92";"92035";2;0;0
4;1;1;1980;0;1;0;0;23;9;1;"92";"92035";2;1;0
4;1;1;2007;1;1;0;0;22;9;1;"92";"92019";2;0;0
3;1;2;1993;0;1;0;0;29;3;2;"38";"38059";2;1;0
4;80;1;1989;0;1;0;0;13;7;1;"33";"33063";2;0;0
4;1;2;1996;9;1;0;0;18;8;1;"75";"75120";2;0;0
4;1;1;1980;0;1;0;0;12;7;1;"33";"33192";2;0;0
4;1;1;1961;5;1;0;0;13;2;1;"12";"12089";1;1;0
3;1;1;1973;1;0;0;0;4;12;2;"38";"38022";1;0;1
4;1;1;2001;4;1;0;0;18;8;1;"75";"75102";2;1;0
4;1;1;1997;0;0;0;0;11;6;1;"92";"92012";2;0;0
2;1;1;1962;5;0;0;0;28;10;1;"01";"01233";1;0;0
4;1;2;1992;9;1;0;0;16;2;1;"75";"75118";2;0;0
4;1;1;1962;0;0;0;0;12;7;1;"25";"25056";2;0;0
4;80;2;1971;1;1;0;0;11;6;1;"92";"92002";2;1;0
3;1;1;1966;5;1;0;0;11;6;2;"14";"14689";1;1;0
3;1;1;1956;5;0;0;0;29;10;1;"21";"21518";1;0;0
4;1;1;1951;5;1;0;0;19;8;1;"84";"84040";1;0;0
2;1;1;1972;5;1;0;0;5;12;2;"973";"97312";1;1;0
3;1;1;1969;5;1;0;0;19;8;1;"89";"89163";1;1;0
3;1;1;1955;5;0;0;0;28;10;1;"01";"01114";1;1;0
3;80;1;1950;5;0;0;1;2;12;1;"06";"06128";1;0;0
4;1;1;2009;5;0;0;1;12;7;1;"75";"75112";2;0;0
4;1;2;2001;5;0;0;0;13;7;1;"75";"75110";2;1;0
3;1;1;1989;0;0;0;0;27;2;1;"974";"97416";1;0;0
3;1;2;1976;1;1;0;0;24;9;1;"40";"40002";2;0;0
3;1;1;1954;5;0;0;0;16;8;1;"29";"29160";1;1;0
4;1;1;1971;0;0;0;1;17;2;1;"974";"97405";1;0;0
4;1;2;1999;9;1;0;0;13;7;3;"75";"75109";2;0;0
4;1;1;1953;5;1;0;0;12;6;1;"79";"79270";2;1;0
3;1;1;1973;5;1;0;0;16;2;1;"33";"33514";1;1;0
3;1;1;1940;5;1;0;0;5;6;1;"59";"59497";1;1;0
4;1;1;2002;5;1;0;0;27;10;3;"76";"76561";2;0;0
3;1;1;1996;0;1;0;0;16;2;1;"64";"64546";2;1;0
4;1;1;1996;5;1;0;0;17;8;1;"65";"65123";1;1;0
4;1;1;1958;1;1;0;0;16;9;1;"67";"67101";2;0;0
3;1;2;1975;5;1;0;0;5;8;1;"22";"22186";2;1;0
3;1;1;1950;3;1;0;0;16;2;1;"21";"21603";1;0;0
4;80;1;1972;1;0;0;1;28;3;1;"67";"67482";2;0;0
4;80;1;2006;5;1;0;0;27;3;1;"63";"63075";2;1;0
3;1;1;1981;1;0;0;1;19;9;3;"35";"35360";2;0;0
3;1;1;1949;5;0;0;0;13;7;1;"33";"33424";2;1;0
4;80;1;1966;0;0;1;0;28;3;1;"59";"59350";2;1;0
4;1;1;1963;1;1;0;0;28;3;1;"59";"59009";2;1;0
4;1;1;1977;0;1;0;0;10;6;1;"69";"69383";2;0;0
3;1;1;1971;1;1;0;0;27;3;2;"51";"51454";2;0;0
3;1;2;2003;5;0;0;0;27;3;3;"42";"42218";2;0;0
4;1;1;1975;0;1;0;0;17;8;1;"2B";"2B033";2;1;0
4;1;2;2000;5;1;0;0;26;10;1;"75";"75115";2;0;0
3;80;2;1990;0;0;1;0;3;12;1;"73";"73065";2;0;0
4;1;2;1952;0;1;0;0;24;11;1;"72";"72181";2;0;0
3;1;2;1957;5;1;0;0;16;8;1;"90";"90099";2;0;0
4;1;1;1980;0;1;0;0;2;12;3;"67";"67482";2;0;0
4;1;1;2015;5;0;0;0;8;6;1;"87";"87085";2;1;0
3;1;1;1968;5;1;0;0;10;7;1;"17";"17269";1;1;0
3;1;2;1977;0;1;0;0;9;6;1;"78";"78650";2;1;0
4;1;2;1990;1;1;0;0;1;12;1;"59";"59028";2;0;0
4;1;1;1993;1;1;0;0;2;12;3;"57";"57672";2;0;0
4;1;1;2008;5;1;0;0;22;9;1;"76";"76026";2;1;0
2;1;2;1967;1;0;1;0;2;12;1;"49";"49007";2;0;0
4;1;1;2016;5;0;1;0;10;6;1;"69";"69091";2;0;0
4;1;1;2012;5;1;0;0;15;2;1;"974";"97411";2;0;0
3;1;1;2012;2;0;0;0;10;6;1;"67";"67482";2;0;0
4;1;1;2001;5;1;0;0;15;2;1;"974";"97409";1;0;0
4;1;2;1940;5;1;0;0;10;6;1;"64";"64024";2;0;0
4;1;1;1981;1;1;0;0;10;6;1;"60";"60463";2;0;0
3;1;1;1943;5;1;0;0;2;12;1;"34";"34003";2;1;0
4;1;1;2010;5;0;0;0;8;6;1;"56";"56098";2;1;0
4;1;1;1989;4;1;0;0;22;9;3;"33";"33063";2;0;0
4;1;1;1977;3;1;0;0;12;9;1;"44";"44211";2;0;0
3;1;1;2003;5;1;0;0;20;9;1;"22";"22113";2;0;0
4;1;1;1996;5;1;0;0;12;7;1;"973";"97302";2;0;0
4;1;1;1944;9;1;0;0;17;8;3;"75";"75116";2;0;0
4;1;1;1982;5;0;0;0;17;8;1;"75";"75115";2;0;0
3;1;1;1968;5;1;0;0;12;7;1;"95";"95218";2;1;0
4;1;2;2003;3;1;0;0;17;8;1;"75";"75110";2;0;0
4;1;2;1948;0;0;0;1;12;7;1;"84";"84007";2;0;0
4;80;1;1974;1;1;0;0;21;9;1;"05";"05023";2;0;0
4;1;1;1983;0;1;0;0;11;7;1;"84";"84007";2;0;0
3;1;1;1991;0;1;0;0;16;8;3;"93";"93032";2;0;0
3;1;2;2001;2;0;1;0;3;12;1;"75";"75119";2;0;0
4;1;1;1998;5;1;0;0;21;9;3;"75";"75105";2;1;0
4;1;1;1991;1;1;0;0;12;7;1;"80";"80724";2;0;0
4;1;1;1997;9;1;0;0;22;9;3;"75";"75110";2;0;0
4;1;1;2004;9;0;0;0;2;12;3;"75";"75107";2;0;0
4;1;2;1992;5;0;0;0;22;9;3;"75";"75115";2;0;0
4;1;1;1996;4;1;0;0;21;9;3;"75";"75115";2;0;0
4;1;1;1973;5;1;0;0;18;8;1;"68";"68307";1;1;0
4;80;2;1991;1;1;0;0;2;12;3;"92";"92036";2;1;0
4;1;2;1996;5;1;0;0;12;7;1;"49";"49353";1;0;0
3;1;1;1950;5;0;0;1;16;8;1;"30";"30294";2;1;0
3;1;1;1964;0;1;0;0;10;8;1;"66";"66172";2;0;0
3;1;2;1972;5;0;0;0;22;9;1;"09";"09120";1;1;0
3;80;1;1994;0;1;0;0;26;10;2;"30";"30351";2;0;0
3;1;1;1998;0;0;1;0;4;1;1;"34";"34172";2;1;0
4;1;1;2004;5;1;0;0;3;5;3;"971";"97120";2;1;0
4;1;1;1969;5;1;0;0;4;5;1;"95";"95219";2;1;0
4;1;2;1970;1;0;0;0;4;1;2;"25";"25056";2;1;0
4;1;1;2021;5;1;0;0;4;5;1;"67";"67482";2;0;0
4;1;1;2001;0;1;0;0;27;3;3;"31";"31555";2;0;0
4;1;1;1982;1;1;0;0;27;3;1;"29";"29019";2;1;1
4;1;2;1962;9;1;0;0;4;1;1;"75";"75107";2;0;0
3;1;1;1989;1;1;0;0;25;3;1;"29";"29019";2;0;0
4;1;1;2010;0;0;0;1;4;1;1;"93";"93066";2;1;0
4;1;2;1993;5;1;0;0;4;1;1;"92";"92020";2;1;0
3;1;1;1976;0;1;0;0;28;3;1;"01";"01053";2;0;0
4;1;2;1963;1;0;1;0;28;3;1;"75";"75118";2;0;0
4;1;1;1987;5;1;0;0;3;5;2;"75";"75106";2;0;0
4;80;2;1978;5;0;0;1;3;5;1;"75";"75107";2;1;0
3;1;1;1980;4;1;0;0;27;3;1;"75";"75112";2;0;0
4;1;1;1973;1;1;0;0;11;7;1;"34";"34172";2;1;0
3;1;1;1966;5;1;0;0;17;8;1;"68";"68174";2;1;0
4;1;1;1969;5;0;0;0;4;5;1;"75";"75107";2;0;0
4;1;1;2010;5;1;0;0;15;2;1;"62";"62737";2;0;0
4;80;1;2011;2;1;0;0;28;3;1;"93";"93055";2;0;0
2;1;1;1989;0;1;0;0;9;7;1;"26";"26362";1;0;0
4;1;1;1999;5;0;0;0;4;5;3;"75";"75101";2;0;0
2;1;1;1980;5;0;0;0;18;8;1;"07";"07182";1;1;0
4;1;1;1994;0;1;0;0;10;6;1;"25";"25056";2;0;0
3;80;1;1980;5;1;0;0;10;6;1;"13";"13056";2;0;0
4;1;1;1958;5;1;0;0;22;9;1;"971";"97103";2;0;0
3;1;1;1960;5;1;0;0;22;9;1;"971";"97103";2;0;0
2;1;1;1958;5;0;0;0;17;8;1;"32";"32029";1;1;0
4;1;1;1992;5;1;0;0;10;6;3;"06";"06159";2;1;0
4;1;1;1958;5;0;0;0;28;3;1;"92";"92024";2;0;0
4;1;1;1983;4;1;0;0;15;2;1;"49";"49007";2;0;0
4;1;2;1971;1;1;0;0;3;5;1;"92";"92072";2;1;1
4;80;1;1997;5;1;0;0;15;2;1;"31";"31555";2;0;1
4;1;1;1969;5;1;0;0;12;7;1;"06";"06069";1;1;0
3;1;1;1966;5;1;0;0;22;9;1;"17";"17385";2;1;0
4;1;1;2008;9;0;0;1;14;2;1;"31";"31555";2;0;0
3;1;2;1949;5;1;0;0;20;9;1;"17";"17486";2;0;0
4;1;1;1967;1;1;0;0;10;6;1;"75";"75107";2;1;0
3;1;1;1972;5;1;0;0;21;9;1;"35";"35012";2;1;0
4;1;1;2017;5;1;0;0;6;6;1;"94";"94058";2;0;0
2;1;1;1942;5;1;0;0;28;3;1;"34";"34013";1;1;1
3;1;2;1997;1;1;0;0;15;2;1;"17";"17300";2;0;0
4;1;2;1960;1;0;0;0;12;7;1;"75";"75119";2;0;0
3;1;2;1957;5;0;0;0;4;12;1;"31";"31291";1;1;0
4;1;1;1948;0;1;0;0;3;1;1;"84";"84007";2;0;0
4;1;2;1997;5;0;0;1;26;10;3;"75";"75111";2;0;0
4;1;1;1995;5;1;0;0;26;10;3;"75";"75107";2;0;0
3;1;1;1975;5;0;0;0;3;5;1;"84";"84123";1;1;0
3;1;1;1994;5;0;0;0;26;10;3;"75";"75101";2;0;0
4;1;1;1989;0;0;0;0;26;10;1;"94";"94058";2;1;0
4;1;1;1966;9;0;0;0;11;7;3;"75";"75101";2;0;0
3;1;1;1993;5;1;0;0;24;5;1;"18";"18033";2;1;0
4;1;1;1991;1;1;0;0;3;1;2;"69";"69282";2;1;0
4;1;2;1977;9;1;0;0;15;2;3;"75";"75105";2;1;0
4;1;1;1966;0;1;0;0;9;9;3;"44";"44109";2;0;0
4;1;1;2006;0;1;0;0;3;1;1;"66";"66136";2;1;0
4;1;2;1982;1;1;0;0;10;6;1;"92";"92007";2;1;0
4;1;1;1963;0;1;0;0;8;3;1;"67";"67348";2;1;0
4;1;1;2007;5;1;0;0;16;8;3;"67";"67482";2;0;0
3;80;2;1985;1;1;0;0;28;3;1;"38";"38200";2;1;0
4;1;1;1964;5;0;0;0;15;2;1;"75";"75114";2;0;0
3;80;1;1947;5;1;0;0;16;8;1;"66";"66136";1;1;0
4;1;1;1991;5;1;0;0;26;10;2;"93";"93066";2;0;0
4;1;1;1975;0;1;0;0;6;9;2;"44";"44109";2;0;0
4;1;1;2002;5;1;0;0;14;2;3;"75";"75108";2;0;0
2;80;1;1963;5;0;0;0;13;7;1;"14";"14713";1;0;0
4;80;2;1982;9;1;0;0;14;2;3;"75";"75107";2;1;0
4;1;1;1968;0;1;0;0;2;12;3;"69";"69388";2;0;0
3;1;1;1970;5;1;0;0;3;5;1;"31";"31187";2;1;0
3;1;2;1986;5;1;0;0;30;3;1;"49";"49020";1;1;0
4;80;1;1991;5;0;0;0;16;8;2;"56";"56121";2;1;0
3;1;1;1951;5;0;0;1;3;1;2;"35";"35238";2;0;0
3;1;1;1951;5;1;0;0;5;5;1;"22";"22273";1;1;0
4;1;1;1996;0;1;0;0;14;2;1;"93";"93070";2;0;0
4;1;1;2003;9;1;0;0;21;9;1;"971";"97101";1;1;0
4;1;1;2000;9;1;0;0;21;9;1;"971";"97101";1;1;0
3;1;1;1964;0;1;0;0;16;8;1;"49";"49267";2;0;0
3;1;2;2002;5;1;0;0;3;1;1;"75";"75116";2;0;0
4;1;1;1989;9;0;0;0;2;1;3;"75";"75117";2;0;0
4;1;1;2006;0;1;0;0;1;12;1;"64";"64445";2;0;0
4;1;2;1996;0;0;0;0;14;2;1;"92";"92024";2;1;0
4;1;1;1988;0;1;0;0;24;1;1;"74";"74012";2;0;0
4;1;2;1985;3;1;0;0;17;9;1;"83";"83129";2;1;0
4;80;2;1990;1;1;0;0;3;1;1;"75";"75115";2;0;0
4;1;1;1996;5;1;0;0;15;2;3;"92";"92002";2;1;0
4;1;1;1964;1;1;0;0;3;1;1;"75";"75108";2;0;0
3;1;1;2009;5;1;0;0;16;2;1;"2A";"2A189";1;1;0
3;1;1;1957;5;1;0;0;11;6;1;"03";"03217";1;1;0
3;1;1;1987;0;1;0;0;3;5;1;"971";"97101";2;0;0
4;1;1;2001;0;0;0;0;27;3;1;"974";"97411";2;0;0
3;80;2;2005;0;1;0;0;10;6;1;"72";"72006";2;0;1
3;1;1;2011;5;1;0;0;12;7;1;"15";"15179";2;0;0
3;1;1;2010;5;1;0;0;12;7;1;"15";"15179";2;0;0
3;1;1;2012;5;0;0;0;27;3;1;"974";"97411";1;0;0
4;1;1;1996;5;1;0;0;13;7;1;"06";"06119";1;1;0
2;1;1;1939;-1;0;0;0;18;9;2;"72";"72181";2;0;0
4;1;1;1978;1;1;0;0;2;12;3;"38";"38423";2;1;0
4;1;1;1976;1;0;0;0;21;9;1;"64";"64122";2;0;0
4;1;1;1978;0;1;0;0;3;1;1;"92";"92026";2;1;0
4;1;1;1981;1;1;0;0;2;12;1;"35";"35238";2;0;0
3;1;1;1958;5;0;0;0;15;2;1;"80";"80288";1;1;0
4;1;2;1989;5;1;0;0;2;12;1;"35";"35238";2;0;0
4;1;1;1974;5;1;0;0;15;2;1;"63";"63187";1;1;0
4;80;1;1973;0;0;0;1;2;12;1;"33";"33522";2;1;0
4;1;1;1949;0;0;0;0;3;5;1;"64";"64269";2;0;0
4;1;2;1968;1;1;0;0;26;3;1;"72";"72181";2;0;0
3;1;1;1973;0;1;0;0;16;8;3;"94";"94054";2;0;0
4;1;1;1960;0;1;0;0;3;5;1;"64";"64445";2;1;0
3;1;1;1994;1;1;0;0;10;6;1;"34";"34289";1;0;0
4;1;1;2008;5;0;0;0;27;3;1;"71";"71486";2;0;0
3;1;1;1982;0;0;0;0;21;9;1;"38";"38179";2;0;0
3;1;1;2015;0;1;0;0;15;8;1;"93";"93010";2;0;0
4;1;1;1968;4;1;0;0;11;6;1;"01";"01249";2;1;0
2;80;2;1966;5;1;0;0;10;6;1;"56";"56114";1;0;0
4;80;2;1998;1;1;0;0;3;5;1;"37";"37261";2;1;0
3;1;1;1995;5;0;0;0;27;10;1;"59";"59535";1;1;0
4;1;2;1951;9;0;0;1;3;5;2;"34";"34301";2;0;0
3;1;1;2011;5;1;0;0;9;7;1;"38";"38455";2;1;0
4;1;1;2005;9;1;0;0;2;12;1;"75";"75120";2;0;0
3;1;1;1996;9;0;0;0;15;2;1;"38";"38401";1;0;0
4;1;2;2007;2;1;0;0;27;3;1;"51";"51454";2;0;0
4;1;1;1986;0;1;0;0;21;9;3;"13";"13103";2;0;0
4;1;1;1999;9;1;0;0;2;12;2;"75";"75116";2;0;0
2;1;1;1952;5;0;0;0;15;2;1;"85";"85250";1;1;0
4;1;1;2005;1;1;0;0;27;3;1;"49";"49267";2;0;0
3;1;1;1967;9;1;0;0;2;12;3;"75";"75112";2;0;0
3;1;1;2008;5;0;0;0;16;8;1;"65";"65388";1;1;0
4;1;2;1963;0;1;0;0;3;5;1;"29";"29039";2;0;0
3;1;1;1960;0;1;0;1;21;9;1;"06";"06159";2;1;0
4;1;2;1978;5;0;0;0;2;12;3;"75";"75109";2;0;0
4;1;2;1992;5;1;0;0;8;6;1;"85";"85194";2;1;0
4;1;2;1981;5;0;0;0;17;8;1;"29";"29025";1;1;0
4;1;2;1998;9;1;0;0;21;9;3;"75";"75111";2;0;0
4;1;2;1995;2;0;0;0;2;12;1;"93";"93030";2;0;0
4;1;2;1978;0;1;0;0;25;10;1;"988";"98818";2;1;0
4;1;1;2005;1;0;1;0;21;9;3;"94";"94068";2;0;0
4;1;1;2018;0;0;0;1;13;2;2;"973";"97302";2;0;0
3;1;1;1962;0;1;0;0;3;5;1;"06";"06088";2;1;0
2;1;1;1964;1;1;0;0;25;10;1;"95";"95323";2;1;0
4;1;2;1988;9;1;0;0;27;3;3;"75";"75118";2;0;0
3;1;1;2014;5;1;0;0;8;6;1;"62";"62178";2;0;0
4;1;1;1961;5;1;0;0;14;2;1;"2A";"2A004";2;1;0
4;1;1;2004;0;1;0;0;24;10;1;"91";"91286";2;0;0
4;1;2;1979;5;1;0;0;17;8;1;"13";"13044";2;1;0
4;1;1;2011;5;1;0;0;9;6;1;"51";"51108";2;0;0
4;1;1;1976;0;1;0;0;9;6;2;"42";"42218";2;0;0
4;80;1;1999;0;1;0;0;11;7;1;"69";"69388";2;0;0
2;1;1;1938;5;0;0;0;22;9;1;"73";"73085";2;1;0
4;80;2;1984;9;0;0;0;3;5;1;"75";"75104";2;0;0
3;1;1;2014;5;1;0;0;21;9;1;"974";"97401";2;0;0
3;1;1;1966;5;1;0;0;16;8;1;"66";"66017";2;1;0
4;1;2;2008;2;1;0;0;13;2;1;"56";"56121";2;1;0
3;1;2;1982;2;1;0;0;2;12;2;"27";"27112";1;1;0
4;80;1;1957;0;0;0;1;24;10;1;"76";"76351";2;1;0
4;1;2;1960;0;1;0;0;14;2;1;"47";"47001";2;1;0
3;80;1;1970;5;0;1;0;27;3;2;"974";"97404";2;1;0
3;80;1;1955;5;1;0;0;20;9;1;"61";"61476";1;1;0
3;1;1;1945;5;0;0;0;2;12;3;"83";"83119";2;0;0
3;80;1;1950;5;1;0;0;2;12;1;"13";"13085";1;1;0
3;1;1;1990;9;0;0;0;9;6;1;"75";"75103";2;0;0
4;1;1;1987;0;1;0;0;15;8;3;"974";"97407";2;0;0
3;1;1;1995;5;1;0;0;19;3;1;"09";"09264";2;1;0
4;1;1;2000;5;1;0;0;9;6;1;"75";"75104";2;0;0
4;1;2;2007;0;0;0;1;15;8;1;"69";"69387";2;0;0
4;80;2;1966;1;1;0;0;11;7;1;"64";"64445";2;1;0
4;1;1;1979;1;1;0;0;14;2;3;"75";"75111";2;0;0
3;1;1;1988;5;1;0;0;11;7;1;"64";"64125";2;0;0
4;80;1;1988;1;0;0;0;14;2;1;"75";"75110";2;1;0
3;1;1;1968;5;1;0;0;14;8;1;"80";"80001";2;1;0
4;1;1;2000;5;1;0;0;6;7;1;"62";"62510";2;0;0
4;1;1;1958;5;1;0;0;11;7;1;"62";"62178";2;1;0
4;80;2;1971;0;1;0;0;24;10;3;"49";"49007";2;0;0
3;1;1;1988;5;1;0;0;15;8;1;"76";"76457";1;1;0
4;1;1;1984;5;1;0;0;15;8;1;"37";"37261";2;1;0
3;1;2;1951;5;0;0;0;21;9;1;"85";"85113";1;0;0
4;1;1;1956;5;1;0;0;10;6;1;"79";"79216";2;0;0
4;1;1;1980;0;1;0;0;1;12;2;"76";"76216";2;0;0
3;1;1;1969;5;1;0;0;1;12;1;"76";"76108";2;0;0
4;1;1;1943;0;1;0;0;15;8;1;"31";"31555";2;1;0
4;1;1;1980;1;1;0;0;11;7;1;"35";"35238";2;0;0
3;1;1;1966;5;1;0;0;9;6;1;"73";"73270";2;1;0
4;1;1;1967;5;1;0;0;9;6;1;"73";"73270";2;1;0
3;1;1;1941;0;1;0;0;9;6;1;"16";"16362";1;1;0
4;1;1;1973;0;1;0;0;9;6;1;"16";"16362";1;1;0
4;1;1;1978;5;1;0;0;1;12;1;"37";"37233";2;0;0
3;80;1;2012;5;0;0;0;9;6;1;"16";"16101";1;0;0
4;80;1;1999;4;0;0;0;25;10;1;"75";"75117";2;1;0
4;1;2;2011;0;1;0;0;30;11;1;"31";"31555";2;0;0
4;1;1;1957;5;1;0;0;28;3;1;"07";"07078";2;0;0
3;1;1;1970;5;0;0;0;25;3;1;"85";"85291";1;1;0
4;1;1;1969;0;1;0;0;2;1;3;"69";"69388";2;1;0
4;1;1;1965;9;1;0;0;14;8;1;"75";"75104";2;1;0
4;1;2;1996;5;0;0;0;14;2;1;"65";"65272";2;1;0
4;1;1;1988;5;1;0;0;15;8;1;"75";"75119";2;1;0
4;1;1;1997;5;0;0;1;15;8;1;"75";"75118";2;0;0
4;80;1;1997;5;1;0;0;15;8;1;"75";"75113";2;0;0
4;80;1;1979;1;1;0;0;3;5;1;"94";"94003";2;0;0
4;80;1;1955;5;0;0;0;20;9;1;"56";"56260";2;0;0
4;80;1;1986;4;1;0;0;1;10;1;"75";"75103";2;0;0
4;1;1;2010;2;1;0;0;20;9;1;"56";"56121";2;0;0
4;1;1;1982;1;1;0;0;24;1;1;"11";"11262";2;0;0
4;1;1;1992;9;1;0;0;25;10;3;"75";"75115";2;0;0
4;1;2;2005;9;0;0;0;25;10;3;"75";"75115";2;0;0
4;1;1;1995;9;0;0;0;25;10;3;"75";"75115";2;0;0
4;1;2;1970;1;1;0;0;19;9;1;"37";"37122";2;1;0
4;1;1;1961;1;0;1;0;20;9;1;"35";"35238";2;1;1
4;1;2;1981;3;1;0;0;3;5;1;"92";"92049";2;0;0
3;1;1;1950;0;0;1;0;11;7;1;"13";"13063";2;1;0
3;1;1;1993;5;0;0;0;15;8;1;"05";"05027";1;1;0
3;80;1;1993;5;0;0;0;27;4;3;"12";"12301";2;0;0
4;1;1;1966;5;0;0;0;8;6;1;"77";"77177";2;1;0
4;1;1;1989;0;1;0;0;26;3;1;"91";"91377";2;0;0
3;1;1;2007;5;1;0;0;10;7;1;"03";"03185";2;0;0
4;1;1;2016;5;1;0;0;21;3;1;"78";"78029";2;0;0
4;1;1;1987;9;1;0;0;1;12;1;"75";"75119";2;0;0
4;1;1;2005;5;1;0;0;30;11;3;"75";"75113";2;0;0
4;1;2;2001;1;0;0;1;2;1;1;"75";"75115";2;1;0
3;80;1;1992;5;1;0;0;24;10;2;"92";"92060";2;0;0
4;1;1;1969;0;1;0;0;25;3;1;"69";"69271";1;0;0
4;1;1;1975;9;1;0;0;30;11;3;"75";"75109";2;1;0
4;1;1;2000;1;1;0;0;25;3;1;"69";"69259";2;0;0
4;1;2;1991;1;0;0;0;12;2;1;"974";"97411";2;0;0
4;1;2;2005;5;0;0;0;11;7;1;"75";"75110";2;0;0
3;1;1;1953;5;1;0;0;10;8;1;"84";"84046";1;1;0
4;1;2;1990;1;1;0;0;25;10;3;"92";"92002";2;1;0
4;80;2;1970;5;0;0;0;11;7;3;"75";"75107";2;0;0
4;1;1;1964;9;1;0;0;1;12;1;"75";"75115";2;1;0
4;1;1;1947;5;1;0;0;25;10;1;"42";"42069";2;1;0
4;1;1;1982;0;1;0;0;26;3;1;"63";"63113";2;0;0
3;1;2;1983;3;1;0;0;3;5;2;"987";"98740";1;0;0
4;1;1;2003;0;1;0;0;12;2;3;"84";"84007";2;0;0
4;1;1;1994;5;1;0;0;19;9;3;"75";"75105";2;1;0
3;1;1;1949;5;0;0;0;23;10;1;"56";"56179";2;1;0
4;1;1;1983;4;0;1;0;18;9;3;"75";"75120";2;0;0
3;1;1;2011;5;1;0;0;3;5;1;"21";"21295";2;0;0
4;1;1;2000;5;1;0;0;30;11;3;"92";"92040";2;0;0
4;1;1;1978;5;1;0;0;16;8;1;"13";"13038";2;1;0
4;1;1;1962;1;0;0;0;11;7;1;"92";"92073";2;0;0
4;1;1;2003;5;0;0;0;20;9;1;"75";"75115";2;0;0
3;1;1;1994;5;1;0;0;12;6;3;"976";"97608";2;0;0
4;80;1;1969;1;1;0;0;25;3;1;"44";"44069";2;1;0
4;1;1;1992;0;1;0;0;30;5;1;"44";"44109";2;0;0
4;1;1;1951;5;1;0;0;2;12;1;"01";"01004";2;0;0
4;1;1;1947;3;1;0;0;26;10;1;"29";"29174";2;0;1
4;1;1;1987;1;0;0;0;19;9;1;"75";"75115";2;1;0
3;1;1;1957;5;1;0;0;15;9;1;"33";"33349";1;1;0
4;1;1;2008;2;1;0;0;13;2;2;"76";"76351";2;1;0
4;1;1;1945;3;1;0;0;25;10;1;"36";"36154";2;0;0
4;1;1;1960;4;0;0;0;20;9;1;"75";"75114";2;1;0
3;1;1;1958;0;1;0;0;11;7;1;"42";"42166";1;0;0
3;1;1;2000;1;1;0;0;26;3;1;"31";"31149";2;0;0
4;1;1;1945;3;1;0;0;26;3;1;"25";"25580";2;0;0
4;80;1;1954;5;1;0;0;1;12;1;"65";"65291";2;0;0
4;1;2;1995;9;1;0;0;20;9;1;"75";"75107";2;0;0
3;1;2;1952;0;1;0;0;25;3;1;"21";"21355";2;1;0
4;1;1;1999;5;1;0;0;12;2;3;"64";"64445";2;0;0
3;1;1;1955;5;0;0;0;1;12;1;"29";"29184";1;1;0
3;1;1;1995;5;1;0;0;15;8;1;"33";"33077";2;0;0
3;1;1;1964;9;1;0;0;2;1;2;"77";"77493";1;0;0
3;1;1;1947;5;1;0;0;3;1;1;"73";"73179";1;0;0
4;1;1;1950;5;1;0;0;6;6;1;"83";"83123";2;1;0
3;1;2;1973;0;1;0;0;12;2;2;"59";"59008";1;0;0
4;1;1;2001;1;1;0;0;3;1;1;"42";"42022";2;0;0
4;80;2;1999;5;1;0;0;26;3;3;"75";"75117";2;0;0
4;1;1;1987;1;1;0;0;12;2;1;"54";"54395";2;1;0
4;1;2;1973;5;1;0;0;26;3;3;"75";"75114";2;0;0
4;1;1;1950;5;1;0;0;19;9;1;"92";"92025";2;0;0
4;80;2;1970;1;1;0;0;30;4;1;"76";"76351";2;1;0
4;1;1;1969;0;1;0;0;7;6;1;"69";"69092";2;1;0
4;1;1;1985;4;1;0;0;26;3;1;"75";"75113";2;0;0
4;1;1;2006;2;0;0;0;2;5;1;"71";"71270";2;1;0
4;1;2;1997;1;1;0;0;26;3;1;"75";"75112";2;0;0
4;1;1;1969;3;1;0;0;11;7;1;"31";"31582";2;0;0
4;1;2;2004;5;1;0;0;25;3;1;"75";"75111";2;0;0
3;1;1;1967;5;1;0;0;11;7;1;"02";"02061";1;1;0
3;1;2;2019;5;1;0;0;11;7;1;"14";"14092";2;1;0
4;1;1;1994;5;1;0;0;1;1;3;"974";"97411";2;0;0
4;80;2;1986;1;0;0;0;26;3;1;"75";"75104";2;0;0
4;1;1;2001;1;1;0;0;6;6;1;"32";"32013";2;0;0
3;1;1;1949;0;1;0;0;8;7;1;"16";"16292";2;0;0
4;1;1;1997;0;1;0;0;13;2;1;"35";"35238";2;0;0
4;80;1;1974;1;0;0;0;8;6;1;"56";"56121";2;0;0
4;1;1;2011;5;0;0;0;3;6;1;"32";"32013";2;1;0
3;1;1;2013;5;0;0;0;11;7;1;"53";"53096";2;0;0
4;1;1;2001;1;1;0;0;2;5;1;"51";"51055";2;0;0
4;1;1;1963;5;1;0;0;24;4;1;"32";"32013";2;1;0
4;1;2;1988;0;0;0;0;13;8;1;"64";"64129";2;0;0
4;1;2;1990;0;1;0;0;2;5;1;"49";"49246";1;0;0
4;1;1;2007;1;1;0;0;2;5;2;"49";"49007";2;0;0
4;1;1;1992;0;1;0;0;13;2;3;"30";"30007";2;0;0
4;1;1;2007;0;1;0;0;12;2;1;"26";"26362";1;1;0
4;1;1;2010;2;1;0;0;26;3;1;"92";"92014";2;1;0
4;1;1;1984;5;1;0;0;2;5;1;"29";"29232";2;1;0
4;1;1;1964;5;1;0;0;13;2;1;"26";"26058";2;1;0
3;1;1;1995;5;1;0;0;11;7;1;"974";"97418";2;0;0
4;80;1;1998;1;1;0;0;8;6;1;"35";"35238";2;0;0
4;1;1;1972;0;1;0;0;2;5;1;"22";"22106";2;0;0
4;1;1;1991;5;1;0;0;13;8;1;"56";"56121";2;1;0
2;80;1;1949;5;1;0;0;2;12;2;"22";"22389";2;1;0
4;1;1;1998;9;0;0;1;1;1;3;"75";"75120";2;0;0
4;1;1;1976;0;0;0;0;8;6;1;"27";"27229";2;1;0
4;1;1;1969;5;1;0;0;1;1;1;"75";"75114";2;0;0
4;1;2;1997;1;0;0;1;1;1;3;"75";"75101";2;0;0
4;1;1;1959;5;1;0;0;21;9;1;"88";"88165";2;1;0
2;1;1;1944;0;1;0;0;24;10;1;"77";"77108";2;0;0
4;1;1;1939;9;1;0;0;11;7;1;"07";"07324";2;0;0
4;1;1;1958;5;1;0;0;12;7;1;"01";"01301";2;0;0
3;1;1;1994;5;1;0;0;13;2;1;"75";"75110";2;0;0
4;80;2;1994;5;0;0;1;2;5;3;"75";"75109";2;0;0
4;1;1;1979;9;1;0;0;2;5;1;"75";"75108";2;1;0
4;1;2;1963;1;1;0;0;13;2;3;"75";"75120";2;1;1
4;1;1;1989;0;0;0;0;23;10;1;"76";"76351";2;1;0
4;1;1;1985;0;0;0;0;23;10;1;"76";"76351";2;1;0
4;1;1;1948;9;0;1;0;9;7;1;"33";"33234";1;1;0
4;1;1;1998;1;0;0;0;13;2;2;"75";"75111";2;0;0
4;1;1;1969;5;1;0;0;13;2;1;"75";"75107";2;1;0
4;80;2;1997;1;0;0;0;13;2;1;"75";"75104";2;0;0
4;1;2;1956;9;1;0;0;8;6;1;"75";"75114";2;0;0
3;80;2;2006;5;1;0;0;1;1;1;"56";"56193";1;0;0
4;1;1;2005;9;1;0;0;8;6;2;"75";"75107";2;0;0
4;1;2;1995;0;0;0;0;14;8;1;"75";"75120";2;0;0
4;1;1;1998;0;0;0;1;8;6;1;"75";"75110";2;0;0
4;1;1;2001;9;0;0;0;8;6;1;"75";"75107";2;0;0
4;1;2;1995;1;1;0;0;13;2;1;"93";"93048";2;0;0
2;80;1;1937;5;1;0;0;24;10;1;"53";"53130";2;1;1
4;1;1;1997;5;0;0;0;8;6;3;"75";"75104";2;0;0
4;1;2;1991;1;0;1;0;2;5;1;"93";"93008";2;0;1
4;1;1;2009;0;1;0;0;24;10;1;"47";"47323";1;0;0
4;80;2;1966;1;0;0;0;10;7;1;"69";"69385";2;1;0
4;1;1;2015;5;1;0;0;14;8;1;"93";"93066";2;0;0
4;1;1;1993;5;1;0;0;8;6;1;"93";"93070";2;0;0
4;1;2;1992;2;0;0;0;2;5;1;"92";"92002";2;1;0
4;1;1;1996;5;1;0;0;8;6;1;"93";"93046";2;1;0
4;1;1;1965;0;0;0;1;14;2;1;"03";"03158";1;1;0
4;1;1;1978;5;0;0;0;8;6;1;"92";"92072";1;0;0
4;80;1;1953;0;0;0;0;8;6;1;"92";"92047";2;1;0
4;1;1;1972;0;1;0;0;30;11;1;"72";"72181";2;0;0
4;1;2;1955;5;1;0;0;10;2;1;"50";"50550";2;1;0
3;1;1;1976;5;1;0;0;1;1;1;"31";"31187";2;1;1
4;1;1;2003;9;1;0;0;13;2;1;"83";"83102";2;1;0
4;1;1;1970;5;1;0;0;15;8;1;"41";"41031";2;0;0
4;1;1;2017;5;0;0;0;8;6;1;"92";"92002";2;1;0
3;1;1;1973;1;1;0;0;9;7;1;"67";"67180";2;0;0
2;1;1;1945;5;0;0;0;15;8;1;"56";"56067";1;1;0
4;1;1;1974;5;1;0;0;30;11;1;"64";"64024";2;0;0
4;1;2;1954;0;1;0;0;19;9;1;"69";"69388";2;1;0
3;1;1;1977;5;1;0;0;9;6;1;"74";"74191";2;1;0
3;1;1;1963;5;1;0;0;2;5;1;"68";"68365";1;0;0
4;1;1;1983;0;1;0;0;29;11;2;"59";"59599";2;1;0
4;1;1;2000;1;1;0;0;9;7;1;"56";"56121";2;0;0
3;1;1;1955;5;1;0;0;7;7;1;"69";"69108";1;0;0
4;80;2;1970;3;1;0;0;30;11;1;"56";"56121";2;1;0
2;1;1;1955;5;0;0;0;7;6;1;"06";"06022";2;1;0
3;1;1;2004;9;0;0;1;3;5;1;"31";"31144";1;1;0
3;1;1;1970;5;1;0;0;9;6;1;"67";"67281";1;1;0
4;1;1;2010;5;1;0;0;9;7;1;"54";"54395";2;0;0
3;80;1;2008;1;0;0;0;14;8;1;"29";"29028";2;1;0
3;1;1;1971;9;1;0;0;23;10;3;"75";"75116";2;0;0
4;1;1;1994;4;1;0;0;21;3;1;"88";"88160";2;0;0
4;1;2;1981;1;1;0;0;30;11;1;"49";"49007";2;0;0
4;1;1;1998;9;1;0;0;24;10;1;"75";"75106";2;0;0
4;1;1;1971;5;1;0;0;22;3;1;"87";"87085";1;1;0
4;1;1;1995;5;1;0;0;30;11;1;"47";"47031";1;1;0
4;1;1;2006;1;1;0;0;21;3;1;"77";"77373";2;1;0
4;1;2;2000;9;0;1;0;24;10;1;"75";"75119";2;1;0
3;80;2;1974;1;1;0;0;3;5;1;"53";"53147";2;1;0
4;1;1;2000;1;1;0;0;24;10;1;"75";"75115";2;0;0
3;1;1;1949;5;1;0;0;15;8;1;"50";"50272";2;1;0
4;1;2;1999;1;1;0;0;19;9;1;"81";"81004";2;0;0
4;80;1;1976;4;1;0;0;22;10;1;"75";"75114";2;1;0
2;1;1;1961;5;0;0;0;28;7;1;"04";"04176";2;1;0
3;1;1;1932;5;1;0;0;14;8;1;"37";"37273";1;1;0
4;1;1;1993;4;1;0;0;25;3;1;"51";"51454";2;0;0
3;80;1;1964;5;0;0;0;15;8;3;"83";"83065";2;1;0
4;1;1;1992;0;0;0;0;15;8;3;"83";"83065";2;0;0
4;1;1;1953;5;0;0;0;9;6;1;"54";"54399";1;1;0
4;1;1;1974;5;0;0;0;9;6;1;"54";"54399";1;1;0
4;1;1;1983;1;1;0;0;18;9;1;"67";"67482";2;0;0
3;80;1;1998;5;0;0;0;29;11;3;"75";"75117";2;0;0
3;1;1;1964;5;1;0;0;17;2;1;"13";"13026";2;1;0
4;1;1;1985;1;1;0;0;25;3;1;"47";"47001";2;0;0
4;1;1;1995;0;1;0;0;23;10;1;"93";"93050";2;0;0
3;1;2;1963;5;1;0;0;3;5;1;"38";"38475";1;1;0
4;1;2;1977;9;1;0;0;30;11;3;"75";"75106";2;0;0
4;1;2;1973;5;0;0;1;15;8;1;"73";"73034";1;1;0
4;1;2;2005;1;0;0;0;30;11;3;"75";"75115";2;1;0
3;1;1;1991;9;1;0;0;24;10;2;"47";"47069";2;0;0
4;1;2;1992;5;0;0;0;30;11;1;"75";"75110";2;0;0
3;1;1;1981;5;1;0;0;8;6;1;"28";"28247";1;0;0
4;1;1;1997;5;0;0;0;10;7;3;"75";"75119";2;1;0
4;1;1;1996;9;0;0;0;30;11;3;"75";"75103";2;0;0
3;1;2;2010;5;1;0;0;25;10;1;"49";"49381";2;0;0
4;1;1;2003;5;1;0;0;10;7;3;"75";"75115";2;0;0
3;1;1;1964;5;0;0;0;8;6;1;"84";"84105";2;1;0
4;1;1;1991;5;1;0;0;10;7;1;"75";"75111";2;0;0
3;80;1;1999;0;0;0;1;10;7;3;"94";"94080";2;0;0
4;1;1;1998;0;0;0;0;10;7;1;"94";"94073";1;0;0
4;1;1;1961;5;1;0;0;30;11;1;"92";"92022";2;1;0
